date_idx,date,NoDur,Durbl,Manuf,Enrgy,HiTec,Telcm,Shops,Hlth,Utils,Other
4528,2018-01-02,0.169489,0.016093,0.094835,0.028017,0.066836,0.127826,0.133985,0.120182,0.182086,0.060650
4549,2018-02-01,0.158496,0.014426,0.094065,0.045700,0.079443,0.124050,0.125362,0.113051,0.178714,0.066691
4570,2018-03-05,0.157526,0.019489,0.087190,0.048582,0.074526,0.120657,0.127245,0.110138,0.182111,0.072535
4591,2018-04-04,0.163631,0.018068,0.084763,0.055399,0.062535,0.127962,0.115524,0.107853,0.195540,0.068725
4612,2018-05-03,0.161178,0.014407,0.079540,0.061330,0.054545,0.131066,0.112208,0.104199,0.206362,0.075165
4633,2018-06-04,0.162706,0.016911,0.079195,0.059798,0.054769,0.128775,0.114767,0.103338,0.205737,0.074005
4654,2018-07-03,0.160275,0.028123,0.084014,0.064020,0.059246,0.116429,0.104182,0.101301,0.194688,0.087721
4675,2018-08-02,0.159327,0.028675,0.080560,0.066730,0.057158,0.118022,0.105564,0.095994,0.194894,0.093076
4696,2018-08-31,0.157646,0.027130,0.079193,0.066373,0.057286,0.116835,0.105618,0.098544,0.198403,0.092972
4717,2018-10-02,0.157911,0.030918,0.077150,0.074031,0.054912,0.115357,0.101798,0.098282,0.200595,0.089045
4738,2018-10-31,0.169555,0.038053,0.074529,0.069617,0.039146,0.106592,0.093533,0.096699,0.224732,0.087544
4759,2018-11-30,0.178321,0.039352,0.073663,0.064871,0.031349,0.110253,0.083353,0.094082,0.239049,0.085706
4779,2019-01-02,0.194686,0.038040,0.068646,0.047061,0.023056,0.124914,0.069111,0.087636,0.260834,0.086016
4800,2019-02-01,0.196295,0.040138,0.066112,0.048576,0.011838,0.128290,0.069557,0.080745,0.267171,0.091277
4821,2019-03-05,0.196397,0.041241,0.064002,0.048591,0.010836,0.126868,0.070159,0.080366,0.269952,0.091587
4842,2019-04-03,0.195925,0.041393,0.064591,0.049085,0.006388,0.127955,0.068413,0.080540,0.275128,0.090582
4863,2019-05-03,0.195645,0.040494,0.064003,0.049191,0.009980,0.127373,0.067399,0.078340,0.274034,0.093542
4884,2019-06-04,0.192681,0.038204,0.059787,0.047368,0.008718,0.131400,0.068871,0.077378,0.280604,0.094989
4905,2019-07-03,0.194737,0.036310,0.059641,0.049846,0.006366,0.133422,0.071020,0.075919,0.279799,0.092941
4926,2019-08-02,0.193641,0.034961,0.060440,0.052337,0.004302,0.134650,0.071953,0.075379,0.282748,0.089590
4947,2019-09-03,0.196938,0.031218,0.059141,0.043149,0.000997,0.140029,0.072092,0.077894,0.291767,0.086776
4968,2019-10-02,0.198903,0.028398,0.057374,0.044520,0.000604,0.137828,0.072256,0.078413,0.294812,0.086892
4989,2019-10-31,0.197453,0.028829,0.055579,0.042105,0.000308,0.142325,0.074556,0.077921,0.296738,0.084185
5010,2019-12-02,0.198983,0.031770,0.055695,0.039712,0.000191,0.142400,0.075955,0.076825,0.295114,0.083355
5031,2020-01-02,0.197968,0.029713,0.056084,0.037482,0.000066,0.145358,0.076907,0.075925,0.296118,0.084379
5031,2020-01-02,0.197968,0.029713,0.056084,0.037482,0.000066,0.145358,0.076907,0.075925,0.296118,0.084379
5052,2020-02-03,0.194918,0.027493,0.056081,0.038062,0.000041,0.147018,0.082000,0.078606,0.296552,0.079229
5073,2020-03-04,0.200050,0.004359,0.064706,0.038346,0.000138,0.161464,0.080429,0.094282,0.279063,0.077163
5094,2020-04-02,0.237696,0.000008,0.000003,0.000000,0.000001,0.229972,0.205794,0.200701,0.125824,0.000001
5115,2020-05-04,0.262619,0.000038,0.000043,0.000007,0.000011,0.227242,0.214702,0.211066,0.084262,0.000010
5136,2020-06-03,0.265114,0.000016,0.000016,0.000003,0.000006,0.215483,0.219369,0.224526,0.075462,0.000005
5157,2020-07-02,0.259293,0.000005,0.000005,0.000001,0.000003,0.216036,0.228253,0.226755,0.069647,0.000002
5178,2020-08-03,0.256917,0.000003,0.000004,0.000001,0.000002,0.213397,0.226363,0.231135,0.072175,0.000001
5199,2020-09-01,0.258162,0.000003,0.000004,0.000001,0.000002,0.215731,0.224263,0.230755,0.071078,0.000001
5220,2020-10-01,0.260824,0.000002,0.000003,0.000001,0.000002,0.226058,0.210300,0.229624,0.073186,0.000001
5241,2020-10-30,0.249312,0.000001,0.000003,0.000001,0.000002,0.234455,0.216402,0.235578,0.064245,0.000001
5262,2020-12-01,0.244198,0.000001,0.000004,0.000001,0.000002,0.233151,0.227032,0.240409,0.055201,0.000001
5283,2020-12-31,0.233868,0.000002,0.000007,0.000001,0.000003,0.222689,0.252143,0.252201,0.039083,0.000002
5284,2021-01-04,0.233956,0.000002,0.000007,0.000001,0.000003,0.222496,0.252523,0.252231,0.038777,0.000002
5305,2021-02-03,0.237195,0.000003,0.000010,0.000002,0.000004,0.212853,0.256812,0.260700,0.032418,0.000003
5326,2021-03-05,0.239705,0.000002,0.000009,0.000002,0.000004,0.214893,0.253501,0.259041,0.032841,0.000002
5347,2021-04-06,0.236938,0.000002,0.000010,0.000002,0.000004,0.213385,0.255094,0.260805,0.033759,0.000003
5368,2021-05-05,0.233797,0.000002,0.000009,0.000002,0.000003,0.212829,0.254013,0.263725,0.035617,0.000002
5389,2021-06-04,0.236773,0.000004,0.000018,0.000003,0.000006,0.212959,0.254511,0.271063,0.024659,0.000004
5410,2021-07-06,0.236797,0.000004,0.000021,0.000003,0.000007,0.213476,0.256341,0.271099,0.022246,0.000005
5431,2021-08-04,0.240328,0.000005,0.000022,0.000004,0.000008,0.216403,0.251466,0.272653,0.019105,0.000006
5452,2021-09-02,0.237916,0.000011,0.000053,0.000008,0.000019,0.215653,0.258076,0.276926,0.011325,0.000013
5473,2021-10-04,0.237820,0.000000,0.000002,0.000000,0.000001,0.215485,0.258570,0.279301,0.008820,0.000001
5494,2021-11-02,0.241083,0.000000,0.000002,0.000000,0.000001,0.210556,0.259764,0.279586,0.009006,0.000001
5515,2021-12-02,0.239500,0.000000,0.000002,0.000000,0.000001,0.206543,0.257178,0.286362,0.010414,0.000000
5536,2022-01-03,0.239785,0.000000,0.000002,0.000000,0.000001,0.206782,0.256482,0.287073,0.009874,0.000000
5536,2022-01-03,0.239785,0.000000,0.000002,0.000000,0.000001,0.206782,0.256482,0.287073,0.009874,0.000000
5557,2022-02-02,0.253446,0.000009,0.000048,0.000007,0.000015,0.201296,0.242993,0.286908,0.015267,0.000011
5578,2022-03-04,0.255059,0.000005,0.000024,0.000004,0.000008,0.198332,0.234560,0.286908,0.025095,0.000006
5599,2022-04-04,0.237956,0.000003,0.028163,0.000020,0.002591,0.161666,0.167647,0.230930,0.171006,0.000018
5620,2022-05-04,0.224653,0.000004,0.051740,0.000028,0.015316,0.145213,0.134373,0.212942,0.215574,0.000156
5641,2022-06-03,0.214759,0.000011,0.061560,0.000111,0.001143,0.166413,0.104237,0.205886,0.241774,0.004105
5662,2022-07-06,0.232604,0.000002,0.068982,0.010751,0.000040,0.163930,0.080212,0.197641,0.227994,0.017845
5683,2022-08-04,0.241767,0.000001,0.067619,0.015555,0.000009,0.164560,0.067502,0.196787,0.230899,0.015301
5704,2022-09-02,0.248192,0.000002,0.059081,0.022822,0.000011,0.162955,0.062302,0.196005,0.238831,0.009800
5725,2022-10-04,0.261581,0.000001,0.054878,0.020733,0.000006,0.143490,0.061624,0.210153,0.229599,0.017935
5746,2022-11-02,0.271081,0.000002,0.042697,0.035402,0.000010,0.142749,0.066942,0.218883,0.212215,0.010019
5767,2022-12-02,0.278388,0.000021,0.032838,0.056721,0.000053,0.141262,0.041123,0.222138,0.210175,0.017281
5787,2023-01-03,0.282827,0.000024,0.030541,0.057806,0.000046,0.140283,0.033404,0.225324,0.212331,0.017413
5808,2023-02-02,0.275252,0.000020,0.029800,0.059865,0.000037,0.142819,0.025273,0.227071,0.216788,0.023073
5829,2023-03-06,0.278156,0.000034,0.030943,0.062601,0.000047,0.140425,0.019551,0.228931,0.209086,0.030226
5850,2023-04-04,0.286585,0.000029,0.031275,0.063283,0.000052,0.141709,0.022587,0.230841,0.202150,0.021489
5871,2023-05-04,0.293836,0.000025,0.035310,0.061965,0.000049,0.131553,0.026872,0.232114,0.197647,0.020630
5892,2023-06-05,0.295436,0.000026,0.033990,0.058899,0.000067,0.130856,0.031168,0.228530,0.199428,0.021598
5913,2023-07-06,0.296567,0.000027,0.032045,0.061455,0.000069,0.126452,0.027708,0.231970,0.201057,0.022650
5934,2023-08-04,0.295189,0.000023,0.038249,0.063537,0.000059,0.121312,0.027468,0.229604,0.194832,0.029726
5955,2023-09-05,0.294142,0.000020,0.037470,0.067921,0.000054,0.120221,0.027921,0.230459,0.192940,0.028851
5976,2023-10-04,0.295705,0.000022,0.039946,0.072530,0.000067,0.122352,0.024911,0.231378,0.183837,0.029252
5997,2023-11-02,0.288937,0.000016,0.039702,0.074746,0.000058,0.119180,0.026671,0.234628,0.182824,0.033238
6018,2023-12-04,0.294103,0.000014,0.039535,0.079512,0.000060,0.122702,0.024643,0.226522,0.179216,0.033693
6037,2024-01-02,0.292191,0.000014,0.039739,0.083268,0.000069,0.124197,0.026118,0.221788,0.173173,0.039442
6058,2024-02-01,0.287731,0.000011,0.041894,0.083132,0.000065,0.123833,0.032114,0.222807,0.164634,0.043778
6079,2024-03-04,0.278911,0.000013,0.043935,0.078115,0.000124,0.123142,0.036959,0.229235,0.158637,0.050928
6100,2024-04-03,0.282957,0.000021,0.049061,0.068312,0.000344,0.117697,0.040505,0.231405,0.146888,0.062810
6121,2024-05-02,0.275728,0.000020,0.048548,0.070387,0.000505,0.115889,0.048000,0.239455,0.139034,0.062435
6142,2024-06-03,0.270224,0.000006,0.048072,0.080725,0.001987,0.108622,0.086106,0.229451,0.112536,0.062270
6163,2024-07-03,0.250303,0.000019,0.055264,0.079130,0.022067,0.097669,0.085437,0.229053,0.113583,0.067475
6184,2024-08-02,0.240795,0.000016,0.050628,0.090865,0.030875,0.092090,0.089869,0.224136,0.110333,0.070393
6205,2024-09-03,0.245074,0.000009,0.058139,0.081472,0.030284,0.096452,0.090525,0.218467,0.106686,0.072892
6226,2024-10-02,0.235866,0.000010,0.057615,0.086584,0.030462,0.102447,0.100344,0.211432,0.107625,0.067616
6247,2024-10-31,0.220911,0.000011,0.064663,0.089389,0.042868,0.100137,0.100139,0.197302,0.118030,0.066550
6268,2024-12-02,0.211143,0.000006,0.066372,0.090994,0.068040,0.104643,0.099468,0.175664,0.120738,0.062933
6289,2025-01-02,0.210067,0.000004,0.065628,0.096825,0.082031,0.104283,0.099376,0.169435,0.115677,0.056672
6289,2025-01-02,0.210067,0.000004,0.065628,0.096825,0.082031,0.104283,0.099376,0.169435,0.115677,0.056672
6310,2025-02-04,0.204211,0.000004,0.065288,0.098790,0.090480,0.108048,0.102967,0.164914,0.111810,0.053489
6331,2025-03-06,0.202204,0.000003,0.062768,0.093274,0.094586,0.111369,0.106625,0.165156,0.114677,0.049338
6352,2025-04-04,0.212158,0.000005,0.060494,0.089822,0.084164,0.112993,0.094544,0.170940,0.124272,0.050609
6373,2025-05-06,0.250139,0.000002,0.054479,0.061504,0.044920,0.123181,0.109369,0.171500,0.139573,0.045333
6394,2025-06-05,0.249102,0.000002,0.051547,0.068080,0.043756,0.134612,0.106696,0.159023,0.139274,0.047908
