lam,LB,n1,tc_bps,label,Ann.Ret,Sharpe,CVaR(5%),MDD,MDD_abs,Calmar,HHI,Turnover
0.3,252,0.1,0,"DFL-MDD (LB=252, n1=0.1)",0.09936462168580018,0.6454032349815145,0.02454423909052554,0.3205729500112671,0.34463084740968086,0.309959469915699,0.4064558486839967,0.46638026691985374
0.3,252,0.1,5,"DFL-MDD (LB=252, n1=0.1)",0.09632474708254457,0.6290209452355842,0.024554087172985368,0.32069295778131274,0.3447451194614841,0.3003643975188067,0.4064558486839967,0.46638026691985374
0.3,252,0.1,10,"DFL-MDD (LB=252, n1=0.1)",0.09329232230826423,0.6126198601349823,0.024563935255444983,0.3208129655513568,0.34485939151328715,0.290799725375344,0.4064558486839967,0.46638026691985374
0.3,252,0.1,20,"DFL-MDD (LB=252, n1=0.1)",0.0872497582556655,0.5797671320440144,0.024583631420363624,0.3210529810914404,0.34508793561689355,0.271761246171514,0.4064558486839967,0.46638026691985374
0.3,252,0.1,40,"DFL-MDD (LB=252, n1=0.1)",0.0752533258598942,0.5139004519156168,0.0246230237501984,0.3215330121715896,0.345545023824106,0.2340454105419505,0.4064558486839967,0.46638026691985374
0.3,252,0.2,0,"DFL-MDD (LB=252, n1=0.2)",0.08493047204193971,0.5466372173322993,0.025597440146828444,0.34880796323716257,0.376176597467303,0.24348776681983245,0.5872905890306446,0.5515557192285109
0.3,252,0.2,5,"DFL-MDD (LB=252, n1=0.2)",0.08138324633332505,0.5282755188227367,0.025602570915740055,0.3489023265129439,0.37626597210381596,0.23325509784750695,0.5872905890306446,0.5515557192285109
0.3,252,0.2,10,"DFL-MDD (LB=252, n1=0.2)",0.0778459572365906,0.5098881487186122,0.025608369629727006,0.34899668978872345,0.37635534674032867,0.2230564343215162,0.5872905890306446,0.5515557192285109
0.3,252,0.2,20,"DFL-MDD (LB=252, n1=0.2)",0.07080109418740488,0.4730468303514198,0.025634584831189133,0.3491854163402772,0.3765340960133542,0.2027607421557776,0.5872905890306446,0.5515557192285109
0.3,252,0.2,40,"DFL-MDD (LB=252, n1=0.2)",0.05682956847971132,0.3991713578175031,0.02569568479254821,0.3495628694433637,0.37689159455940535,0.1625732405559783,0.5872905890306446,0.5515557192285109
0.3,252,0.3,0,"DFL-MDD (LB=252, n1=0.3)",0.06960702398154006,0.45842494334189504,0.026155018641620724,0.3646422262563352,0.3924826002714953,0.19089128726830112,0.6215289155347422,0.5570933344465933
0.3,252,0.3,5,"DFL-MDD (LB=252, n1=0.3)",0.06607487904192078,0.4404513031439452,0.026164382526234913,0.36492587979649943,0.3927850280432815,0.18106383427961037,0.6215289155347422,0.5570933344465933
0.3,252,0.3,10,"DFL-MDD (LB=252, n1=0.3)",0.06255281047477634,0.42245356275466783,0.02617374641084873,0.36520953333666156,0.3930874558150679,0.17127923766432812,0.6215289155347422,0.5570933344465933
0.3,252,0.3,20,"DFL-MDD (LB=252, n1=0.3)",0.05553880402391642,0.38639506796016926,0.026192474180075198,0.3657768404169793,0.39369231135864036,0.15183794563214922,0.6215289155347422,0.5570933344465933
0.3,252,0.3,40,"DFL-MDD (LB=252, n1=0.3)",0.04163062766420356,0.31409149453948226,0.0262319237689123,0.3669114545775873,0.39490202244578565,0.11346232758196458,0.6215289155347422,0.5570933344465933
0.3,252,0.4,0,"DFL-MDD (LB=252, n1=0.4)",0.051036447855695055,0.3703870704573063,0.02591481572785404,0.33434897181553885,0.36039999999345124,0.15264424939995797,0.8149439440164677,0.32407508742681024
0.3,252,0.4,5,"DFL-MDD (LB=252, n1=0.4)",0.04901596667179464,0.3594950669546446,0.025915664736321866,0.3343489718156503,0.3603999999936016,0.14660121845435314,0.8149439440164677,0.32407508742681024
0.3,252,0.4,10,"DFL-MDD (LB=252, n1=0.4)",0.04699841497354895,0.34859307880887136,0.025916513744789607,0.33434897181576145,0.36039999999375194,0.1405669492693703,0.8149439440164677,0.32407508742681024
0.3,252,0.4,20,"DFL-MDD (LB=252, n1=0.4)",0.04297208708462552,0.3267629056877201,0.025918211761724763,0.3343489718159844,0.3603999999940527,0.12852465745108854,0.8149439440164677,0.32407508742681024
0.3,252,0.4,40,"DFL-MDD (LB=252, n1=0.4)",0.03495444283525839,0.28302416608341946,0.025935762193150982,0.3343489718164301,0.3603999999946541,0.10454478934062698,0.8149439440164677,0.32407508742681024
0.3,504,0.1,0,"DFL-MDD (LB=504, n1=0.1)",0.07585098556235104,0.4960710690657552,0.02577327734972503,0.3766334412138738,0.40628852857990483,0.20139206252569414,0.3895375473665974,0.5364966082760735
0.3,504,0.1,5,"DFL-MDD (LB=504, n1=0.1)",0.0724295669382482,0.47844115106796464,0.02578354222519506,0.37692716366668083,0.4065721946602753,0.19215799204931366,0.3895375473665974,0.5364966082760735
0.3,504,0.1,10,"DFL-MDD (LB=504, n1=0.1)",0.06901789559778693,0.46079226913138416,0.025793807100664742,0.3772208861194858,0.4068558607406455,0.18296414148613419,0.3895375473665974,0.5364966082760735
0.3,504,0.1,20,"DFL-MDD (LB=504, n1=0.1)",0.06222369632275382,0.4254442455981577,0.025825552715452633,0.3778083310250901,0.40742319290138596,0.16469646430891413,0.3895375473665974,0.5364966082760735
0.3,504,0.1,40,"DFL-MDD (LB=504, n1=0.1)",0.04875118532612355,0.3545938599033848,0.02590153636473299,0.3805717343801756,0.4108832603088989,0.12809985847402192,0.3895375473665974,0.5364966082760735
0.3,504,0.2,0,"DFL-MDD (LB=504, n1=0.2)",0.0658801116108989,0.4516920474721076,0.024687667667493984,0.3460170580748616,0.3719695170524352,0.1903955601449164,0.5269344053848878,0.560857253781557
0.3,504,0.2,5,"DFL-MDD (LB=504, n1=0.2)",0.06233670130945579,0.43271634576914386,0.024696543764003574,0.34619185150728643,0.37215347430760215,0.18006403391657344,0.5269344053848878,0.560857253781557
0.3,504,0.2,10,"DFL-MDD (LB=504, n1=0.2)",0.05880381532141654,0.4137226506897173,0.024705419860512872,0.34636664493971,0.3723374315627692,0.16977332016099542,0.5269344053848878,0.560857253781557
0.3,504,0.2,20,"DFL-MDD (LB=504, n1=0.2)",0.051769505805405736,0.3756897482162358,0.0247264826684454,0.3467162318045527,0.37270534607310335,0.14931376451869532,0.5269344053848878,0.560857253781557
0.3,504,0.2,40,"DFL-MDD (LB=504, n1=0.2)",0.037825966792366605,0.2995014091477964,0.024772519781389227,0.34741540553422035,0.3734411750937715,0.10887820798652792,0.5269344053848878,0.560857253781557
0.3,504,0.3,0,"DFL-MDD (LB=504, n1=0.3)",0.052641015861124796,0.389795069656234,0.024426906245247775,0.33337599632123555,0.36268778754082764,0.157902837715438,0.5886395313299827,0.4683772146549018
0.3,504,0.3,5,"DFL-MDD (LB=504, n1=0.3)",0.04971786370707698,0.37323593255250787,0.024434292131622022,0.33408202880554544,0.3636682142977701,0.1488193300009371,0.5886395313299827,0.4683772146549018
0.3,504,0.3,10,"DFL-MDD (LB=504, n1=0.3)",0.04680185353371469,0.35666377018201767,0.024441678017996033,0.3347876123324656,0.3646486410547125,0.13979565490391524,0.5886395313299827,0.4683772146549018
0.3,504,0.3,20,"DFL-MDD (LB=504, n1=0.3)",0.04099119849432542,0.3234867312553759,0.02445644979074327,0.3361974329794086,0.3666094945685975,0.1219259710547625,0.5886395313299827,0.4683772146549018
0.3,504,0.3,40,"DFL-MDD (LB=504, n1=0.3)",0.029454926742091603,0.25704646986641305,0.024485993336234642,0.3390116919026067,0.3705312015963671,0.08688469287916217,0.5886395313299827,0.4683772146549018
0.3,504,0.4,0,"DFL-MDD (LB=504, n1=0.4)",0.09491836409957544,0.5763106103572501,0.027701974333993584,0.35366709228866483,0.3838598216473963,0.26838336430595655,0.6224289188108716,0.7082920166875754
0.3,504,0.4,5,"DFL-MDD (LB=504, n1=0.4)",0.09032313348980048,0.5539502033088767,0.027720863385682165,0.3540476125705968,0.3843718831549794,0.255115781768698,0.6224289188108716,0.7082920166875754
0.3,504,0.4,10,"DFL-MDD (LB=504, n1=0.4)",0.08574466701732275,0.5315564239759952,0.027743437613818943,0.35442799048657897,0.38488394466256204,0.24192408414305872,0.6224289188108716,0.7082920166875754
0.3,504,0.4,20,"DFL-MDD (LB=504, n1=0.4)",0.07663781657691549,0.48668589319547123,0.027813616018551077,0.35518831932127576,0.38590806767772823,0.2157667141244535,0.6224289188108716,0.7082920166875754
0.3,504,0.4,40,"DFL-MDD (LB=504, n1=0.4)",0.05862298413272993,0.39673350673873237,0.02799729203089865,0.3567072697056668,0.38795631370805994,0.16434479780764652,0.6224289188108716,0.7082920166875754
0.3,1260,0.1,0,"DFL-MDD (LB=1260, n1=0.1)",0.09623938981231461,0.6204635977162832,0.0248771490601665,0.3287390636783202,0.3560367678339206,0.29275312981122337,0.36648645999089796,0.6765448583894987
0.3,1260,0.1,5,"DFL-MDD (LB=1260, n1=0.1)",0.09184473093320933,0.5971904632853043,0.024894053654223435,0.3288850183849917,0.3561604968825557,0.27926091421339877,0.36648645999089796,0.6765448583894987
0.3,1260,0.1,10,"DFL-MDD (LB=1260, n1=0.1)",0.08746590243370211,0.5738771582101116,0.024910958248279876,0.3290309730916595,0.3562842259311909,0.2658287807535782,0.36648645999089796,0.6765448583894987
0.3,1260,0.1,20,"DFL-MDD (LB=1260, n1=0.1)",0.0787555334039991,0.527144934784042,0.02494476743639117,0.32932288250498354,0.35653168402846136,0.23914382377875892,0.36648645999089796,0.6765448583894987
0.3,1260,0.1,40,"DFL-MDD (LB=1260, n1=0.1)",0.06152253307925726,0.43336329473156904,0.025012385812607094,0.3299067013315838,0.35702660022300203,0.1864846419072085,0.36648645999089796,0.6765448583894987
0.3,1260,0.2,0,"DFL-MDD (LB=1260, n1=0.2)",0.07460950999288496,0.5020254868295867,0.024934804718199585,0.34743704744452075,0.37363354199969945,0.21474252823693035,0.4542155618132567,0.6471325499885258
0.3,1260,0.2,5,"DFL-MDD (LB=1260, n1=0.2)",0.07048850043712185,0.4798361786339472,0.02494260380408932,0.34764579723490513,0.3738434744948036,0.20275953564661287,0.4542155618132567,0.6471325499885258
0.3,1260,0.2,10,"DFL-MDD (LB=1260, n1=0.2)",0.06638164411444736,0.4576268737498758,0.024950402889978632,0.34785454702528673,0.37405340698990774,0.1908316124168378,0.4542155618132567,0.6471325499885258
0.3,1260,0.2,20,"DFL-MDD (LB=1260, n1=0.2)",0.05821021878063948,0.4131614978296744,0.024966775925266384,0.348272046606042,0.37447327198011615,0.16714008296442937,0.4542155618132567,0.6471325499885258
0.3,1260,0.2,40,"DFL-MDD (LB=1260, n1=0.2)",0.0420353170842207,0.324136378809133,0.025031537306941038,0.3491070457675197,0.37531300196053297,0.12040810284926876,0.4542155618132567,0.6471325499885258
0.3,1260,0.3,0,"DFL-MDD (LB=1260, n1=0.3)",0.05938596327255086,0.4190770482560983,0.02496937895108308,0.3347779719061613,0.36183373244210343,0.17738910035412336,0.6001160822140404,0.6956646720757106
0.3,1260,0.3,5,"DFL-MDD (LB=1260, n1=0.3)",0.05501895799740186,0.395396279680904,0.024981647961845325,0.33544319393231214,0.36247189870804053,0.16401870413892514,0.6001160822140404,0.6956646720757106
0.3,1260,0.3,10,"DFL-MDD (LB=1260, n1=0.3)",0.05066755671911505,0.3716684033902759,0.024993916972606986,0.33610841595845936,0.36311006497397735,0.15074765848857063,0.6001160822140404,0.6956646720757106
0.3,1260,0.3,20,"DFL-MDD (LB=1260, n1=0.3)",0.0420113752591611,0.32409210166815794,0.025018454994128515,0.33803989220566094,0.364929272766636,0.1242793416262651,0.6001160822140404,0.6956646720757106
0.3,1260,0.3,40,"DFL-MDD (LB=1260, n1=0.3)",0.024884167352503095,0.22860449182382614,0.025075318165983917,0.352926110967557,0.37426818979366805,0.07050815049425395,0.6001160822140404,0.6956646720757106
0.3,1260,0.4,0,"DFL-MDD (LB=1260, n1=0.4)",0.054410086275177294,0.372723617250877,0.026070483734061525,0.4007417830672871,0.43462669126908365,0.13577342957638175,0.6532244680101922,0.6782741373074661
0.3,1260,0.4,5,"DFL-MDD (LB=1260, n1=0.4)",0.0501720763265916,0.351653468330794,0.026075774690777955,0.40090636723125905,0.4347679287911168,0.1251466187992361,0.6532244680101922,0.6782741373074661
0.3,1260,0.4,10,"DFL-MDD (LB=1260, n1=0.4)",0.045948866495221674,0.3305564327431772,0.026081065647493913,0.401070951395229,0.4349091663131499,0.11456543118847205,0.6532244680101922,0.6782741373074661
0.3,1260,0.4,20,"DFL-MDD (LB=1260, n1=0.4)",0.03754666987322408,0.2882960870337387,0.02610277128337009,0.40140011972316353,0.43519164135721633,0.09353925925524195,0.6532244680101922,0.6782741373074661
0.3,1260,0.4,40,"DFL-MDD (LB=1260, n1=0.4)",0.02091793388872376,0.20361161972585476,0.026188458126866685,0.4020584563790086,0.43575659144534895,0.05202709594000514,0.6532244680101922,0.6782741373074661
0.5,252,0.1,0,"DFL-MDD (LB=252, n1=0.1)",0.07874285955838722,0.5343221986117475,0.024505060356658354,0.3096781019537224,0.3327504718562823,0.25427325676623735,0.34115882624429406,0.5163032177438475
0.5,252,0.1,5,"DFL-MDD (LB=252, n1=0.1)",0.07544117473600287,0.5161562556451182,0.02451245468398575,0.3097815400797439,0.33283978875991305,0.24353024616066468,0.34115882624429406,0.5163032177438475
0.5,252,0.1,10,"DFL-MDD (LB=252, n1=0.1)",0.07214850560398878,0.49797005351412454,0.0245198490113129,0.30988497820576416,0.3329291056635437,0.23282350115338502,0.34115882624429406,0.5163032177438475
0.5,252,0.1,20,"DFL-MDD (LB=252, n1=0.1)",0.0655901275610784,0.46154439612689835,0.024534637665966374,0.3100918544578002,0.33310773947080485,0.21151838268893516,0.34115882624429406,0.5163032177438475
0.5,252,0.1,40,"DFL-MDD (LB=252, n1=0.1)",0.05258060695661859,0.38853302507143883,0.024564214975269987,0.3146873214502984,0.33346500708532756,0.16708841874398273,0.34115882624429406,0.5163032177438475
0.5,252,0.2,0,"DFL-MDD (LB=252, n1=0.2)",0.08136131770175448,0.5256999803783365,0.026025031364241478,0.33170663787607935,0.3614820921011338,0.24528094522974772,0.4311535857270473,0.5536151082228832
0.5,252,0.2,5,"DFL-MDD (LB=252, n1=0.2)",0.07781270953007091,0.5074530283649046,0.02603412026656957,0.33187779942457907,0.36160598124264565,0.2344619303898574,0.4311535857270473,0.5536151082228832
0.5,252,0.2,10,"DFL-MDD (LB=252, n1=0.2)",0.07427433901608027,0.4891794380540083,0.026043209168897276,0.332048960973076,0.36172987038415727,0.22368490109425238,0.4311535857270473,0.5536151082228832
0.5,252,0.2,20,"DFL-MDD (LB=252, n1=0.2)",0.0672282083818756,0.45256092988192703,0.02606138697355147,0.3323912840700627,0.36197764866718063,0.20225623108540763,0.4311535857270473,0.5536151082228832
0.5,252,0.2,40,"DFL-MDD (LB=252, n1=0.2)",0.05325767370910439,0.3790992333213701,0.026107340784435794,0.33307593026400584,0.3624732052332278,0.15989649462481764,0.4311535857270473,0.5536151082228832
0.5,252,0.3,0,"DFL-MDD (LB=252, n1=0.3)",0.02612451412366612,0.2293004240233874,0.030153432018572297,0.4234226841365192,0.4969998862533888,0.061698428299304955,0.518095156180107,0.6561423631892469
0.5,252,0.3,5,"DFL-MDD (LB=252, n1=0.3)",0.022134574745678703,0.2097070080455548,0.030162390294095936,0.4282757474870699,0.5052569977805129,0.05168299832616291,0.518095156180107,0.6561423631892469
0.5,252,0.3,10,"DFL-MDD (LB=252, n1=0.3)",0.018158184083731044,0.19010145183371188,0.030171348569618936,0.43309045460835394,0.513514109307638,0.04192700136039453,0.518095156180107,0.6561423631892469
0.5,252,0.3,20,"DFL-MDD (LB=252, n1=0.3)",0.010245889870965419,0.150865041667775,0.0301892651206629,0.4426059339470178,0.5300283323618872,0.023149011531049656,0.518095156180107,0.6561423631892469
0.5,252,0.3,40,"DFL-MDD (LB=252, n1=0.3)",-0.005417857798131864,0.07236901236003036,0.030225098222742414,0.4611889802704905,0.5630567784703852,-0.01174758727708432,0.518095156180107,0.6561423631892469
0.5,252,0.4,0,"DFL-MDD (LB=252, n1=0.4)",0.052565524988135603,0.3849534428351247,0.02440427312172839,0.330986952255515,0.3557725423100414,0.15881449287969113,0.7309656131932337,0.43281522756958174
0.5,252,0.4,5,"DFL-MDD (LB=252, n1=0.4)",0.0498640056946178,0.3699892582634835,0.024404932452603167,0.33145256297441206,0.3562490010778877,0.15044085111938985,0.7309656131932337,0.43281522756958174
0.5,252,0.4,10,"DFL-MDD (LB=252, n1=0.4)",0.047168080937280976,0.3550039051619845,0.024410135797973326,0.3319180116149657,0.3568305304582674,0.14210762680088154,0.7309656131932337,0.43281522756958174
0.5,252,0.4,20,"DFL-MDD (LB=252, n1=0.4)",0.04179297840220997,0.3249773505454165,0.024426016728494804,0.33284842266104137,0.35799358921902624,0.12556159363931851,0.7309656131932337,0.43281522756958174
0.5,252,0.4,40,"DFL-MDD (LB=252, n1=0.4)",0.03110950548377356,0.26475488169298417,0.024469547203413343,0.33470729981306796,0.36031970674054437,0.09294540481146808,0.7309656131932337,0.43281522756958174
0.5,504,0.1,0,"DFL-MDD (LB=504, n1=0.1)",0.06827538185550508,0.45168888309465377,0.02652976099358042,0.3916152748989171,0.42225893615965227,0.17434299991412203,0.30292434338361746,0.5517676517574097
0.5,504,0.1,5,"DFL-MDD (LB=504, n1=0.1)",0.06478148590116706,0.4338773130485776,0.02653865616324355,0.39188847266634497,0.42254135158167494,0.16530592350388326,0.30292434338361746,0.5517676517574097
0.5,504,0.1,10,"DFL-MDD (LB=504, n1=0.1)",0.061297810298025945,0.4160503947780869,0.026547551332906334,0.39240108593660283,0.4228237670036977,0.15621213212521062,0.30292434338361746,0.5517676517574097
0.5,504,0.1,20,"DFL-MDD (LB=504, n1=0.1)",0.05436101422968065,0.3803574465641233,0.026577412837130474,0.3935980718764332,0.42403834687544306,0.13811300943805316,0.30292434338361746,0.5517676517574097
0.5,504,0.1,40,"DFL-MDD (LB=504, n1=0.1)",0.04060890459624211,0.3088638116290832,0.0266437151259605,0.39598759800397104,0.42728291847336053,0.10255095056178952,0.30292434338361746,0.5517676517574097
0.5,504,0.2,0,"DFL-MDD (LB=504, n1=0.2)",0.0785985824970048,0.5114204205495266,0.024897475818388838,0.3613239576665336,0.38889969035921,0.21752939656381878,0.46615769133197116,0.6404922021844023
0.5,504,0.2,5,"DFL-MDD (LB=504, n1=0.2)",0.07450454978674381,0.4902792711086997,0.024906754854252942,0.3616508554026159,0.3892279772666005,0.20601236981231172,0.46615769133197116,0.6404922021844023
0.5,504,0.2,10,"DFL-MDD (LB=504, n1=0.2)",0.07042424100985123,0.4691073186391973,0.02492014514959749,0.3619777531386955,0.3895562641739909,0.19455405858440158,0.46615769133197116,0.6404922021844023
0.5,504,0.2,20,"DFL-MDD (LB=504, n1=0.2)",0.062304634559572136,0.4266839145318149,0.024957953371139516,0.36263154861084673,0.3902128379887718,0.17181250440306362,0.46615769133197116,0.6404922021844023
0.5,504,0.2,40,"DFL-MDD (LB=504, n1=0.2)",0.046228346870088144,0.3416101427518899,0.025033569814218146,0.3642800717469365,0.391908987289623,0.12690330996067337,0.46615769133197116,0.6404922021844023
0.5,504,0.3,0,"DFL-MDD (LB=504, n1=0.3)",0.020923823543653297,0.2054107616689127,0.025861682896175044,0.3338499606857722,0.36041217801524855,0.06267433278831469,0.5345547740299905,0.6389393386072484
0.5,504,0.3,5,"DFL-MDD (LB=504, n1=0.3)",0.01705806327513626,0.184196332231534,0.025878921886187886,0.33404933809489556,0.36058152557609324,0.05106450252921625,0.5345547740299905,0.6389393386072484
0.5,504,0.3,10,"DFL-MDD (LB=504, n1=0.3)",0.013205184809005788,0.1629699315592047,0.025899974011152946,0.3342487155040161,0.3607508731369381,0.03950706223401004,0.5345547740299905,0.6389393386072484
0.5,504,0.3,20,"DFL-MDD (LB=504, n1=0.3)",0.005537923898036867,0.12049455626320799,0.025942078261081063,0.3346474703222477,0.36108956825862726,0.016548530580701205,0.5345547740299905,0.6389393386072484
0.5,504,0.3,40,"DFL-MDD (LB=504, n1=0.3)",-0.009643654339549612,0.035546971928545126,0.026042029671700523,0.3418607747598543,0.3617669585020058,-0.02820930346133751,0.5345547740299905,0.6389393386072484
0.5,504,0.4,0,"DFL-MDD (LB=504, n1=0.4)",0.07692009621910167,0.4678899072936037,0.02897485235130179,0.4233125430214483,0.4601236553234643,0.1817099385997483,0.5012993932484157,0.6747490469437878
0.5,504,0.4,5,"DFL-MDD (LB=504, n1=0.4)",0.07261416997707038,0.44810091481400016,0.028998096052170817,0.423609878619513,0.46041630262338795,0.17141755569196906,0.5012993932484157,0.6747490469437878
0.5,504,0.4,10,"DFL-MDD (LB=504, n1=0.4)",0.06832340591722352,0.4282943261175841,0.02902133975303931,0.42390721421757543,0.4607089499233119,0.16117537897347078,0.5012993932484157,0.6747490469437878
0.5,504,0.4,20,"DFL-MDD (LB=504, n1=0.4)",0.05978717821670698,0.38863910833056825,0.029079764361685214,0.4245018854136932,0.4612942445231597,0.14084078365013156,0.5012993932484157,0.6747490469437878
0.5,504,0.4,40,"DFL-MDD (LB=504, n1=0.4)",0.042894628482355035,0.30923588553240233,0.02921259993067805,0.4256912278058991,0.4624648337228554,0.10076465210092861,0.5012993932484157,0.6747490469437878
0.5,1260,0.1,0,"DFL-MDD (LB=1260, n1=0.1)",0.07166355911676114,0.49354794653669815,0.024846798140296125,0.30179763454362785,0.32446747212823,0.23745566860185544,0.3111193883849242,0.630607704884217
0.5,1260,0.1,5,"DFL-MDD (LB=1260, n1=0.1)",0.06765867647965362,0.4714574570154781,0.024858930035258544,0.30190381176338393,0.32455364803647513,0.22410673141904613,0.3111193883849242,0.630607704884217
0.5,1260,0.1,10,"DFL-MDD (LB=1260, n1=0.1)",0.0636673205336904,0.4493446256769902,0.02487106193022055,0.30200998898313836,0.32463982394472,0.2108119692563011,0.3111193883849242,0.630607704884217
0.5,1260,0.1,20,"DFL-MDD (LB=1260, n1=0.1)",0.05572502503768151,0.4050639465138201,0.024895325720143212,0.30222234342264287,0.32481217576121013,0.18438420001698688,0.3111193883849242,0.630607704884217
0.5,1260,0.1,40,"DFL-MDD (LB=1260, n1=0.1)",0.040000960028619525,0.316366888919929,0.024943853299983085,0.3026470523016322,0.3251568793941899,0.13217032748607663,0.3111193883849242,0.630607704884217
0.5,1260,0.2,0,"DFL-MDD (LB=1260, n1=0.2)",0.07071029543729934,0.4868889560017163,0.024539593700197503,0.31375017894940915,0.33947033613919286,0.22537133094723727,0.43861473514783017,0.5592626899847378
0.5,1260,0.2,5,"DFL-MDD (LB=1260, n1=0.2)",0.06716085192195198,0.46734829063754896,0.02455439619046064,0.3142993775301628,0.34020831855312306,0.21368432997974432,0.43861473514783017,0.5592626899847378
0.5,1260,0.2,10,"DFL-MDD (LB=1260, n1=0.2)",0.06362176006973552,0.44779055511702437,0.02456919868072348,0.3148483294065758,0.34094630096705336,0.20207113745669958,0.43861473514783017,0.5592626899847378
0.5,1260,0.2,20,"DFL-MDD (LB=1260, n1=0.2)",0.05657452639649008,0.4086342991738148,0.024598803661248364,0.3159454932497548,0.34242226579491397,0.17906419805729437,0.43861473514783017,0.5592626899847378
0.5,1260,0.2,40,"DFL-MDD (LB=1260, n1=0.2)",0.0426031276554697,0.330231732473998,0.024675613975416667,0.31813686272113895,0.34537419545063486,0.13391446460393927,0.43861473514783017,0.5592626899847378
0.5,1260,0.3,0,"DFL-MDD (LB=1260, n1=0.3)",0.07760573394877923,0.5275555443169017,0.02472411213555918,0.31479667475713063,0.33842864145253665,0.24652653648263698,0.5725793165160311,0.5837884766160422
0.5,1260,0.3,5,"DFL-MDD (LB=1260, n1=0.3)",0.07387687689981437,0.5070258562724608,0.02473470887019972,0.3150248151552023,0.3386742424076067,0.23451129346736238,0.5725793165160311,0.5837884766160422
0.5,1260,0.3,10,"DFL-MDD (LB=1260, n1=0.3)",0.07015910294624272,0.4864659382633767,0.024745305604839975,0.31525295555327326,0.33891984336267666,0.2225485968905753,0.5725793165160311,0.5837884766160422
0.5,1260,0.3,20,"DFL-MDD (LB=1260, n1=0.3)",0.06275669250289706,0.44526973858453056,0.024771931249833352,0.31578513022964644,0.3394127850598966,0.1987322596139523,0.5725793165160311,0.5837884766160422
0.5,1260,0.3,40,"DFL-MDD (LB=1260, n1=0.3)",0.04808364200915194,0.3626727258256411,0.024866411837933193,0.31695862631570104,0.34078148663241625,0.15170321298051295,0.5725793165160311,0.5837884766160422
0.5,1260,0.4,0,"DFL-MDD (LB=1260, n1=0.4)",0.09851794259315327,0.6116548521348124,0.02632719456181267,0.36115181200230934,0.39527127968899445,0.27278817187616516,0.6079114927886632,0.7458545906255105
0.5,1260,0.4,5,"DFL-MDD (LB=1260, n1=0.4)",0.09366349457986356,0.5870733758931681,0.026340260093835794,0.36190393804461274,0.3963684306703842,0.2588076135895396,0.6079114927886632,0.7458545906255105
0.5,1260,0.4,10,"DFL-MDD (LB=1260, n1=0.4)",0.08882753052748948,0.5624484493152065,0.026353325625858504,0.36265582752151193,0.3974655816517737,0.24493617298270717,0.6079114927886632,0.7458545906255105
0.5,1260,0.4,20,"DFL-MDD (LB=1260, n1=0.4)",0.0792108155246598,0.513092386674713,0.02639207510335211,0.36415889689672903,0.3996598836145532,0.21751717774280083,0.6079114927886632,0.7458545906255105
0.5,1260,0.4,40,"DFL-MDD (LB=1260, n1=0.4)",0.06019657544248891,0.41412519079452353,0.02650497697167157,0.3671621981562467,0.4040484875401116,0.16395090706063653,0.6079114927886632,0.7458545906255105
0.7,252,0.1,0,"DFL-MDD (LB=252, n1=0.1)",0.09404595041178454,0.6104486308717075,0.024906462751820922,0.3216079157810146,0.3494925267323311,0.292424240100417,0.33406186052547654,0.5206041178709996
0.7,252,0.1,5,"DFL-MDD (LB=252, n1=0.1)",0.09066947571501283,0.5924789238148285,0.02491588730132696,0.32274697112065476,0.3510150902421417,0.2809305239088492,0.33406186052547654,0.5206041178709996
0.7,252,0.1,10,"DFL-MDD (LB=252, n1=0.1)",0.08730210504147062,0.5744806705778759,0.02492531185083271,0.32388476755622775,0.352537653751952,0.26954680725872643,0.33406186052547654,0.5206041178709996
0.7,252,0.1,20,"DFL-MDD (LB=252, n1=0.1)",0.08059459131231472,0.5384071181849109,0.024944160949843357,0.3261565864676293,0.3555827807715729,0.24710398204882872,0.33406186052547654,0.5206041178709996
0.7,252,0.1,40,"DFL-MDD (LB=252, n1=0.1)",0.06728788547508846,0.4660125065739615,0.0249924329460908,0.3306851477186546,0.3616730348108148,0.20348021651092918,0.33406186052547654,0.5206041178709996
0.7,252,0.2,0,"DFL-MDD (LB=252, n1=0.2)",0.05817212254162518,0.3992988643155354,0.027251043977834587,0.36421882422746876,0.39758944887397274,0.15971750677368254,0.47964729138098794,0.5022343279070618
0.7,252,0.2,5,"DFL-MDD (LB=252, n1=0.2)",0.055021441338931165,0.3831039587560598,0.027270560399227504,0.36440994222201173,0.3977429795991655,0.150987761169017,0.47964729138098794,0.5022343279070618
0.7,252,0.2,10,"DFL-MDD (LB=252, n1=0.2)",0.05187894515062341,0.3668976813617604,0.027290076820619975,0.36480758036028677,0.39817172182379845,0.14220906562623084,0.47964729138098794,0.5022343279070618
0.7,252,0.2,20,"DFL-MDD (LB=252, n1=0.2)",0.0456184345756403,0.334457322515496,0.027329109663403718,0.3658885732638576,0.39959249565104493,0.12467848929044056,0.47964729138098794,0.5022343279070618
0.7,252,0.2,40,"DFL-MDD (LB=252, n1=0.2)",0.03319482988393818,0.26950965139535277,0.02740717534896611,0.36804803500324523,0.40243404330553834,0.09019156935487058,0.47964729138098794,0.5022343279070618
0.7,252,0.3,0,"DFL-MDD (LB=252, n1=0.3)",0.07378363492124218,0.4816019501656197,0.027172503702167988,0.2945813454765779,0.31966902309823797,0.2504694748298709,0.5473820697324588,0.4882311826180758
0.7,252,0.3,5,"DFL-MDD (LB=252, n1=0.3)",0.07067541213787676,0.4657263487028039,0.02718020392785653,0.2945836709167064,0.31964981386435265,0.23991625840615116,0.5473820697324588,0.4882311826180758
0.7,252,0.3,10,"DFL-MDD (LB=252, n1=0.3)",0.06757486290698589,0.4498335386078158,0.02718790415354473,0.2945859963568332,0.31963060463046755,0.22938925719399528,0.5473820697324588,0.4882311826180758
0.7,252,0.3,20,"DFL-MDD (LB=252, n1=0.3)",0.06139672159723064,0.4180032148202303,0.027203304604920136,0.29486149751134144,0.3195921861626968,0.20822224025382247,0.5473820697324588,0.4882311826180758
0.7,252,0.3,40,"DFL-MDD (LB=252, n1=0.3)",0.049131824554153436,0.3542124236052697,0.027234105507666764,0.31696742516072224,0.3342540294101362,0.1550059111397329,0.5473820697324588,0.4882311826180758
0.7,252,0.4,0,"DFL-MDD (LB=252, n1=0.4)",0.10000891071937379,0.637885246644026,0.02600736224885148,0.26052514154727635,0.27926687876320433,0.3838743166476245,0.499527447729307,0.7167621081159328
0.7,252,0.4,5,"DFL-MDD (LB=252, n1=0.4)",0.09533723305065478,0.6133668107076776,0.02602063471917967,0.26103289077602615,0.27973682927281396,0.36523072908821225,0.499527447729307,0.7167621081159328
0.7,252,0.4,10,"DFL-MDD (LB=252, n1=0.4)",0.09068284714383767,0.5887944985349135,0.026033907189507256,0.26154064000477334,0.2802067797824237,0.34672564503745984,0.499527447729307,0.7167621081159328
0.7,252,0.4,20,"DFL-MDD (LB=252, n1=0.4)",0.08142573008785803,0.5395105099302736,0.02606187036986792,0.26255613846225917,0.28114668080164285,0.3101269333626712,0.499527447729307,0.7167621081159328
0.7,252,0.4,40,"DFL-MDD (LB=252, n1=0.4)",0.06311657966917061,0.44054255592139474,0.026171284136840764,0.26458713537719597,0.28302648284008114,0.23854742429308493,0.499527447729307,0.7167621081159328
0.7,504,0.1,0,"DFL-MDD (LB=504, n1=0.1)",0.10624325570026638,0.6343147758612883,0.026964104922112257,0.3350466531288302,0.363045574005081,0.3170998864677641,0.324496667321189,0.6115252806175335
0.7,504,0.1,5,"DFL-MDD (LB=504, n1=0.1)",0.10223394050527146,0.6149133748905975,0.02697447842546513,0.3352215111299392,0.3631908157460738,0.30497428440726143,0.324496667321189,0.6115252806175335
0.7,504,0.1,10,"DFL-MDD (LB=504, n1=0.1)",0.09823755784530386,0.5954831314873884,0.026988339364344027,0.33539636913104554,0.3633360574870662,0.29289988460677296,0.324496667321189,0.6115252806175335
0.7,504,0.1,20,"DFL-MDD (LB=504, n1=0.1)",0.09028344332478055,0.5565454889042626,0.027016061242100403,0.3357460851332507,0.36362654096905145,0.2689039345374899,0.324496667321189,0.6115252806175335
0.7,504,0.1,40,"DFL-MDD (LB=504, n1=0.1)",0.07452879490177589,0.47842769061153,0.027071504997607305,0.33644551713762805,0.36420750793302137,0.22151816886636344,0.324496667321189,0.6115252806175335
0.7,504,0.2,0,"DFL-MDD (LB=504, n1=0.2)",0.11731224551833241,0.7034064042556136,0.02703587005455984,0.32448942381783097,0.3552060696269284,0.36152871826121175,0.39071840962595505,0.7292733497720443
0.7,504,0.2,5,"DFL-MDD (LB=504, n1=0.2)",0.11248455528829493,0.679539183450129,0.027050271117889664,0.32481474084007905,0.3554938378104774,0.3463037267420255,0.39071840962595505,0.7292733497720443
0.7,504,0.2,10,"DFL-MDD (LB=504, n1=0.2)",0.10767533544447261,0.6556257741818441,0.027064672181218958,0.3251400578623221,0.3557816059940262,0.33116600925546447,0.39071840962595505,0.7292733497720443
0.7,504,0.2,20,"DFL-MDD (LB=504, n1=0.2)",0.09811205961569258,0.6076786164413887,0.02709482917162984,0.32579069190679305,0.3563571423611237,0.3011505915388364,0.39071840962595505,0.7292733497720443
0.7,504,0.2,40,"DFL-MDD (LB=504, n1=0.2)",0.07920444228544854,0.5114316147518858,0.027182383429807305,0.32709195999567375,0.35750821509531894,0.24214732230740674,0.39071840962595505,0.7292733497720443
0.7,504,0.3,0,"DFL-MDD (LB=504, n1=0.3)",0.09241330853660346,0.5761066111761747,0.026926083061350605,0.32673040350494115,0.35283222973747436,0.28284269696658826,0.44888198038764543,0.6998637611238356
0.7,504,0.3,5,"DFL-MDD (LB=504, n1=0.3)",0.08788318408025875,0.5533773635929883,0.026939699885702394,0.3269314783682378,0.3529952688734793,0.2688122431404133,0.44888198038764543,0.6998637611238356
0.7,504,0.3,10,"DFL-MDD (LB=504, n1=0.3)",0.08336966013858138,0.5306095442737926,0.026953316710053625,0.32713255323153073,0.35315830800948456,0.2548497827242856,0.44888198038764543,0.6998637611238356
0.7,504,0.3,20,"DFL-MDD (LB=504, n1=0.3)",0.07439220137851432,0.4849741808070196,0.026980550358754372,0.32753470295810405,0.35348438628149437,0.22712769268091046,0.44888198038764543,0.6998637611238356
0.7,504,0.3,40,"DFL-MDD (LB=504, n1=0.3)",0.05663416158706358,0.39341741321918267,0.027035403544766377,0.3283390024112005,0.3541365428255143,0.1724868539951529,0.44888198038764543,0.6998637611238356
0.7,504,0.4,0,"DFL-MDD (LB=504, n1=0.4)",0.07416802439977332,0.4603358316330067,0.02985523395508376,0.35953792064340667,0.38696081141080285,0.20628707048874884,0.5407766787668036,0.7623370880071706
0.7,504,0.4,5,"DFL-MDD (LB=504, n1=0.4)",0.06931674644781038,0.43744785242822215,0.02986896789430868,0.3595620857504239,0.3869543995597884,0.19278102218109228,0.5407766787668036,0.7623370880071706
0.7,504,0.4,10,"DFL-MDD (LB=504, n1=0.4)",0.06448486698108957,0.4145449463776567,0.029882701833532952,0.3595862508574386,0.3869479877087736,0.17933073583706663,0.5407766787668036,0.7623370880071706
0.7,504,0.4,20,"DFL-MDD (LB=504, n1=0.4)",0.054879031553919155,0.36871025498585686,0.02991878237143024,0.3596345810714611,0.38693516400674444,0.1525966478950887,0.5407766787668036,0.7623370880071706
0.7,504,0.4,40,"DFL-MDD (LB=504, n1=0.4)",0.03589716263251885,0.2770364145480845,0.030052927531939295,0.35973124149947605,0.3869095166026859,0.09978883811400142,0.5407766787668036,0.7623370880071706
0.7,1260,0.1,0,"DFL-MDD (LB=1260, n1=0.1)",0.07932085371166075,0.5385091473179071,0.024552173524130055,0.2758942251384898,0.2972898361758324,0.28750458130500495,0.31676853348217715,0.5620680659449591
0.7,1260,0.1,5,"DFL-MDD (LB=1260, n1=0.1)",0.07572500881136635,0.5186581680746015,0.024566960620359648,0.27614651506372767,0.29756566080846225,0.2742204034929388,0.31676853348217715,0.5620680659449591
0.7,1260,0.1,10,"DFL-MDD (LB=1260, n1=0.1)",0.07213983201245178,0.49878555581219325,0.024581747716588852,0.2763988049889638,0.2978414854410921,0.2609990733832308,0.31676853348217715,0.5620680659449591
0.7,1260,0.1,20,"DFL-MDD (LB=1260, n1=0.1)",0.06500137133148676,0.45898539836130203,0.024611321909046066,0.2769033848394298,0.298393134706352,0.23474386687510246,0.31676853348217715,0.5620680659449591
0.7,1260,0.1,40,"DFL-MDD (LB=1260, n1=0.1)",0.05085124545562092,0.37923539428132125,0.02467173858139843,0.2779125445403376,0.2994964332368719,0.18297571101524188,0.31676853348217715,0.5620680659449591
0.7,1260,0.2,0,"DFL-MDD (LB=1260, n1=0.2)",0.06643742289992272,0.45276251635512005,0.024994455390019498,0.3330566304579716,0.358242452207461,0.1994778569296751,0.41443738053497425,0.7696260461676011
0.7,1260,0.2,5,"DFL-MDD (LB=1260, n1=0.2)",0.06157519592939198,0.4268993150516238,0.025016562450309473,0.3335567735402546,0.35876663201510095,0.18460184530925355,0.41443738053497425,0.7696260461676011
0.7,1260,0.2,10,"DFL-MDD (LB=1260, n1=0.2)",0.05673278584347918,0.40100118883020447,0.025038993091577245,0.3340569166225346,0.3592908118227406,0.16982969968139006,0.41443738053497425,0.7696260461676011
0.7,1260,0.2,20,"DFL-MDD (LB=1260, n1=0.2)",0.04710713065399785,0.34912159788262553,0.025083854374110887,0.33505720278708717,0.3603391714380204,0.14059429329705456,0.41443738053497425,0.7696260461676011
0.7,1260,0.2,40,"DFL-MDD (LB=1260, n1=0.2)",0.02809049308566136,0.24517989779597404,0.02518974987806932,0.337057775116159,0.3624358906685796,0.08334029104549392,0.41443738053497425,0.7696260461676011
0.7,1260,0.3,0,"DFL-MDD (LB=1260, n1=0.3)",0.027584580176276408,0.24244472058229058,0.02617572842225349,0.3361990114976833,0.36342636722851807,0.08204836785566115,0.5846798456449482,0.6430753445613017
0.7,1260,0.3,5,"DFL-MDD (LB=1260, n1=0.3)",0.02366835901126141,0.2208801200887017,0.02619678908382147,0.3368479968386689,0.36432461602466437,0.0702642118295594,0.5846798456449482,0.6430753445613017
0.7,1260,0.3,10,"DFL-MDD (LB=1260, n1=0.3)",0.019765083472378375,0.1993047286085017,0.026217849745388842,0.33749665128246503,0.37223346168766747,0.05856379134849481,0.5846798456449482,0.6430753445613017
0.7,1260,0.3,20,"DFL-MDD (LB=1260, n1=0.3)",0.011997222826426457,0.15613711937174848,0.02625997106852156,0.3411613479901817,0.39025028194779665,0.035165832511762564,0.5846798456449482,0.6430753445613017
0.7,1260,0.3,40,"DFL-MDD (LB=1260, n1=0.3)",-0.0033847569849974057,0.06984328314197918,0.02634481234295646,0.3654589631819306,0.42702372599423144,-0.00926166088416953,0.5846798456449482,0.6430753445613017
0.7,1260,0.4,0,"DFL-MDD (LB=1260, n1=0.4)",0.10008539997912891,0.5937836154849697,0.02845338868301799,0.34496802494305406,0.37677871206270214,0.2901294981372191,0.5902412716730036,0.960113913384388
0.7,1260,0.4,5,"DFL-MDD (LB=1260, n1=0.4)",0.09383136531138847,0.5641083678859649,0.028467414244858588,0.34562305691959794,0.377401933352127,0.27148468079798255,0.5902412716730036,0.960113913384388
0.7,1260,0.4,10,"DFL-MDD (LB=1260, n1=0.4)",0.08760882109713442,0.5343688868820374,0.028481439806697945,0.34627808889613215,0.37802515464155195,0.2530013416416682,0.5902412716730036,0.960113913384388
0.7,1260,0.4,20,"DFL-MDD (LB=1260, n1=0.4)",0.07525764923906264,0.47473228907223197,0.028509490930372687,0.34758815284917055,0.3792715972204018,0.21651385008529886,0.5902412716730036,0.960113913384388
0.7,1260,0.4,40,"DFL-MDD (LB=1260, n1=0.4)",0.05092711776820624,0.3550761651897514,0.028614168072647647,0.3507884331736172,0.3817644823781017,0.14517901087258134,0.5902412716730036,0.960113913384388
1.0,252,0.1,0,"DFL-MDD (LB=252, n1=0.1)",0.05968749839648857,0.39376682295929105,0.028647060694078044,0.42344164762379743,0.4765351235847194,0.14095802507225633,0.304962740064128,0.6180314423525988
1.0,252,0.1,5,"DFL-MDD (LB=252, n1=0.1)",0.055805984850671786,0.37508408939860893,0.02865083454138912,0.4238654428166111,0.4771692095258475,0.13165967120761657,0.304962740064128,0.6180314423525988
1.0,252,0.1,10,"DFL-MDD (LB=252, n1=0.1)",0.05193685699255601,0.35638072278257854,0.028654608388699515,0.4242890424712643,0.47780329546697586,0.12240914042420176,0.304962740064128,0.6180314423525988
1.0,252,0.1,20,"DFL-MDD (LB=252, n1=0.1)",0.04423562242877899,0.31892193042949624,0.028662156083318187,0.4251356553365052,0.47907146734923234,0.10405060564341599,0.304962740064128,0.6180314423525988
1.0,252,0.1,40,"DFL-MDD (LB=252, n1=0.1)",0.028980290945935128,0.24386535654765296,0.028712593802001016,0.4268265364836435,0.4816078111137454,0.06789711618657987,0.304962740064128,0.6180314423525988
1.0,252,0.2,0,"DFL-MDD (LB=252, n1=0.2)",0.13827944659436908,0.7859858006245566,0.027010491799589625,0.31287109323442974,0.33670063832537556,0.4419693910378655,0.33551202037552863,0.5482965141278465
1.0,252,0.2,5,"DFL-MDD (LB=252, n1=0.2)",0.13457973546435187,0.7686268784858479,0.027025035207192124,0.3133318566223075,0.33714781202064004,0.42951181814756895,0.33551202037552863,0.5482965141278465
1.0,252,0.2,10,"DFL-MDD (LB=252, n1=0.2)",0.13089028776252176,0.751232782929939,0.0270395786147943,0.31379262001018277,0.3375949857159044,0.41712353756618603,0.33551202037552863,0.5482965141278465
1.0,252,0.2,20,"DFL-MDD (LB=252, n1=0.2)",0.12354208722796445,0.7163481126872115,0.027073827770774803,0.3147141467859258,0.33848933310643325,0.39255333276373067,0.33551202037552863,0.5482965141278465
1.0,252,0.2,40,"DFL-MDD (LB=252, n1=0.2)",0.1089678002642398,0.646256787173111,0.027149791680390955,0.3195957486039285,0.3445722994917554,0.34095509939084606,0.33551202037552863,0.5482965141278465
1.0,252,0.3,0,"DFL-MDD (LB=252, n1=0.3)",0.12448326585704028,0.6826198375703627,0.0295645267032038,0.2605351476068101,0.2837980456656631,0.47779835831258327,0.48806593860095865,0.7049163424721906
1.0,252,0.3,5,"DFL-MDD (LB=252, n1=0.3)",0.11978644842256414,0.6618861140372511,0.029577336759268377,0.2605989813624396,0.2838598111575402,0.4596581604054699,0.48806593860095865,0.7049163424721906
1.0,252,0.3,10,"DFL-MDD (LB=252, n1=0.3)",0.11510676818795895,0.6411157823873256,0.029590146815332147,0.2606628151180661,0.2839215766494174,0.44159259191481753,0.48806593860095865,0.7049163424721906
1.0,252,0.3,20,"DFL-MDD (LB=252, n1=0.3)",0.10579860378894068,0.5994785498487332,0.029626759136119982,0.26079048262931026,0.28404510763317203,0.4056842975314987,0.48806593860095865,0.7049163424721906
1.0,252,0.3,40,"DFL-MDD (LB=252, n1=0.3)",0.08738555860740704,0.515911315447025,0.02971813625983611,0.261045817651762,0.2842921696006815,0.3347518047215189,0.48806593860095865,0.7049163424721906
1.0,252,0.4,0,"DFL-MDD (LB=252, n1=0.4)",0.07282548945143019,0.42395652214270424,0.03357105770759447,0.34532427973256846,0.3774545273043365,0.21089015080764043,0.4755776000780294,0.7295000456008128
1.0,252,0.4,5,"DFL-MDD (LB=252, n1=0.4)",0.06818839596758752,0.404757964344048,0.033599525530622544,0.3455171750329601,0.37761346690310793,0.19735168285439827,0.4755776000780294,0.7295000456008128
1.0,252,0.4,10,"DFL-MDD (LB=252, n1=0.4)",0.0635686835174818,0.38554554439590266,0.03362799335364959,0.34571007033334744,0.3777724065018796,0.18387859930663422,0.4755776000780294,0.7295000456008128
1.0,252,0.4,20,"DFL-MDD (LB=252, n1=0.4)",0.05438117919471108,0.3470900752064095,0.03368492899970032,0.3460958609341074,0.3780902856994224,0.15712750517219237,0.4755776000780294,0.7295000456008128
1.0,252,0.4,40,"DFL-MDD (LB=252, n1=0.4)",0.03621230354558791,0.27013330585097767,0.03379880029178766,0.3651685586248676,0.3900753734448433,0.09916599521064377,0.4755776000780294,0.7295000456008128
1.0,504,0.1,0,"DFL-MDD (LB=504, n1=0.1)",0.08749316324753109,0.5242974270065953,0.02820870715721306,0.3851289915315158,0.41591239364221655,0.22717885474392668,0.3064318704956315,0.4653400927978075
1.0,504,0.1,5,"DFL-MDD (LB=504, n1=0.1)",0.08449267829718621,0.5103267368585803,0.028217285449845912,0.3852132989399255,0.4159773103900163,0.2193399825700954,0.3064318704956315,0.4653400927978075
1.0,504,0.1,10,"DFL-MDD (LB=504, n1=0.1)",0.08149926149671449,0.4963366797237496,0.028225863742478378,0.3852976063483326,0.4160422271378158,0.2115228855117306,0.3064318704956315,0.4653400927978075
1.0,504,0.1,20,"DFL-MDD (LB=504, n1=0.1)",0.07553357649460768,0.46830313999938783,0.028243020327742178,0.3854662211651399,0.41617206063341516,0.19595381469924572,0.3064318704956315,0.4653400927978075
1.0,504,0.1,40,"DFL-MDD (LB=504, n1=0.1)",0.06368641119341767,0.41205537745495796,0.028277333498265174,0.3858034507987235,0.41643172762461356,0.16507475774273428,0.3064318704956315,0.4653400927978075
1.0,504,0.2,0,"DFL-MDD (LB=504, n1=0.2)",0.07841366744913936,0.458484060260658,0.03115898496485221,0.40120452952543423,0.443985637530206,0.1954456185286507,0.3172980001828219,0.6210939906763299
1.0,504,0.2,5,"DFL-MDD (LB=504, n1=0.2)",0.07444397084570165,0.4413374070826755,0.03118536245737527,0.4012071296235938,0.44398680949444724,0.18554996990454484,0.3172980001828219,0.6210939906763299
1.0,504,0.2,10,"DFL-MDD (LB=504, n1=0.2)",0.07048690730642737,0.4241758413712457,0.03121173994989775,0.4012097297217503,0.44398798145868834,0.1756859369730224,0.3172980001828219,0.6210939906763299
1.0,504,0.2,20,"DFL-MDD (LB=504, n1=0.2)",0.06261054289876755,0.38981596120749307,0.03126449493494088,0.4012149299180534,0.44399032538717054,0.15605237545858594,0.3172980001828219,0.6210939906763299
1.0,504,0.2,40,"DFL-MDD (LB=504, n1=0.2)",0.047007913396739376,0.3210052464577827,0.03137000490501959,0.40122533031062063,0.44399501324413504,0.11716088151421222,0.3172980001828219,0.6210939906763299
1.0,504,0.3,0,"DFL-MDD (LB=504, n1=0.3)",0.10433032414050447,0.5348419429595581,0.03347112818514819,0.46100639750932854,0.5037698950615322,0.22630992689372026,0.45208638734305806,0.7975922493479963
1.0,504,0.3,5,"DFL-MDD (LB=504, n1=0.3)",0.09911253843048473,0.5150392525282373,0.03347673515809863,0.46139345912950896,0.5041912502877726,0.21481132089734198,0.45208638734305806,0.7975922493479963
1.0,504,0.3,10,"DFL-MDD (LB=504, n1=0.3)",0.09391635023076605,0.49521291334820267,0.033483912773961726,0.46178052074968146,0.5046126055140129,0.20337876110053082,0.45208638734305806,0.7975922493479963
1.0,504,0.3,20,"DFL-MDD (LB=504, n1=0.3)",0.08358845813917748,0.4555005680362139,0.03350369734064579,0.4625546439900023,0.5054553159664936,0.18071045055362825,0.45208638734305806,0.7975922493479963
1.0,504,0.3,40,"DFL-MDD (LB=504, n1=0.3)",0.06318846663524225,0.3759164866232104,0.033573410014936245,0.48022680635557047,0.5156876715259026,0.13158046528393516,0.45208638734305806,0.7975922493479963
1.0,504,0.4,0,"DFL-MDD (LB=504, n1=0.4)",0.08137256212891542,0.4826425486126634,0.030184572812703484,0.37023678892346495,0.40005091325741027,0.21978518759182022,0.48315705825693445,0.8495760991062471
1.0,504,0.4,5,"DFL-MDD (LB=504, n1=0.4)",0.07593094098922193,0.4582134435052551,0.030210092978904285,0.37080737450623596,0.40062799481061717,0.20477192793119,0.48315705825693445,0.8495760991062471
1.0,504,0.4,10,"DFL-MDD (LB=504, n1=0.4)",0.0705132346417432,0.4337429934513284,0.03023927801326263,0.3713779600889983,0.4012050763638243,0.1898691958075763,0.48315705825693445,0.8495760991062471
1.0,504,0.4,20,"DFL-MDD (LB=504, n1=0.4)",0.05974920498226899,0.3846997972189752,0.030300236304341772,0.37251913125449654,0.40235923947023833,0.16039231264450274,0.48315705825693445,0.8495760991062471
1.0,504,0.4,40,"DFL-MDD (LB=504, n1=0.4)",0.038504164525182016,0.2863575329289904,0.03044969097100038,0.374801473585383,0.4046675656830666,0.1027321588321803,0.48315705825693445,0.8495760991062471
1.0,1260,0.1,0,"DFL-MDD (LB=1260, n1=0.1)",0.051172426172373164,0.3534678015593098,0.02866822821649995,0.39000991614709385,0.42100256307684136,0.13120801302896223,0.2852338395457162,0.5956781578726598
1.0,1260,0.1,5,"DFL-MDD (LB=1260, n1=0.1)",0.04746120887406313,0.3353519849834868,0.028681804218905628,0.390271599437897,0.42126833427578547,0.12161071656318267,0.2852338395457162,0.5956781578726598
1.0,1260,0.1,10,"DFL-MDD (LB=1260, n1=0.1)",0.043761526233315085,0.3172234347078782,0.02869538022131057,0.39053328272869586,0.421534105474729,0.1120558174103453,0.2852338395457162,0.5956781578726598
1.0,1260,0.1,20,"DFL-MDD (LB=1260, n1=0.1)",0.03639664028250711,0.28093642912322453,0.028722532226118307,0.3910566493102819,0.4220656478726166,0.09307255186018107,0.2852338395457162,0.5956781578726598
1.0,1260,0.1,40,"DFL-MDD (LB=1260, n1=0.1)",0.02180391724059172,0.20830098103665742,0.028802117065521275,0.40251216264472334,0.4231287326683919,0.054169586061477475,0.2852338395457162,0.5956781578726598
1.0,1260,0.2,0,"DFL-MDD (LB=1260, n1=0.2)",0.07604228457255924,0.48292534779155655,0.0276372978728652,0.39144491095761136,0.4364378971127596,0.19426050109351817,0.3518813500472425,0.6077644145236244
1.0,1260,0.2,5,"DFL-MDD (LB=1260, n1=0.2)",0.07216616354195993,0.4638315273025419,0.02765910036599067,0.3919277668344572,0.43688273433838354,0.18413128548258334,0.3518813500472425,0.6077644145236244
1.0,1260,0.2,10,"DFL-MDD (LB=1260, n1=0.2)",0.06830205512319854,0.44471024431282624,0.027680902859115467,0.3924106227112991,0.43732757156400714,0.17405760994406963,0.3518813500472425,0.6077644145236244
1.0,1260,0.2,20,"DFL-MDD (LB=1260, n1=0.2)",0.06060975038822658,0.40639673275805893,0.02772450784536316,0.3933763344649715,0.4382172460152547,0.1540757413769029,0.3518813500472425,0.6077644145236244
1.0,1260,0.2,40,"DFL-MDD (LB=1260, n1=0.2)",0.045367912992258175,0.32956657970579223,0.027833535629180214,0.3953077579722683,0.4399965949177498,0.1147660577507923,0.3518813500472425,0.6077644145236244
1.0,1260,0.3,0,"DFL-MDD (LB=1260, n1=0.3)",0.01658510160927329,0.18459287991426462,0.03197432604599773,0.5348953881649089,0.6586478175413918,0.031006252761071586,0.4827839237786297,0.7923663242026394
1.0,1260,0.3,5,"DFL-MDD (LB=1260, n1=0.3)",0.011813350544807921,0.16312879332647728,0.03199155087268687,0.5406730584862075,0.6708751325307172,0.02184934195851807,0.4827839237786297,0.7923663242026394
1.0,1260,0.3,10,"DFL-MDD (LB=1260, n1=0.3)",0.007061312908545281,0.14165561435566976,0.032008775699374284,0.5463823176252776,0.6831024475200435,0.01292375810758892,0.4827839237786297,0.7923663242026394
1.0,1260,0.3,20,"DFL-MDD (LB=1260, n1=0.3)",-0.0023839047850359174,0.09869579352585613,0.03204322535274371,0.5575986774518499,0.7075570774986955,-0.004275305665182901,0.4827839237786297,0.7923663242026394
1.0,1260,0.3,40,"DFL-MDD (LB=1260, n1=0.3)",-0.021040876693766974,0.012818944337542848,0.03212685916529928,0.5792438315950184,0.7564663374559982,-0.036324731559412356,0.4827839237786297,0.7923663242026394
1.0,1260,0.4,0,"DFL-MDD (LB=1260, n1=0.4)",0.12534254360661223,0.6831560398859426,0.02949658211829666,0.3241376393047639,0.3684811966581882,0.38669542925279304,0.5631998237986579,0.9299930571611887
1.0,1260,0.4,5,"DFL-MDD (LB=1260, n1=0.4)",0.11914499237168763,0.6560701836943919,0.02951603067354801,0.32864165878747753,0.3748911560541833,0.3625377037561792,0.5631998237986579,0.9299930571611887
1.0,1260,0.4,10,"DFL-MDD (LB=1260, n1=0.4)",0.11297738055079032,0.6289136507226757,0.029535479228797696,0.33423089559376246,0.38269764886418434,0.3380219543028282,0.5631998237986579,0.9299930571611887
1.0,1260,0.4,20,"DFL-MDD (LB=1260, n1=0.4)",0.10073147506001257,0.5744172655730765,0.02957437633929174,0.3477840168472957,0.40197871910857075,0.2896380228861343,0.5631998237986579,0.9299930571611887
1.0,1260,0.4,40,"DFL-MDD (LB=1260, n1=0.4)",0.07659346088203023,0.46489484023720806,0.029652170560256777,0.37703494351909217,0.446691783813022,0.20314684932601487,0.5631998237986579,0.9299930571611887
