x_max,lam,LB,MDD_Ann.Ret(%),MVO_Ann.Ret(%),Δ_Ann.Ret(%),MDD_Sharpe,MVO_Sharpe,Δ_Sharpe,MDD_MDD(%),MVO_MDD(%),Δ_MDD(%),MDD_Calmar,MVO_Calmar,Δ_Calmar,MDD_HHI,MVO_HHI,Δ_HHI,MDD_nActive,MVO_nActive,MDD_Turnover,MVO_Turnover,n,perwin_MDD,perwin_MVO,perwin_Δ,Cohen d,t,p,유의(0.05)
0.3,0.3,252,8.91,10.97,-2.06,0.5658,0.6669,-0.1011,35.1,35.87,-0.77,0.2536,0.3058,-0.0522,0.272,0.28,-0.008,4.31,4.0,0.3,0.1726,91,3.74,3.62,0.12,0.236,2.25,0.9867,✗
0.3,0.3,504,8.98,10.41,-1.43,0.5792,0.6249,-0.0457,33.46,35.84,-2.38,0.2682,0.2905,-0.0223,0.2711,0.28,-0.0089,4.38,4.0,0.3032,0.3142,91,3.65,4.0,-0.35,0.439,-4.19,0.0,✓
0.3,0.5,252,8.59,9.49,-0.9,0.5518,0.5888,-0.037,33.99,31.49,2.49,0.255,0.3012,-0.0462,0.2701,0.28,-0.0099,4.36,4.0,0.2839,0.2985,91,3.74,3.94,-0.2,0.244,-2.33,0.011,✓
0.3,0.5,504,10.91,11.27,-0.36,0.6748,0.6551,0.0197,33.41,35.01,-1.6,0.3269,0.3219,0.005,0.2676,0.28,-0.0124,4.45,4.0,0.3365,0.2746,91,3.67,3.8,-0.13,0.131,-1.25,0.1065,–
0.3,0.7,252,9.45,7.53,1.92,0.5939,0.463,0.1308,32.57,36.77,-4.2,0.29,0.2047,0.0853,0.2647,0.2799,-0.0152,4.59,4.0,0.3667,0.3687,91,3.74,4.31,-0.57,0.472,-4.51,0.0,✓
0.3,0.7,504,10.41,10.34,0.07,0.6458,0.6055,0.0403,32.45,37.89,-5.43,0.3209,0.2729,0.048,0.2604,0.28,-0.0196,4.73,4.0,0.3926,0.3111,91,3.75,3.93,-0.18,0.17,-1.62,0.0541,–
0.3,1.0,252,8.88,13.31,-4.43,0.5347,0.6882,-0.1535,33.71,39.97,-6.25,0.2668,0.333,-0.0662,0.2582,0.28,-0.0218,4.77,4.0,0.4127,0.2815,91,4.19,4.6,-0.42,0.269,-2.56,0.006,✓
0.3,1.0,504,10.94,12.71,-1.77,0.6274,0.7009,-0.0735,34.72,31.48,3.24,0.3137,0.4037,-0.09,0.2554,0.28,-0.0246,4.9,4.0,0.479,0.479,91,4.11,4.08,0.03,0.031,0.3,0.6171,–
0.6,0.3,252,6.7,12.18,-5.48,0.4458,0.7055,-0.2597,36.42,35.23,1.19,0.184,0.3457,-0.1618,0.4494,0.52,-0.0706,3.2,2.0,0.4573,0.2473,91,3.8,3.83,-0.03,0.026,-0.24,0.4039,–
0.6,0.3,504,8.19,5.62,2.57,0.526,0.4001,0.126,34.9,34.58,0.32,0.2346,0.1625,0.0721,0.4411,0.52,-0.0789,3.2,2.0,0.4632,0.338,91,3.72,3.87,-0.14,0.123,-1.17,0.1221,–
0.6,0.5,252,8.42,9.4,-0.98,0.5344,0.5658,-0.0314,35.69,32.53,3.16,0.2359,0.2888,-0.0529,0.4292,0.52,-0.0908,3.4,2.0,0.5601,0.4701,91,3.79,4.03,-0.24,0.213,-2.03,0.0227,✓
0.6,0.5,504,11.44,10.0,1.44,0.6974,0.6421,0.0553,31.59,29.55,2.03,0.3692,0.3383,0.0309,0.4259,0.52,-0.0941,3.42,2.0,0.5649,0.3891,91,3.67,3.67,-0.01,0.006,-0.06,0.4766,–
0.6,0.7,252,7.96,15.07,-7.11,0.5026,0.7581,-0.2555,37.26,36.49,0.78,0.2157,0.413,-0.1973,0.4106,0.52,-0.1094,3.74,2.0,0.4671,0.3444,91,3.84,4.44,-0.6,0.377,-3.59,0.0003,✓
0.6,0.7,504,8.61,9.63,-1.02,0.5333,0.6109,-0.0776,35.38,30.3,5.08,0.2434,0.3179,-0.0744,0.3945,0.52,-0.1255,3.94,2.0,0.494,0.4299,91,3.92,3.84,0.08,0.049,0.47,0.6785,–
0.6,1.0,252,9.37,9.62,-0.25,0.5435,0.4905,0.0531,39.04,49.77,-10.73,0.2391,0.1933,0.0457,0.3763,0.52,-0.1437,4.02,2.0,0.5034,0.2762,91,4.2,5.45,-1.25,0.415,-3.96,0.0001,✓
0.6,1.0,504,11.65,11.1,0.55,0.6304,0.5911,0.0392,35.67,34.15,1.52,0.3271,0.3251,0.002,0.3795,0.52,-0.1405,4.01,2.0,0.6197,0.5402,91,4.42,4.6,-0.18,0.114,-1.09,0.1399,–
1.0,0.3,252,7.62,13.3,-5.68,0.5052,0.6895,-0.1843,34.21,36.2,-1.99,0.2242,0.3675,-0.1433,0.6076,1.0,-0.3924,3.09,1.0,0.4748,0.7312,91,3.76,4.59,-0.84,0.301,-2.87,0.0025,✓
1.0,0.3,504,7.23,12.06,-4.83,0.4785,0.7079,-0.2294,35.24,27.07,8.17,0.2045,0.4456,-0.241,0.5319,1.0,-0.4681,3.39,1.0,0.5685,0.3871,91,3.79,4.18,-0.39,0.199,-1.9,0.0304,✓
1.0,0.5,252,5.97,9.81,-3.84,0.4186,0.5691,-0.1506,34.89,33.83,1.06,0.18,0.2899,-0.1099,0.5053,1.0,-0.4947,3.53,1.0,0.5397,0.4731,91,3.92,4.51,-0.6,0.302,-2.88,0.0024,✓
1.0,0.5,504,6.12,11.3,-5.18,0.4091,0.5954,-0.1863,37.75,42.38,-4.63,0.1591,0.2666,-0.1075,0.4512,1.0,-0.5488,3.81,1.0,0.6265,0.5161,91,3.86,4.65,-0.79,0.435,-4.15,0.0,✓
1.0,0.7,252,8.15,7.13,1.02,0.5323,0.4122,0.1201,31.02,40.95,-9.93,0.2716,0.1742,0.0974,0.4652,1.0,-0.5348,3.56,1.0,0.557,0.4731,91,3.86,4.84,-0.98,0.415,-3.96,0.0001,✓
1.0,0.7,504,9.75,9.35,0.4,0.5935,0.529,0.0645,33.65,43.58,-9.94,0.2919,0.2146,0.0773,0.4262,1.0,-0.5738,4.06,1.0,0.7007,0.2581,91,4.03,4.28,-0.25,0.115,-1.09,0.1386,–
1.0,1.0,252,9.88,-0.09,9.97,0.5716,0.1417,0.4299,33.55,60.19,-26.63,0.3179,-0.0015,0.3194,0.401,1.0,-0.599,4.03,1.0,0.6502,0.5376,91,4.34,5.84,-1.5,0.308,-2.94,0.0021,✓
1.0,1.0,504,8.79,12.95,-4.16,0.5001,0.5665,-0.0664,40.44,43.92,-3.48,0.2172,0.2949,-0.0777,0.3897,1.0,-0.6103,4.38,1.0,0.6834,0.5376,91,4.48,6.14,-1.66,0.48,-4.58,0.0,✓
