H,LB,n1,tc_bps,label,Ann.Ret,Sharpe,CVaR(5%),MDD,MDD_abs,Calmar,HHI,Turnover
126,1260,0.1,0,"PTO-MDD (LB=1260, n1=0.1)",0.06697012080363063,0.40730013191579534,0.03345689162802706,0.47195163463120643,0.5404026696359728,0.1419003895214232,0.8587922294816921,0.044327035804100995
126,1260,0.1,5,"PTO-MDD (LB=1260, n1=0.1)",0.06668933028868684,0.406089672164376,0.03345772229727428,0.47222091344829253,0.5409330872040408,0.1412248555185321,0.8587922294816921,0.044327035804100995
126,1260,0.1,10,"PTO-MDD (LB=1260, n1=0.1)",0.06640846840524173,0.4048780496766999,0.033458552966521504,0.4724901173518035,0.5414635047721087,0.1405499627450213,0.8587922294816921,0.044327035804100995
126,1260,0.1,20,"PTO-MDD (LB=1260, n1=0.1)",0.06584653009684605,0.4024513585500739,0.03346021430501598,0.47302830047896227,0.5425243399082441,0.13920209428538058,0.8587922294816921,0.044327035804100995
126,1260,0.1,40,"PTO-MDD (LB=1260, n1=0.1)",0.06472179224800678,0.397584487720782,0.03346353698200486,0.4741037684397447,0.5446460101805148,0.1365139797292733,0.8587922294816921,0.044327035804100995
126,1260,0.2,0,"PTO-MDD (LB=1260, n1=0.2)",0.07777564365973388,0.45241939332992676,0.03366413912361602,0.47195893066175354,0.5405598854115088,0.16479324489993663,0.8649353019467896,0.04074382600737977
126,1260,0.2,5,"PTO-MDD (LB=1260, n1=0.2)",0.07751493252164221,0.45131388307485365,0.033664501434354954,0.47222988688871564,0.5410937077501932,0.1641466045614654,0.8649353019467896,0.04074382600737977
126,1260,0.2,10,"PTO-MDD (LB=1260, n1=0.2)",0.07725414558364196,0.4502071475772064,0.03366486374509389,0.47250076746741937,0.5416275300888773,0.16350057161043416,0.8649353019467896,0.04074382600737977
126,1260,0.2,20,"PTO-MDD (LB=1260, n1=0.2)",0.07673234378872351,0.44799003660879083,0.03366558836657172,0.4730423017416925,0.542695174766247,0.1622103213390895,0.8649353019467896,0.04074382600737977
126,1260,0.2,40,"PTO-MDD (LB=1260, n1=0.2)",0.07568782487023307,0.4435415066975056,0.03366703760952737,0.474124463189028,0.5448304641209853,0.15963703780476202,0.8649353019467896,0.04074382600737977
126,1260,0.3,0,"PTO-MDD (LB=1260, n1=0.3)",0.07029804486094338,0.4193346436510111,0.03363820734105831,0.4728193360497052,0.5493240282135015,0.14867844753008458,0.9076188296864587,0.040728272202448686
126,1260,0.3,5,"PTO-MDD (LB=1260, n1=0.3)",0.07003922315598898,0.4182371241212052,0.03363820734394607,0.47319403763902035,0.5500670449096106,0.14801374820918087,0.9076188296864587,0.040728272202448686
126,1260,0.3,10,"PTO-MDD (LB=1260, n1=0.3)",0.0697802897323685,0.4171381666254413,0.033638207346833836,0.4735686086844886,0.5508100616057208,0.14734990545820592,0.9076188296864587,0.040728272202448686
126,1260,0.3,20,"PTO-MDD (LB=1260, n1=0.3)",0.06926208693642288,0.4149359819403758,0.03363820735260935,0.4743173592755713,0.5522960949979387,0.1460247776459309,0.9076188296864587,0.040728272202448686
126,1260,0.3,40,"PTO-MDD (LB=1260, n1=0.3)",0.06822433196983169,0.4105148456545253,0.03363820736416034,0.47581329537976674,0.5552681617823769,0.14338466919265147,0.9076188296864587,0.040728272202448686
126,1260,0.4,0,"PTO-MDD (LB=1260, n1=0.4)",0.08366547968012794,0.4794528243565082,0.03340285426889577,0.47333649957053864,0.5518326880577448,0.17675687325689546,0.8626637110224532,0.04604056332659498
126,1260,0.4,5,"PTO-MDD (LB=1260, n1=0.4)",0.0833692743306258,0.4781833647005341,0.03340398370402496,0.47373986542240015,0.5526348861115625,0.1759811246594019,0.8626637110224532,0.04604056332659498
126,1260,0.4,10,"PTO-MDD (LB=1260, n1=0.4)",0.08307299977692773,0.4769126025579225,0.03340511313915417,0.4741430864842405,0.55343708416538,0.17520660350737444,0.8626637110224532,0.04604056332659498
126,1260,0.4,20,"PTO-MDD (LB=1260, n1=0.4)",0.082480242631509,0.4743672165080568,0.03340737200941254,0.4749490943870487,0.5550414802730149,0.17366122725339386,0.8626637110224532,0.04604056332659498
126,1260,0.4,40,"PTO-MDD (LB=1260, n1=0.4)",0.08129389319736324,0.46926131893480993,0.03341188974992924,0.4765593743530913,0.558250272488286,0.1705850258231887,0.8626637110224532,0.04604056332659498
