lam,LB,n1,fold,window,min_n1,failed
0.3,252,0.1,1,0,0.06281778128249206,False
0.3,252,0.1,1,1,0.04399193929506845,False
0.3,252,0.1,1,2,0.019841745217263073,False
0.3,252,0.1,1,3,0.03777313513254013,False
0.3,252,0.1,1,4,0.03566409861436532,False
0.3,252,0.1,1,5,0.03099645920818896,False
0.3,252,0.1,1,6,0.03345613964584397,False
0.3,252,0.1,1,7,0.040537498982535176,False
0.3,252,0.1,1,8,0.046789279039105215,False
0.3,252,0.1,1,9,0.033817300315847794,False
0.3,252,0.1,1,10,0.04501810537025434,False
0.3,252,0.1,1,11,0.02754028014389565,False
0.3,252,0.1,2,0,0.09314656557308337,False
0.3,252,0.1,2,1,0.0932312606638578,False
0.3,252,0.1,2,2,0.09452567483477063,False
0.3,252,0.1,2,3,0.09117695184492208,False
0.3,252,0.1,2,4,0.07322859503252699,False
0.3,252,0.1,2,5,0.05625059596560762,False
0.3,252,0.1,2,6,0.08459467651953005,False
0.3,252,0.1,2,7,0.079456302558152,False
0.3,252,0.1,2,8,0.0791021640444428,False
0.3,252,0.1,2,9,0.07971182831822209,False
0.3,252,0.1,2,10,0.09255771738227324,False
0.3,252,0.1,2,11,0.0762756060547812,False
0.3,252,0.1,2,12,0.05703572407870861,False
0.3,252,0.1,3,0,0.040784342042911606,False
0.3,252,0.1,3,1,0.05148330650626378,False
0.3,252,0.1,3,2,0.06562677891376299,False
0.3,252,0.1,3,3,0.08593033376614409,False
0.3,252,0.1,3,4,0.0904814161351961,False
0.3,252,0.1,3,5,0.10460137038125299,True
0.3,252,0.1,3,6,0.10092807062816964,True
0.3,252,0.1,3,7,0.1055880015972891,True
0.3,252,0.1,3,8,0.09106992719248697,False
0.3,252,0.1,3,9,0.11565749625882714,True
0.3,252,0.1,3,10,0.07165922523392812,False
0.3,252,0.1,3,11,0.12872759799029637,True
0.3,252,0.1,3,12,0.0924193725553456,False
0.3,252,0.1,4,0,0.11137250672631269,True
0.3,252,0.1,4,1,0.13363582855897507,True
0.3,252,0.1,4,2,0.15852107197568965,True
0.3,252,0.1,4,3,0.11634348617257081,True
0.3,252,0.1,4,4,0.10322663417480281,True
0.3,252,0.1,4,5,0.091373254350754,False
0.3,252,0.1,4,6,0.08447478022577477,False
0.3,252,0.1,4,7,0.0886114378794678,False
0.3,252,0.1,4,8,0.07567120011908947,False
0.3,252,0.1,4,9,0.077329906549567,False
0.3,252,0.1,4,10,0.05619885169047422,False
0.3,252,0.1,4,11,0.09419606841609757,False
0.3,252,0.1,4,12,0.11008575819090807,True
0.3,252,0.1,5,0,0.04829669072942176,False
0.3,252,0.1,5,1,0.049212980116899015,False
0.3,252,0.1,5,2,0.027397525814896694,False
0.3,252,0.1,5,3,0.042534694567546834,False
0.3,252,0.1,5,4,0.03231860862647837,False
0.3,252,0.1,5,5,0.036090946112279323,False
0.3,252,0.1,5,6,0.03981870443927579,False
0.3,252,0.1,5,7,0.05777502607650338,False
0.3,252,0.1,5,8,0.04020611572761405,False
0.3,252,0.1,5,9,0.04647770640711615,False
0.3,252,0.1,5,10,0.08297654826093585,False
0.3,252,0.1,5,11,0.04893293048832377,False
0.3,252,0.1,6,0,0.06738582397607047,False
0.3,252,0.1,6,1,0.031703956647732574,False
0.3,252,0.1,6,2,0.021398992141790318,False
0.3,252,0.1,6,3,0.06805396775624757,False
0.3,252,0.1,6,4,0.04691112266364867,False
0.3,252,0.1,6,5,0.049813656278987255,False
0.3,252,0.1,6,6,0.04756822656827547,False
0.3,252,0.1,6,7,0.035301208288194795,False
0.3,252,0.1,6,8,0.0526198094456902,False
0.3,252,0.1,6,9,0.03514896586350655,False
0.3,252,0.1,6,10,0.05953439332653859,False
0.3,252,0.1,6,11,0.040863071060674334,False
0.3,252,0.1,7,0,0.049131854071393276,False
0.3,252,0.1,7,1,0.054928051270665655,False
0.3,252,0.1,7,2,0.040482386953978204,False
0.3,252,0.1,7,3,0.03697095013365684,False
0.3,252,0.1,7,4,0.044957616604884,False
0.3,252,0.1,7,5,0.048957328024335,False
0.3,252,0.1,7,6,0.04859919088364078,False
0.3,252,0.1,7,7,0.03920150687568317,False
0.3,252,0.1,7,8,0.05022622263064551,False
0.3,252,0.1,7,9,0.043839817441879134,False
0.3,252,0.1,7,10,0.04372095755800633,False
0.3,252,0.1,7,11,0.04157336042216398,False
0.3,252,0.1,7,12,0.03913513500729944,False
0.3,252,0.1,8,0,0.06052392905472454,False
0.3,252,0.1,8,1,0.07358533752849539,False
0.3,252,0.1,8,2,0.0592088818609206,False
0.3,252,0.1,8,3,0.05897774214034333,False
0.3,252,0.1,8,4,0.062023753836127606,False
0.3,252,0.1,8,5,0.061289168766415617,False
0.3,252,0.2,1,0,0.0458078001581686,False
0.3,252,0.2,1,1,0.055186367500890066,False
0.3,252,0.2,1,2,0.04890480283064024,False
0.3,252,0.2,1,3,0.058374584638810026,False
0.3,252,0.2,1,4,0.06519876532706306,False
0.3,252,0.2,1,5,0.07568833011929359,False
0.3,252,0.2,1,6,0.04978464652797559,False
0.3,252,0.2,1,7,0.06229228429950452,False
0.3,252,0.2,1,8,0.048379580784064485,False
0.3,252,0.2,1,9,0.06577665129656167,False
0.3,252,0.2,1,10,0.0474928354358453,False
0.3,252,0.2,1,11,0.04501016248652205,False
0.3,252,0.2,2,0,0.0464573256839521,False
0.3,252,0.2,2,1,0.047651388262407515,False
0.3,252,0.2,2,2,0.030108394327495812,False
0.3,252,0.2,2,3,0.0451241644017138,False
0.3,252,0.2,2,4,0.053948933062532616,False
0.3,252,0.2,2,5,0.0399499240316474,False
0.3,252,0.2,2,6,0.04672601231659045,False
0.3,252,0.2,2,7,0.05124539233350742,False
0.3,252,0.2,2,8,0.035897476778129996,False
0.3,252,0.2,2,9,0.04977402522878405,False
0.3,252,0.2,2,10,0.04108524189117922,False
0.3,252,0.2,2,11,0.05592587602474418,False
0.3,252,0.2,2,12,0.034296298385930575,False
0.3,252,0.2,3,0,0.09088821002525035,False
0.3,252,0.2,3,1,0.08419029154525128,False
0.3,252,0.2,3,2,0.08600191990721892,False
0.3,252,0.2,3,3,0.15059590603785375,False
0.3,252,0.2,3,4,0.16938851757043308,False
0.3,252,0.2,3,5,0.23885292408323755,True
0.3,252,0.2,3,6,0.11798403399518646,False
0.3,252,0.2,3,7,0.16376114874035325,False
0.3,252,0.2,3,8,0.14962406391057706,False
0.3,252,0.2,3,9,0.2040205280323987,True
0.3,252,0.2,3,10,0.17880159625315298,False
0.3,252,0.2,3,11,0.1859699344405118,False
0.3,252,0.2,3,12,0.17437814253870096,False
0.3,252,0.2,4,0,0.6027430474243626,True
0.3,252,0.2,4,1,0.3854363972249466,True
0.3,252,0.2,4,2,0.27719747116214155,True
0.3,252,0.2,4,3,0.13281358773943258,False
0.3,252,0.2,4,4,0.2863006749253344,True
0.3,252,0.2,4,5,0.19772003134834717,False
0.3,252,0.2,4,6,0.23105763159907544,True
0.3,252,0.2,4,7,0.1689600004292627,False
0.3,252,0.2,4,8,0.21507515003144687,True
0.3,252,0.2,4,9,0.1758141149577049,False
0.3,252,0.2,4,10,0.10761862439559634,False
0.3,252,0.2,4,11,0.16288192718079247,False
0.3,252,0.2,4,12,0.20803675338072522,True
0.3,252,0.2,5,0,0.038555397171242144,False
0.3,252,0.2,5,1,0.052798545683579196,False
0.3,252,0.2,5,2,0.04088484522793125,False
0.3,252,0.2,5,3,0.04713368911940098,False
0.3,252,0.2,5,4,0.05460442134019199,False
0.3,252,0.2,5,5,0.05371155035524088,False
0.3,252,0.2,5,6,0.04107154335404257,False
0.3,252,0.2,5,7,0.05805024604391585,False
0.3,252,0.2,5,8,0.05924088931595076,False
0.3,252,0.2,5,9,0.05245326119139769,False
0.3,252,0.2,5,10,0.02947626149951179,False
0.3,252,0.2,5,11,0.04009631865642874,False
0.3,252,0.2,6,0,0.09068369115644717,False
0.3,252,0.2,6,1,0.0846800769703115,False
0.3,252,0.2,6,2,0.13459863625855023,False
0.3,252,0.2,6,3,0.11874214825799585,False
0.3,252,0.2,6,4,0.08632310232818777,False
0.3,252,0.2,6,5,0.10121108488477563,False
0.3,252,0.2,6,6,0.10656009889851087,False
0.3,252,0.2,6,7,0.12353580440504136,False
0.3,252,0.2,6,8,0.10264476963313501,False
0.3,252,0.2,6,9,0.09575256759023336,False
0.3,252,0.2,6,10,0.06697191178524346,False
0.3,252,0.2,6,11,0.07070251377383557,False
0.3,252,0.2,7,0,0.07482805492486844,False
0.3,252,0.2,7,1,0.0668242659880074,False
0.3,252,0.2,7,2,0.08351484001759173,False
0.3,252,0.2,7,3,0.07358604910383756,False
0.3,252,0.2,7,4,0.05869431227301946,False
0.3,252,0.2,7,5,0.052138392355762196,False
0.3,252,0.2,7,6,0.07543776565214128,False
0.3,252,0.2,7,7,0.06423694307964618,False
0.3,252,0.2,7,8,0.08234149345405956,False
0.3,252,0.2,7,9,0.07398106474279915,False
0.3,252,0.2,7,10,0.09188481489767975,False
0.3,252,0.2,7,11,0.07118595343433932,False
0.3,252,0.2,7,12,0.07032927515581723,False
0.3,252,0.2,8,0,0.13147404397420842,False
0.3,252,0.2,8,1,0.10824174037265731,False
0.3,252,0.2,8,2,0.1618908383683487,False
0.3,252,0.2,8,3,0.12646703911851534,False
0.3,252,0.2,8,4,0.18854040820717613,False
0.3,252,0.2,8,5,0.13789713859596428,False
0.3,252,0.3,1,0,0.05453892109574775,False
0.3,252,0.3,1,1,0.08113854409269083,False
0.3,252,0.3,1,2,0.07849812962163148,False
0.3,252,0.3,1,3,0.09133243773153388,False
0.3,252,0.3,1,4,0.08188759171353065,False
0.3,252,0.3,1,5,0.09451051478268543,False
0.3,252,0.3,1,6,0.09556545720545172,False
0.3,252,0.3,1,7,0.07629615117766372,False
0.3,252,0.3,1,8,0.06305850512509292,False
0.3,252,0.3,1,9,0.07182234780243056,False
0.3,252,0.3,1,10,0.0778076018724894,False
0.3,252,0.3,1,11,0.08116620087308112,False
0.3,252,0.3,2,0,0.10589673018023843,False
0.3,252,0.3,2,1,0.1390998775611738,False
0.3,252,0.3,2,2,0.13351417006164185,False
0.3,252,0.3,2,3,0.11472837879023448,False
0.3,252,0.3,2,4,0.11603492852530899,False
0.3,252,0.3,2,5,0.12409615609225602,False
0.3,252,0.3,2,6,0.12570397475985495,False
0.3,252,0.3,2,7,0.15724933153788476,False
0.3,252,0.3,2,8,0.08738946371908694,False
0.3,252,0.3,2,9,0.21376143298221245,False
0.3,252,0.3,2,10,0.1263954508648402,False
0.3,252,0.3,2,11,0.14049351154689438,False
0.3,252,0.3,2,12,0.10031656298189037,False
0.3,252,0.3,3,0,0.1028145720165844,False
0.3,252,0.3,3,1,0.11616156583570636,False
0.3,252,0.3,3,2,0.10214495941054422,False
0.3,252,0.3,3,3,0.1997570097126311,False
0.3,252,0.3,3,4,0.18753050433423163,False
0.3,252,0.3,3,5,0.5115729177874209,True
0.3,252,0.3,3,6,0.18076039210649372,False
0.3,252,0.3,3,7,0.17600246303541967,False
0.3,252,0.3,3,8,0.18196709614284168,False
0.3,252,0.3,3,9,0.19065278064148608,False
0.3,252,0.3,3,10,0.26171109888172994,False
0.3,252,0.3,3,11,0.24154018098234117,False
0.3,252,0.3,3,12,0.39110813838922515,True
0.3,252,0.3,4,0,0.1396233383375148,False
0.3,252,0.3,4,1,0.2339723503478602,False
0.3,252,0.3,4,2,0.20487415001706763,False
0.3,252,0.3,4,3,0.16627943486285554,False
0.3,252,0.3,4,4,0.1626846214306762,False
0.3,252,0.3,4,5,0.16731085466098689,False
0.3,252,0.3,4,6,0.10791166348589125,False
0.3,252,0.3,4,7,0.08592538731094657,False
0.3,252,0.3,4,8,0.11986651070265598,False
0.3,252,0.3,4,9,0.09756580860408756,False
0.3,252,0.3,4,10,0.10330316746202121,False
0.3,252,0.3,4,11,0.12333871056687898,False
0.3,252,0.3,4,12,0.0899206387033266,False
0.3,252,0.3,5,0,0.11633862911192495,False
0.3,252,0.3,5,1,0.13240136027995753,False
0.3,252,0.3,5,2,0.12315430478428603,False
0.3,252,0.3,5,3,0.13255353466892028,False
0.3,252,0.3,5,4,0.18672958024941225,False
0.3,252,0.3,5,5,0.10832881149907746,False
0.3,252,0.3,5,6,0.1406348271112704,False
0.3,252,0.3,5,7,0.1055319667180291,False
0.3,252,0.3,5,8,0.09492413511752366,False
0.3,252,0.3,5,9,0.15110665127219225,False
0.3,252,0.3,5,10,0.12472530523317621,False
0.3,252,0.3,5,11,0.1812304566852039,False
0.3,252,0.3,6,0,0.19912925986620805,False
0.3,252,0.3,6,1,0.17427932130977303,False
0.3,252,0.3,6,2,0.15676573231043522,False
0.3,252,0.3,6,3,0.2218849361121964,False
0.3,252,0.3,6,4,0.15313749701974352,False
0.3,252,0.3,6,5,0.13450577033260902,False
0.3,252,0.3,6,6,0.16855579753220448,False
0.3,252,0.3,6,7,0.3491154279919124,True
0.3,252,0.3,6,8,0.11012857285057058,False
0.3,252,0.3,6,9,0.1638411817351855,False
0.3,252,0.3,6,10,0.1735425709162555,False
0.3,252,0.3,6,11,0.13663588769955842,False
0.3,252,0.3,7,0,0.10896463392506327,False
0.3,252,0.3,7,1,0.12945936489766924,False
0.3,252,0.3,7,2,0.20834688868974688,False
0.3,252,0.3,7,3,0.09845367713841029,False
0.3,252,0.3,7,4,0.10929283646369609,False
0.3,252,0.3,7,5,0.14678656242527835,False
0.3,252,0.3,7,6,0.06531920920598618,False
0.3,252,0.3,7,7,0.1466374218257652,False
0.3,252,0.3,7,8,0.1196822956119604,False
0.3,252,0.3,7,9,0.20171678718742986,False
0.3,252,0.3,7,10,0.12779691186389341,False
0.3,252,0.3,7,11,0.10891305481654803,False
0.3,252,0.3,7,12,0.1001950334574378,False
0.3,252,0.3,8,0,0.07232708106820598,False
0.3,252,0.3,8,1,0.06166129841517459,False
0.3,252,0.3,8,2,0.053122035900209794,False
0.3,252,0.3,8,3,0.050784735301646136,False
0.3,252,0.3,8,4,0.06288413250384121,False
0.3,252,0.3,8,5,0.06929761903730672,False
0.3,252,0.4,1,0,0.09485805636702763,False
0.3,252,0.4,1,1,0.09099598574966236,False
0.3,252,0.4,1,2,0.08702390242713887,False
0.3,252,0.4,1,3,0.1043063264824757,False
0.3,252,0.4,1,4,0.08922301591794249,False
0.3,252,0.4,1,5,0.10144072147834163,False
0.3,252,0.4,1,6,0.09554676618842278,False
0.3,252,0.4,1,7,0.09656079860315178,False
0.3,252,0.4,1,8,0.1004999623763541,False
0.3,252,0.4,1,9,0.12499555373569618,False
0.3,252,0.4,1,10,0.12427196248257158,False
0.3,252,0.4,1,11,0.14548878789234218,False
0.3,252,0.4,2,0,0.12400036203596292,False
0.3,252,0.4,2,1,0.11183223324575728,False
0.3,252,0.4,2,2,0.08145453704038735,False
0.3,252,0.4,2,3,0.16173430217983414,False
0.3,252,0.4,2,4,0.09906425970298721,False
0.3,252,0.4,2,5,0.08475529518651642,False
0.3,252,0.4,2,6,0.09875888498182267,False
0.3,252,0.4,2,7,0.11536367632551646,False
0.3,252,0.4,2,8,0.12763962979285573,False
0.3,252,0.4,2,9,0.08018038839387581,False
0.3,252,0.4,2,10,0.0858550419086063,False
0.3,252,0.4,2,11,0.0961393736353343,False
0.3,252,0.4,2,12,0.09710218941656264,False
0.3,252,0.4,3,0,0.08931163794392198,False
0.3,252,0.4,3,1,0.08280976350929264,False
0.3,252,0.4,3,2,0.08203363780049788,False
0.3,252,0.4,3,3,0.17290915045908267,False
0.3,252,0.4,3,4,0.13840551265592924,False
0.3,252,0.4,3,5,0.14913948541864624,False
0.3,252,0.4,3,6,0.14903641612585292,False
0.3,252,0.4,3,7,0.14682761252135557,False
0.3,252,0.4,3,8,0.22315687677991639,False
0.3,252,0.4,3,9,0.269661149286288,False
0.3,252,0.4,3,10,0.20581301442440844,False
0.3,252,0.4,3,11,0.20226133667643884,False
0.3,252,0.4,3,12,0.17038561521163592,False
0.3,252,0.4,4,0,0.34383643318420354,False
0.3,252,0.4,4,1,0.7875827420987918,True
0.3,252,0.4,4,2,0.7319985290868638,True
0.3,252,0.4,4,3,0.2344225662842187,False
0.3,252,0.4,4,4,0.4740273864678856,True
0.3,252,0.4,4,5,0.2644238003130255,False
0.3,252,0.4,4,6,0.3231830806693548,False
0.3,252,0.4,4,7,0.314554648953395,False
0.3,252,0.4,4,8,0.7838114334094853,True
0.3,252,0.4,4,9,0.31687358522833603,False
0.3,252,0.4,4,10,0.2599870105318417,False
0.3,252,0.4,4,11,0.1608393625951955,False
0.3,252,0.4,4,12,0.18220632779948379,False
0.3,252,0.4,5,0,0.09688256816083363,False
0.3,252,0.4,5,1,0.0607339904519636,False
0.3,252,0.4,5,2,0.1240607386002923,False
0.3,252,0.4,5,3,0.09700279979724064,False
0.3,252,0.4,5,4,0.13349233532136953,False
0.3,252,0.4,5,5,0.11038111387192232,False
0.3,252,0.4,5,6,0.16417437050762226,False
0.3,252,0.4,5,7,0.10592970781958745,False
0.3,252,0.4,5,8,0.09523116008547719,False
0.3,252,0.4,5,9,0.11619758945621271,False
0.3,252,0.4,5,10,0.08065127458110853,False
0.3,252,0.4,5,11,0.07828961071349122,False
0.3,252,0.4,6,0,0.10403939958280822,False
0.3,252,0.4,6,1,0.11934731598014828,False
0.3,252,0.4,6,2,0.1318926126028822,False
0.3,252,0.4,6,3,0.13997414264168923,False
0.3,252,0.4,6,4,0.10863548481728834,False
0.3,252,0.4,6,5,0.11795942305702407,False
0.3,252,0.4,6,6,0.0884783216476944,False
0.3,252,0.4,6,7,0.12580101172015815,False
0.3,252,0.4,6,8,0.0829945946955646,False
0.3,252,0.4,6,9,0.13408154613978007,False
0.3,252,0.4,6,10,0.0985095734079391,False
0.3,252,0.4,6,11,0.07243880133404666,False
0.3,252,0.4,7,0,0.04497441641316289,False
0.3,252,0.4,7,1,0.05239905015469347,False
0.3,252,0.4,7,2,0.03491986848495009,False
0.3,252,0.4,7,3,0.06019371249334702,False
0.3,252,0.4,7,4,0.037142341812744166,False
0.3,252,0.4,7,5,0.03847907306587559,False
0.3,252,0.4,7,6,0.06622000293110103,False
0.3,252,0.4,7,7,0.075691520571188,False
0.3,252,0.4,7,8,0.04423146474074291,False
0.3,252,0.4,7,9,0.028469216710484517,False
0.3,252,0.4,7,10,0.043331145739807564,False
0.3,252,0.4,7,11,0.06417685385954915,False
0.3,252,0.4,7,12,0.029580685028493228,False
0.3,252,0.4,8,0,0.08093339004158683,False
0.3,252,0.4,8,1,0.09612042476114771,False
0.3,252,0.4,8,2,0.11449427869551028,False
0.3,252,0.4,8,3,0.12720461993219118,False
0.3,252,0.4,8,4,0.16012119166300223,False
0.3,252,0.4,8,5,0.10837637967641334,False
0.3,504,0.1,1,0,0.04085163666468796,False
0.3,504,0.1,1,1,0.06107347586474532,False
0.3,504,0.1,1,2,0.04447946422015159,False
0.3,504,0.1,1,3,0.046008847356284,False
0.3,504,0.1,1,4,0.038576079702180126,False
0.3,504,0.1,1,5,0.033243433551772596,False
0.3,504,0.1,1,6,0.03364446787955591,False
0.3,504,0.1,1,7,0.04308173805072782,False
0.3,504,0.1,1,8,0.041766358947960464,False
0.3,504,0.1,1,9,0.03910864903253521,False
0.3,504,0.1,1,10,0.046542822666670744,False
0.3,504,0.1,1,11,0.02963924535642488,False
0.3,504,0.1,2,0,0.02734433539468166,False
0.3,504,0.1,2,1,0.04470288397791862,False
0.3,504,0.1,2,2,0.06984359160604965,False
0.3,504,0.1,2,3,0.0373838199762736,False
0.3,504,0.1,2,4,0.034259457222245486,False
0.3,504,0.1,2,5,0.04146697669573177,False
0.3,504,0.1,2,6,0.046979849948849295,False
0.3,504,0.1,2,7,0.04107846646568122,False
0.3,504,0.1,2,8,0.048283399978076534,False
0.3,504,0.1,2,9,0.036885490921295234,False
0.3,504,0.1,2,10,0.032266635424417295,False
0.3,504,0.1,2,11,0.024641606530616186,False
0.3,504,0.1,2,12,0.04888814315788542,False
0.3,504,0.1,3,0,0.041358073634799965,False
0.3,504,0.1,3,1,0.0509447764520926,False
0.3,504,0.1,3,2,0.04753981141766902,False
0.3,504,0.1,3,3,0.07215876909610018,False
0.3,504,0.1,3,4,0.06283752233105341,False
0.3,504,0.1,3,5,0.07407593189383944,False
0.3,504,0.1,3,6,0.038961441413072194,False
0.3,504,0.1,3,7,0.0533182467239641,False
0.3,504,0.1,3,8,0.0723091587366516,False
0.3,504,0.1,3,9,0.05065830861028753,False
0.3,504,0.1,3,10,0.0781248387233589,False
0.3,504,0.1,3,11,0.06152563811508271,False
0.3,504,0.1,3,12,0.11310059178504667,True
0.3,504,0.1,4,0,0.02590402557977649,False
0.3,504,0.1,4,1,0.04687698262222767,False
0.3,504,0.1,4,2,0.04687656772244841,False
0.3,504,0.1,4,3,0.045210040442481024,False
0.3,504,0.1,4,4,0.024961674502118957,False
0.3,504,0.1,4,5,0.022528134403966,False
0.3,504,0.1,4,6,0.0335338610534351,False
0.3,504,0.1,4,7,0.06407668235854148,False
0.3,504,0.1,4,8,0.061458931615875255,False
0.3,504,0.1,4,9,0.05730802752643516,False
0.3,504,0.1,4,10,0.02612604121451761,False
0.3,504,0.1,4,11,0.05901836430428817,False
0.3,504,0.1,4,12,0.03916807272473802,False
0.3,504,0.1,5,0,0.08114024900336178,False
0.3,504,0.1,5,1,0.09921413518120992,False
0.3,504,0.1,5,2,0.07055614350392012,False
0.3,504,0.1,5,3,0.06310189884708921,False
0.3,504,0.1,5,4,0.07037468070204728,False
0.3,504,0.1,5,5,0.07341834746110544,False
0.3,504,0.1,5,6,0.0785143467321575,False
0.3,504,0.1,5,7,0.08296674906710509,False
0.3,504,0.1,5,8,0.05715744765935196,False
0.3,504,0.1,5,9,0.05482332390469646,False
0.3,504,0.1,5,10,0.07151446232232445,False
0.3,504,0.1,5,11,0.06840847003169896,False
0.3,504,0.1,6,0,0.11581874465058556,True
0.3,504,0.1,6,1,0.08441911980320344,False
0.3,504,0.1,6,2,0.11569834005253349,True
0.3,504,0.1,6,3,0.09784134420469034,False
0.3,504,0.1,6,4,0.12134520306893747,True
0.3,504,0.1,6,5,0.06580543293733299,False
0.3,504,0.1,6,6,0.07660240896137022,False
0.3,504,0.1,6,7,0.089545547791288,False
0.3,504,0.1,6,8,0.10495358521490832,True
0.3,504,0.1,6,9,0.10056946244740933,True
0.3,504,0.1,6,10,0.09286407952410242,False
0.3,504,0.1,6,11,0.09157603357496785,False
0.3,504,0.1,7,0,0.01840297586506645,False
0.3,504,0.1,7,1,0.0176863343321066,False
0.3,504,0.1,7,2,0.014038876080052479,False
0.3,504,0.1,7,3,0.03904701835281933,False
0.3,504,0.1,7,4,0.04879392783968096,False
0.3,504,0.1,7,5,0.03226454812886581,False
0.3,504,0.1,7,6,0.024008888054538408,False
0.3,504,0.1,7,7,0.02428658186477362,False
0.3,504,0.1,7,8,0.035134557590968424,False
0.3,504,0.1,7,9,0.02841603694453138,False
0.3,504,0.1,7,10,0.02415699046950618,False
0.3,504,0.1,7,11,0.0339755016234307,False
0.3,504,0.1,7,12,0.029408412042347634,False
0.3,504,0.1,8,0,0.05593370028200932,False
0.3,504,0.1,8,1,0.034342695545798135,False
0.3,504,0.1,8,2,0.055452789995859314,False
0.3,504,0.1,8,3,0.057737425877008836,False
0.3,504,0.1,8,4,0.07132895219930248,False
0.3,504,0.1,8,5,0.04948606267353946,False
0.3,504,0.2,1,0,0.040446173199504706,False
0.3,504,0.2,1,1,0.031191903080913647,False
0.3,504,0.2,1,2,0.04354810132720213,False
0.3,504,0.2,1,3,0.059133736981323654,False
0.3,504,0.2,1,4,0.059919494693116256,False
0.3,504,0.2,1,5,0.06900535840391535,False
0.3,504,0.2,1,6,0.05307833752109814,False
0.3,504,0.2,1,7,0.04095244420220756,False
0.3,504,0.2,1,8,0.04775220790141817,False
0.3,504,0.2,1,9,0.056059209118988464,False
0.3,504,0.2,1,10,0.040807507932507335,False
0.3,504,0.2,1,11,0.04061488441873735,False
0.3,504,0.2,2,0,0.07830250416354749,False
0.3,504,0.2,2,1,0.06032683122627696,False
0.3,504,0.2,2,2,0.06688692144084613,False
0.3,504,0.2,2,3,0.06316630641209417,False
0.3,504,0.2,2,4,0.08498351128271359,False
0.3,504,0.2,2,5,0.07538449845716885,False
0.3,504,0.2,2,6,0.07262017517525077,False
0.3,504,0.2,2,7,0.06980995929579703,False
0.3,504,0.2,2,8,0.07748321739100826,False
0.3,504,0.2,2,9,0.07110134271571414,False
0.3,504,0.2,2,10,0.0747387840076982,False
0.3,504,0.2,2,11,0.10673919358557284,False
0.3,504,0.2,2,12,0.07517517924459169,False
0.3,504,0.2,3,0,0.07915581990191163,False
0.3,504,0.2,3,1,0.0768877525288917,False
0.3,504,0.2,3,2,0.07450123761157226,False
0.3,504,0.2,3,3,0.12036322960528889,False
0.3,504,0.2,3,4,0.13438804865580523,False
0.3,504,0.2,3,5,0.11711413290788601,False
0.3,504,0.2,3,6,0.15246918130099762,False
0.3,504,0.2,3,7,0.09949313804803857,False
0.3,504,0.2,3,8,0.09898756719331209,False
0.3,504,0.2,3,9,0.09782539104943143,False
0.3,504,0.2,3,10,0.04952851711840465,False
0.3,504,0.2,3,11,0.1620270640042761,False
0.3,504,0.2,3,12,0.12458694273563431,False
0.3,504,0.2,4,0,0.1333358072110782,False
0.3,504,0.2,4,1,0.194847749205702,False
0.3,504,0.2,4,2,0.15311295226975943,False
0.3,504,0.2,4,3,0.18442022713113151,False
0.3,504,0.2,4,4,0.14879374700647666,False
0.3,504,0.2,4,5,0.14131553020757617,False
0.3,504,0.2,4,6,0.12676657008243106,False
0.3,504,0.2,4,7,0.12618262135893957,False
0.3,504,0.2,4,8,0.10670387785723866,False
0.3,504,0.2,4,9,0.1540028903535369,False
0.3,504,0.2,4,10,0.12886811003791981,False
0.3,504,0.2,4,11,0.14998577065382498,False
0.3,504,0.2,4,12,0.14303533758244075,False
0.3,504,0.2,5,0,0.15584933875586296,False
0.3,504,0.2,5,1,0.23925596294377433,True
0.3,504,0.2,5,2,0.2416270385665654,True
0.3,504,0.2,5,3,0.10517554511375374,False
0.3,504,0.2,5,4,0.10739113619141744,False
0.3,504,0.2,5,5,0.1563016827536615,False
0.3,504,0.2,5,6,0.2024412864618876,True
0.3,504,0.2,5,7,0.1405622792688968,False
0.3,504,0.2,5,8,0.18771885243942737,False
0.3,504,0.2,5,9,0.10456842715239113,False
0.3,504,0.2,5,10,0.10664286343261888,False
0.3,504,0.2,5,11,0.11478236321157644,False
0.3,504,0.2,6,0,0.07977186044884295,False
0.3,504,0.2,6,1,0.08403291962177843,False
0.3,504,0.2,6,2,0.056381951009632704,False
0.3,504,0.2,6,3,0.09108418135209408,False
0.3,504,0.2,6,4,0.04334453352131401,False
0.3,504,0.2,6,5,0.05308552358736819,False
0.3,504,0.2,6,6,0.07615587413432093,False
0.3,504,0.2,6,7,0.1033569990565021,False
0.3,504,0.2,6,8,0.06978523752231999,False
0.3,504,0.2,6,9,0.06490378812380403,False
0.3,504,0.2,6,10,0.06353154364613012,False
0.3,504,0.2,6,11,0.04754612812292286,False
0.3,504,0.2,7,0,0.13209727333967491,False
0.3,504,0.2,7,1,0.1453548104330555,False
0.3,504,0.2,7,2,0.12385859085675303,False
0.3,504,0.2,7,3,0.14557801188914005,False
0.3,504,0.2,7,4,0.18608950820948333,False
0.3,504,0.2,7,5,0.13481602406712148,False
0.3,504,0.2,7,6,0.10216057000256616,False
0.3,504,0.2,7,7,0.10410845532772109,False
0.3,504,0.2,7,8,0.1044989626242081,False
0.3,504,0.2,7,9,0.13846783540362217,False
0.3,504,0.2,7,10,0.09993292223494134,False
0.3,504,0.2,7,11,0.13412433400347715,False
0.3,504,0.2,7,12,0.14936092501038617,False
0.3,504,0.2,8,0,0.11662349967214343,False
0.3,504,0.2,8,1,0.06042341507927218,False
0.3,504,0.2,8,2,0.0723809094796866,False
0.3,504,0.2,8,3,0.09998629506272232,False
0.3,504,0.2,8,4,0.08043731234822714,False
0.3,504,0.2,8,5,0.12921553613423054,False
0.3,504,0.3,1,0,0.07193528157637308,False
0.3,504,0.3,1,1,0.032604199767711055,False
0.3,504,0.3,1,2,0.04817534675552444,False
0.3,504,0.3,1,3,0.05935738274185662,False
0.3,504,0.3,1,4,0.07638330545319887,False
0.3,504,0.3,1,5,0.0571257341741965,False
0.3,504,0.3,1,6,0.03688422508674209,False
0.3,504,0.3,1,7,0.07126570466561614,False
0.3,504,0.3,1,8,0.044088010867357794,False
0.3,504,0.3,1,9,0.05094795347576739,False
0.3,504,0.3,1,10,0.06105902950499401,False
0.3,504,0.3,1,11,0.055519630383888054,False
0.3,504,0.3,2,0,0.09896193313670876,False
0.3,504,0.3,2,1,0.09203913544882168,False
0.3,504,0.3,2,2,0.12832333820476147,False
0.3,504,0.3,2,3,0.1336626148115975,False
0.3,504,0.3,2,4,0.1406562097762136,False
0.3,504,0.3,2,5,0.16473359863397447,False
0.3,504,0.3,2,6,0.10042195029695324,False
0.3,504,0.3,2,7,0.15425859699907335,False
0.3,504,0.3,2,8,0.11862282913628189,False
0.3,504,0.3,2,9,0.15153736510865487,False
0.3,504,0.3,2,10,0.13841210460520645,False
0.3,504,0.3,2,11,0.21146545947550963,False
0.3,504,0.3,2,12,0.1760205139287665,False
0.3,504,0.3,3,0,0.10782819590777473,False
0.3,504,0.3,3,1,0.10625496102510912,False
0.3,504,0.3,3,2,0.09048650424822484,False
0.3,504,0.3,3,3,0.12243200988784454,False
0.3,504,0.3,3,4,0.09233743529004061,False
0.3,504,0.3,3,5,0.12592690754393981,False
0.3,504,0.3,3,6,0.17015213957840095,False
0.3,504,0.3,3,7,0.19209117345351787,False
0.3,504,0.3,3,8,0.18432655844985144,False
0.3,504,0.3,3,9,0.1326763175361505,False
0.3,504,0.3,3,10,0.20218655662287857,False
0.3,504,0.3,3,11,0.08895877101599302,False
0.3,504,0.3,3,12,0.08321962929724432,False
0.3,504,0.3,4,0,0.20376360616625266,False
0.3,504,0.3,4,1,0.2244213988154812,False
0.3,504,0.3,4,2,0.3161911742466666,True
0.3,504,0.3,4,3,0.22873747930715854,False
0.3,504,0.3,4,4,0.4541587458437993,True
0.3,504,0.3,4,5,0.18738609244037646,False
0.3,504,0.3,4,6,0.2315333801847533,False
0.3,504,0.3,4,7,0.24484417764247868,False
0.3,504,0.3,4,8,0.2471038233817572,False
0.3,504,0.3,4,9,0.2933801360888836,False
0.3,504,0.3,4,10,0.4127835207830843,True
0.3,504,0.3,4,11,0.2271794873102114,False
0.3,504,0.3,4,12,0.27910018489855154,False
0.3,504,0.3,5,0,0.165536367475248,False
0.3,504,0.3,5,1,0.14670831849473817,False
0.3,504,0.3,5,2,0.11500524811176416,False
0.3,504,0.3,5,3,0.13142235119054615,False
0.3,504,0.3,5,4,0.13355491456572524,False
0.3,504,0.3,5,5,0.251347431273912,False
0.3,504,0.3,5,6,0.14849737338290792,False
0.3,504,0.3,5,7,0.10705702652527233,False
0.3,504,0.3,5,8,0.16496440993556388,False
0.3,504,0.3,5,9,0.1560105780014089,False
0.3,504,0.3,5,10,0.14281190343355005,False
0.3,504,0.3,5,11,0.19156022896059818,False
0.3,504,0.3,6,0,0.15948462218795992,False
0.3,504,0.3,6,1,0.11163179693668106,False
0.3,504,0.3,6,2,0.11234721877975626,False
0.3,504,0.3,6,3,0.12715628582267066,False
0.3,504,0.3,6,4,0.13328542408930863,False
0.3,504,0.3,6,5,0.16507938376872683,False
0.3,504,0.3,6,6,0.19548846154010785,False
0.3,504,0.3,6,7,0.13071156185794408,False
0.3,504,0.3,6,8,0.14344490358686596,False
0.3,504,0.3,6,9,0.11204628502506846,False
0.3,504,0.3,6,10,0.11021471266651402,False
0.3,504,0.3,6,11,0.13370809193810268,False
0.3,504,0.3,7,0,0.15824230237211437,False
0.3,504,0.3,7,1,0.15160563185499834,False
0.3,504,0.3,7,2,0.20090983667067255,False
0.3,504,0.3,7,3,0.17062819649122873,False
0.3,504,0.3,7,4,0.15565892334903159,False
0.3,504,0.3,7,5,0.15698690096744133,False
0.3,504,0.3,7,6,0.1147444944309601,False
0.3,504,0.3,7,7,0.08559012197927085,False
0.3,504,0.3,7,8,0.1467039056285223,False
0.3,504,0.3,7,9,0.17133104605215896,False
0.3,504,0.3,7,10,0.0984256626975442,False
0.3,504,0.3,7,11,0.1403316604370444,False
0.3,504,0.3,7,12,0.2340917119535938,False
0.3,504,0.3,8,0,0.061870106874939615,False
0.3,504,0.3,8,1,0.1349774301514598,False
0.3,504,0.3,8,2,0.09768207941819315,False
0.3,504,0.3,8,3,0.06976221262242327,False
0.3,504,0.3,8,4,0.1287062544130418,False
0.3,504,0.3,8,5,0.10409998997637109,False
0.3,504,0.4,1,0,0.12882260191034167,False
0.3,504,0.4,1,1,0.0984012661693379,False
0.3,504,0.4,1,2,0.11133678007937424,False
0.3,504,0.4,1,3,0.11134981295225568,False
0.3,504,0.4,1,4,0.13593644338080482,False
0.3,504,0.4,1,5,0.11538366630949726,False
0.3,504,0.4,1,6,0.24926875917535557,False
0.3,504,0.4,1,7,0.10467447801761286,False
0.3,504,0.4,1,8,0.17738423849479007,False
0.3,504,0.4,1,9,0.0663233927614617,False
0.3,504,0.4,1,10,0.1269622182805699,False
0.3,504,0.4,1,11,0.18912945990742858,False
0.3,504,0.4,2,0,0.10935694309474611,False
0.3,504,0.4,2,1,0.1250948664557524,False
0.3,504,0.4,2,2,0.0686040584969614,False
0.3,504,0.4,2,3,0.12975659247610233,False
0.3,504,0.4,2,4,0.14749330286477264,False
0.3,504,0.4,2,5,0.10720959614420354,False
0.3,504,0.4,2,6,0.1223859978256699,False
0.3,504,0.4,2,7,0.0892088050263189,False
0.3,504,0.4,2,8,0.09431912901205142,False
0.3,504,0.4,2,9,0.09523590053537383,False
0.3,504,0.4,2,10,0.13732293116799849,False
0.3,504,0.4,2,11,0.14172172113888898,False
0.3,504,0.4,2,12,0.12127024578863609,False
0.3,504,0.4,3,0,0.11334905557115361,False
0.3,504,0.4,3,1,0.1549407060335995,False
0.3,504,0.4,3,2,0.09348620096845667,False
0.3,504,0.4,3,3,0.2748429769359247,False
0.3,504,0.4,3,4,0.21603464061589156,False
0.3,504,0.4,3,5,0.1772107217016492,False
0.3,504,0.4,3,6,0.3463195755919467,False
0.3,504,0.4,3,7,0.22342811741195903,False
0.3,504,0.4,3,8,0.36489022982637986,False
0.3,504,0.4,3,9,0.13723451522079874,False
0.3,504,0.4,3,10,0.20183249048754726,False
0.3,504,0.4,3,11,0.31807803562882725,False
0.3,504,0.4,3,12,0.38716640619244996,False
0.3,504,0.4,4,0,0.1467270236806569,False
0.3,504,0.4,4,1,0.09598559593910871,False
0.3,504,0.4,4,2,0.08081227597980599,False
0.3,504,0.4,4,3,0.12505002410612404,False
0.3,504,0.4,4,4,0.1244439048990891,False
0.3,504,0.4,4,5,0.10869040508373348,False
0.3,504,0.4,4,6,0.10274724627559238,False
0.3,504,0.4,4,7,0.14148068265460048,False
0.3,504,0.4,4,8,0.15956110787497563,False
0.3,504,0.4,4,9,0.08626792033791743,False
0.3,504,0.4,4,10,0.13550044073680864,False
0.3,504,0.4,4,11,0.10099169061012239,False
0.3,504,0.4,4,12,0.1329617500366023,False
0.3,504,0.4,5,0,0.28506261963689006,False
0.3,504,0.4,5,1,0.19045206623245783,False
0.3,504,0.4,5,2,0.2391161428542463,False
0.3,504,0.4,5,3,0.25390648843777086,False
0.3,504,0.4,5,4,0.24295722446350898,False
0.3,504,0.4,5,5,0.1961876014142997,False
0.3,504,0.4,5,6,0.32533385791296215,False
0.3,504,0.4,5,7,0.24574567262591002,False
0.3,504,0.4,5,8,0.2703693914047341,False
0.3,504,0.4,5,9,0.27649009020588705,False
0.3,504,0.4,5,10,0.275412215000322,False
0.3,504,0.4,5,11,0.3250102125534418,False
0.3,504,0.4,6,0,0.16967547445169504,False
0.3,504,0.4,6,1,0.17201498455032532,False
0.3,504,0.4,6,2,0.24056249960386544,False
0.3,504,0.4,6,3,0.1620809273420741,False
0.3,504,0.4,6,4,0.13476981019064477,False
0.3,504,0.4,6,5,0.13272867149544493,False
0.3,504,0.4,6,6,0.20249138949880188,False
0.3,504,0.4,6,7,0.2204711060088259,False
0.3,504,0.4,6,8,0.1393778238756402,False
0.3,504,0.4,6,9,0.1796244346130887,False
0.3,504,0.4,6,10,0.15043619794976112,False
0.3,504,0.4,6,11,0.17777400124449094,False
0.3,504,0.4,7,0,0.21346133004930543,False
0.3,504,0.4,7,1,0.2725497080551569,False
0.3,504,0.4,7,2,0.15539493099127186,False
0.3,504,0.4,7,3,0.2608213813289081,False
0.3,504,0.4,7,4,0.26557837816403534,False
0.3,504,0.4,7,5,0.12488461639869144,False
0.3,504,0.4,7,6,0.12911076979503824,False
0.3,504,0.4,7,7,0.3158430079897489,False
0.3,504,0.4,7,8,0.18268109483194309,False
0.3,504,0.4,7,9,0.13194370258288718,False
0.3,504,0.4,7,10,0.28631399055360757,False
0.3,504,0.4,7,11,0.16829040713860177,False
0.3,504,0.4,7,12,0.11885798666903881,False
0.3,504,0.4,8,0,0.075797726625701,False
0.3,504,0.4,8,1,0.0907672295350861,False
0.3,504,0.4,8,2,0.09253974827070023,False
0.3,504,0.4,8,3,0.06752691774515769,False
0.3,504,0.4,8,4,0.1354035017963128,False
0.3,504,0.4,8,5,0.08879882863096228,False
0.5,252,0.1,1,0,0.05919003845028982,False
0.5,252,0.1,1,1,0.048438853271479614,False
0.5,252,0.1,1,2,0.03676743235074243,False
0.5,252,0.1,1,3,0.04467004666027456,False
0.5,252,0.1,1,4,0.0349572548432323,False
0.5,252,0.1,1,5,0.04708111711143997,False
0.5,252,0.1,1,6,0.032875677783513156,False
0.5,252,0.1,1,7,0.05423615680305376,False
0.5,252,0.1,1,8,0.06427991898373032,False
0.5,252,0.1,1,9,0.041655078453006526,False
0.5,252,0.1,1,10,0.04690244048017874,False
0.5,252,0.1,1,11,0.05776817488511411,False
0.5,252,0.1,2,0,0.08014238644655815,False
0.5,252,0.1,2,1,0.07637342790781065,False
0.5,252,0.1,2,2,0.09719857410090761,False
0.5,252,0.1,2,3,0.060134052973055255,False
0.5,252,0.1,2,4,0.08126123960313057,False
0.5,252,0.1,2,5,0.048055577229837054,False
0.5,252,0.1,2,6,0.07522764770968852,False
0.5,252,0.1,2,7,0.0674006906513918,False
0.5,252,0.1,2,8,0.07113004458387617,False
0.5,252,0.1,2,9,0.0652924611497696,False
0.5,252,0.1,2,10,0.07429121440346335,False
0.5,252,0.1,2,11,0.06844045864472048,False
0.5,252,0.1,2,12,0.05060133427152897,False
0.5,252,0.1,3,0,0.043396221519736586,False
0.5,252,0.1,3,1,0.03518728924183048,False
0.5,252,0.1,3,2,0.04595036350371281,False
0.5,252,0.1,3,3,0.07429574652004958,False
0.5,252,0.1,3,4,0.0624511285526865,False
0.5,252,0.1,3,5,0.09962781782942695,False
0.5,252,0.1,3,6,0.08547398830679491,False
0.5,252,0.1,3,7,0.07906346815135594,False
0.5,252,0.1,3,8,0.0901564592912886,False
0.5,252,0.1,3,9,0.09213378608902628,False
0.5,252,0.1,3,10,0.07878923235961717,False
0.5,252,0.1,3,11,0.087465168897491,False
0.5,252,0.1,3,12,0.08029058416737679,False
0.5,252,0.1,4,0,0.13046849416771367,True
0.5,252,0.1,4,1,0.15155931378991652,True
0.5,252,0.1,4,2,0.21899657068843983,True
0.5,252,0.1,4,3,0.08351834841324064,False
0.5,252,0.1,4,4,0.1016440137581625,True
0.5,252,0.1,4,5,0.07788149042320322,False
0.5,252,0.1,4,6,0.09051205325657478,False
0.5,252,0.1,4,7,0.07972808432794054,False
0.5,252,0.1,4,8,0.09438110190452285,False
0.5,252,0.1,4,9,0.08724443930039527,False
0.5,252,0.1,4,10,0.0672143674243448,False
0.5,252,0.1,4,11,0.07377161655129892,False
0.5,252,0.1,4,12,0.09857722729582007,False
0.5,252,0.1,5,0,0.07029420076862157,False
0.5,252,0.1,5,1,0.0374967035271086,False
0.5,252,0.1,5,2,0.0661606319978812,False
0.5,252,0.1,5,3,0.04883046690020959,False
0.5,252,0.1,5,4,0.04273156842375171,False
0.5,252,0.1,5,5,0.055867523139718024,False
0.5,252,0.1,5,6,0.05028559808307199,False
0.5,252,0.1,5,7,0.06539041322513829,False
0.5,252,0.1,5,8,0.060257734116322126,False
0.5,252,0.1,5,9,0.06462621680469381,False
0.5,252,0.1,5,10,0.06403921355972872,False
0.5,252,0.1,5,11,0.06262064848905183,False
0.5,252,0.1,6,0,0.06779931026833283,False
0.5,252,0.1,6,1,0.05686507838405404,False
0.5,252,0.1,6,2,0.12113209847008666,True
0.5,252,0.1,6,3,0.07202443721533307,False
0.5,252,0.1,6,4,0.05357452652135834,False
0.5,252,0.1,6,5,0.150104988871292,True
0.5,252,0.1,6,6,0.06976907624433575,False
0.5,252,0.1,6,7,0.06497921950782916,False
0.5,252,0.1,6,8,0.061193179689029285,False
0.5,252,0.1,6,9,0.04953476691215797,False
0.5,252,0.1,6,10,0.05710407301015976,False
0.5,252,0.1,6,11,0.04296005959796115,False
0.5,252,0.1,7,0,0.09060108417704986,False
0.5,252,0.1,7,1,0.09231124223521552,False
0.5,252,0.1,7,2,0.11166231007858378,True
0.5,252,0.1,7,3,0.07653712545787064,False
0.5,252,0.1,7,4,0.07076217757108894,False
0.5,252,0.1,7,5,0.09415034822616662,False
0.5,252,0.1,7,6,0.10886664987208147,True
0.5,252,0.1,7,7,0.07480625481571866,False
0.5,252,0.1,7,8,0.09848409868572264,False
0.5,252,0.1,7,9,0.08277888011542088,False
0.5,252,0.1,7,10,0.1138420564757498,True
0.5,252,0.1,7,11,0.09124890687469488,False
0.5,252,0.1,7,12,0.08762525250652382,False
0.5,252,0.1,8,0,0.08021495408206736,False
0.5,252,0.1,8,1,0.05714620771042028,False
0.5,252,0.1,8,2,0.08577129315827836,False
0.5,252,0.1,8,3,0.07213726502556696,False
0.5,252,0.1,8,4,0.058404875804179975,False
0.5,252,0.1,8,5,0.06806107008457453,False
0.5,252,0.2,1,0,0.11032617086351205,False
0.5,252,0.2,1,1,0.10570262663055721,False
0.5,252,0.2,1,2,0.08593326094757811,False
0.5,252,0.2,1,3,0.1182299164464605,False
0.5,252,0.2,1,4,0.07887707225742394,False
0.5,252,0.2,1,5,0.08669775508470548,False
0.5,252,0.2,1,6,0.11308479045490291,False
0.5,252,0.2,1,7,0.07949582242073905,False
0.5,252,0.2,1,8,0.07190700555433283,False
0.5,252,0.2,1,9,0.10664566919585078,False
0.5,252,0.2,1,10,0.09717757004679412,False
0.5,252,0.2,1,11,0.09405108897665378,False
0.5,252,0.2,2,0,0.06942296384842433,False
0.5,252,0.2,2,1,0.0753405845442582,False
0.5,252,0.2,2,2,0.09241292863186362,False
0.5,252,0.2,2,3,0.07300812187630142,False
0.5,252,0.2,2,4,0.06807794296516148,False
0.5,252,0.2,2,5,0.0834572832066532,False
0.5,252,0.2,2,6,0.06525277955641567,False
0.5,252,0.2,2,7,0.08895603634762263,False
0.5,252,0.2,2,8,0.07379452556779566,False
0.5,252,0.2,2,9,0.09325934204688453,False
0.5,252,0.2,2,10,0.06365247095692161,False
0.5,252,0.2,2,11,0.06631432529281195,False
0.5,252,0.2,2,12,0.06332346105228603,False
0.5,252,0.2,3,0,0.0943065731345049,False
0.5,252,0.2,3,1,0.1270724256517144,False
0.5,252,0.2,3,2,0.06771099721182566,False
0.5,252,0.2,3,3,0.2192404383881417,True
0.5,252,0.2,3,4,0.16281046971813903,False
0.5,252,0.2,3,5,0.19496007641856278,False
0.5,252,0.2,3,6,0.31640069847217683,True
0.5,252,0.2,3,7,0.1161023789229827,False
0.5,252,0.2,3,8,0.1614644117492865,False
0.5,252,0.2,3,9,0.1719988854128679,False
0.5,252,0.2,3,10,0.15934304634923938,False
0.5,252,0.2,3,11,0.15343952463016386,False
0.5,252,0.2,3,12,0.1772104275729202,False
0.5,252,0.2,4,0,0.13796300897633726,False
0.5,252,0.2,4,1,0.0817436904816493,False
0.5,252,0.2,4,2,0.0949386835946867,False
0.5,252,0.2,4,3,0.07306779588110981,False
0.5,252,0.2,4,4,0.08015776666072812,False
0.5,252,0.2,4,5,0.07148112801365115,False
0.5,252,0.2,4,6,0.08056913954330486,False
0.5,252,0.2,4,7,0.06540979327823382,False
0.5,252,0.2,4,8,0.08245791492767236,False
0.5,252,0.2,4,9,0.03669566653038866,False
0.5,252,0.2,4,10,0.08675284842879231,False
0.5,252,0.2,4,11,0.0815849707151699,False
0.5,252,0.2,4,12,0.0671717355451622,False
0.5,252,0.2,5,0,0.08351147082325111,False
0.5,252,0.2,5,1,0.0986996959814485,False
0.5,252,0.2,5,2,0.07705061664140227,False
0.5,252,0.2,5,3,0.07823823137223497,False
0.5,252,0.2,5,4,0.1112842884022331,False
0.5,252,0.2,5,5,0.14190888033706114,False
0.5,252,0.2,5,6,0.1396115944208635,False
0.5,252,0.2,5,7,0.13205493460613305,False
0.5,252,0.2,5,8,0.0891527856478174,False
0.5,252,0.2,5,9,0.14367631918645443,False
0.5,252,0.2,5,10,0.19737812430380391,False
0.5,252,0.2,5,11,0.11648715853100612,False
0.5,252,0.2,6,0,0.29788600051251324,True
0.5,252,0.2,6,1,0.48443593901391785,True
0.5,252,0.2,6,2,0.5175603196196111,True
0.5,252,0.2,6,3,0.3286071823583001,True
0.5,252,0.2,6,4,0.33739097292199516,True
0.5,252,0.2,6,5,0.21931677072730763,True
0.5,252,0.2,6,6,0.6065878694482301,True
0.5,252,0.2,6,7,0.2834098133069327,True
0.5,252,0.2,6,8,0.29419064261456934,True
0.5,252,0.2,6,9,0.38206585139476457,True
0.5,252,0.2,6,10,0.22895847321735596,True
0.5,252,0.2,6,11,0.1965362862479657,False
0.5,252,0.2,7,0,0.11071198331537203,False
0.5,252,0.2,7,1,0.10437240271547021,False
0.5,252,0.2,7,2,0.08141940246684068,False
0.5,252,0.2,7,3,0.09569212128884794,False
0.5,252,0.2,7,4,0.08483686181612698,False
0.5,252,0.2,7,5,0.12104708629876539,False
0.5,252,0.2,7,6,0.07459463028295071,False
0.5,252,0.2,7,7,0.06364697103609443,False
0.5,252,0.2,7,8,0.10633718473498584,False
0.5,252,0.2,7,9,0.07518716605286661,False
0.5,252,0.2,7,10,0.08826524704305024,False
0.5,252,0.2,7,11,0.10228258337866335,False
0.5,252,0.2,7,12,0.08580107514467436,False
0.5,252,0.2,8,0,0.11894829967882573,False
0.5,252,0.2,8,1,0.11358245761896497,False
0.5,252,0.2,8,2,0.098976483901024,False
0.5,252,0.2,8,3,0.08816628675774046,False
0.5,252,0.2,8,4,0.14388573272220756,False
0.5,252,0.2,8,5,0.05532124664390079,False
0.5,252,0.3,1,0,0.12483433325900595,False
0.5,252,0.3,1,1,0.06936497399994111,False
0.5,252,0.3,1,2,0.10612681743430963,False
0.5,252,0.3,1,3,0.10972266226972911,False
0.5,252,0.3,1,4,0.09543110215968112,False
0.5,252,0.3,1,5,0.13278763782395483,False
0.5,252,0.3,1,6,0.12385529300124899,False
0.5,252,0.3,1,7,0.20313018630408808,False
0.5,252,0.3,1,8,0.13943302235111932,False
0.5,252,0.3,1,9,0.11120597531781527,False
0.5,252,0.3,1,10,0.12487331713451064,False
0.5,252,0.3,1,11,0.1332989897390961,False
0.5,252,0.3,2,0,0.11728886505487639,False
0.5,252,0.3,2,1,0.14319260225465968,False
0.5,252,0.3,2,2,0.10655652518458666,False
0.5,252,0.3,2,3,0.136107703647049,False
0.5,252,0.3,2,4,0.19524595372530384,False
0.5,252,0.3,2,5,0.12944049038027064,False
0.5,252,0.3,2,6,0.12026528675320254,False
0.5,252,0.3,2,7,0.11199965575568639,False
0.5,252,0.3,2,8,0.1390719553153524,False
0.5,252,0.3,2,9,0.16190530095076788,False
0.5,252,0.3,2,10,0.12712157913500377,False
0.5,252,0.3,2,11,0.09008854442096141,False
0.5,252,0.3,2,12,0.14530194768445742,False
0.5,252,0.3,3,0,0.11350097898066643,False
0.5,252,0.3,3,1,0.1122922157056421,False
0.5,252,0.3,3,2,0.10827971086393173,False
0.5,252,0.3,3,3,0.1705275471736484,False
0.5,252,0.3,3,4,0.2143716422331611,False
0.5,252,0.3,3,5,0.21702585770525087,False
0.5,252,0.3,3,6,0.3188121170786164,True
0.5,252,0.3,3,7,0.2728219228505156,False
0.5,252,0.3,3,8,0.1749813748220621,False
0.5,252,0.3,3,9,0.19124504382038512,False
0.5,252,0.3,3,10,0.2537667149854898,False
0.5,252,0.3,3,11,0.19512301253962164,False
0.5,252,0.3,3,12,0.19177194507506223,False
0.5,252,0.3,4,0,0.27597739350690265,False
0.5,252,0.3,4,1,0.12994127760078655,False
0.5,252,0.3,4,2,0.15195654769412878,False
0.5,252,0.3,4,3,0.08747953327704572,False
0.5,252,0.3,4,4,0.130792894109619,False
0.5,252,0.3,4,5,0.05820941660059056,False
0.5,252,0.3,4,6,0.11111867926959822,False
0.5,252,0.3,4,7,0.10499441432706885,False
0.5,252,0.3,4,8,0.1265144554989736,False
0.5,252,0.3,4,9,0.07372883894585548,False
0.5,252,0.3,4,10,0.13779055756672778,False
0.5,252,0.3,4,11,0.08749171711617347,False
0.5,252,0.3,4,12,0.1088924383196003,False
0.5,252,0.3,5,0,0.09284247645279514,False
0.5,252,0.3,5,1,0.0735444705440476,False
0.5,252,0.3,5,2,0.11060040004761551,False
0.5,252,0.3,5,3,0.0719102371665925,False
0.5,252,0.3,5,4,0.11685954375095017,False
0.5,252,0.3,5,5,0.06887416786773694,False
0.5,252,0.3,5,6,0.0970054438451314,False
0.5,252,0.3,5,7,0.09827312047525964,False
0.5,252,0.3,5,8,0.07553313474982977,False
0.5,252,0.3,5,9,0.17450190542618035,False
0.5,252,0.3,5,10,0.08059733676708525,False
0.5,252,0.3,5,11,0.14012939837786523,False
0.5,252,0.3,6,0,0.10010014734738049,False
0.5,252,0.3,6,1,0.14969869466266314,False
0.5,252,0.3,6,2,0.1402602375712859,False
0.5,252,0.3,6,3,0.12578428642357764,False
0.5,252,0.3,6,4,0.14374116623771307,False
0.5,252,0.3,6,5,0.12909705805299512,False
0.5,252,0.3,6,6,0.15055187963477093,False
0.5,252,0.3,6,7,0.10800181940203522,False
0.5,252,0.3,6,8,0.13112528334651008,False
0.5,252,0.3,6,9,0.13906111946084165,False
0.5,252,0.3,6,10,0.09701167541818315,False
0.5,252,0.3,6,11,0.06954341464855632,False
0.5,252,0.3,7,0,0.1499379360192482,False
0.5,252,0.3,7,1,0.2808318870361128,False
0.5,252,0.3,7,2,0.20230647778449715,False
0.5,252,0.3,7,3,0.19291312809408914,False
0.5,252,0.3,7,4,0.2780511998732275,False
0.5,252,0.3,7,5,0.23574680219730645,False
0.5,252,0.3,7,6,0.2847877559160078,False
0.5,252,0.3,7,7,0.27850094753517773,False
0.5,252,0.3,7,8,0.2691214219874458,False
0.5,252,0.3,7,9,0.18782400244806305,False
0.5,252,0.3,7,10,0.2286412698400189,False
0.5,252,0.3,7,11,0.36375619912590257,True
0.5,252,0.3,7,12,0.251258616004235,False
0.5,252,0.3,8,0,0.07256421700280079,False
0.5,252,0.3,8,1,0.09484202557667464,False
0.5,252,0.3,8,2,0.06870253246444191,False
0.5,252,0.3,8,3,0.08839568407963411,False
0.5,252,0.3,8,4,0.08792841422588668,False
0.5,252,0.3,8,5,0.13910507205041323,False
0.5,252,0.4,1,0,0.0937579494339948,False
0.5,252,0.4,1,1,0.09474410371378474,False
0.5,252,0.4,1,2,0.08624492646328227,False
0.5,252,0.4,1,3,0.1072979201269044,False
0.5,252,0.4,1,4,0.13770147973197855,False
0.5,252,0.4,1,5,0.10088751537519504,False
0.5,252,0.4,1,6,0.09568308620437148,False
0.5,252,0.4,1,7,0.10438463553755395,False
0.5,252,0.4,1,8,0.08604426930801796,False
0.5,252,0.4,1,9,0.1257081804548238,False
0.5,252,0.4,1,10,0.0686094782926123,False
0.5,252,0.4,1,11,0.12751402750781587,False
0.5,252,0.4,2,0,0.10124282458423237,False
0.5,252,0.4,2,1,0.09026066913049363,False
0.5,252,0.4,2,2,0.13570234227195974,False
0.5,252,0.4,2,3,0.11892321609222727,False
0.5,252,0.4,2,4,0.07973353767313494,False
0.5,252,0.4,2,5,0.1008005832295244,False
0.5,252,0.4,2,6,0.09994388431996476,False
0.5,252,0.4,2,7,0.12673981153235525,False
0.5,252,0.4,2,8,0.11788310223458213,False
0.5,252,0.4,2,9,0.16080057378652152,False
0.5,252,0.4,2,10,0.09059817397161193,False
0.5,252,0.4,2,11,0.0971898600334305,False
0.5,252,0.4,2,12,0.08929702703788364,False
0.5,252,0.4,3,0,0.18590626005404925,False
0.5,252,0.4,3,1,0.27279379678538784,False
0.5,252,0.4,3,2,0.1444478203903415,False
0.5,252,0.4,3,3,0.211700196714245,False
0.5,252,0.4,3,4,0.3437122448476808,False
0.5,252,0.4,3,5,0.23685880709594723,False
0.5,252,0.4,3,6,0.19784816047194723,False
0.5,252,0.4,3,7,0.34416824064942797,False
0.5,252,0.4,3,8,0.3383558826933078,False
0.5,252,0.4,3,9,0.26734882365229284,False
0.5,252,0.4,3,10,0.1687714267363903,False
0.5,252,0.4,3,11,0.4959213047838026,True
0.5,252,0.4,3,12,0.37025574139821626,False
0.5,252,0.4,4,0,0.13135726991278115,False
0.5,252,0.4,4,1,0.19536057727416728,False
0.5,252,0.4,4,2,0.1673306026440261,False
0.5,252,0.4,4,3,0.1481167151750886,False
0.5,252,0.4,4,4,0.11848631228462003,False
0.5,252,0.4,4,5,0.19450177320317447,False
0.5,252,0.4,4,6,0.10846012440853284,False
0.5,252,0.4,4,7,0.0769106909911023,False
0.5,252,0.4,4,8,0.08842294715805957,False
0.5,252,0.4,4,9,0.0820838467433235,False
0.5,252,0.4,4,10,0.1617897673189732,False
0.5,252,0.4,4,11,0.19541092359006915,False
0.5,252,0.4,4,12,0.1839254630019006,False
0.5,252,0.4,5,0,0.19513216318897186,False
0.5,252,0.4,5,1,0.24555042134040894,False
0.5,252,0.4,5,2,0.17376141894735508,False
0.5,252,0.4,5,3,0.1907537146008374,False
0.5,252,0.4,5,4,0.25246945389592956,False
0.5,252,0.4,5,5,0.22775241810548422,False
0.5,252,0.4,5,6,0.23054426624128252,False
0.5,252,0.4,5,7,0.14378064649049813,False
0.5,252,0.4,5,8,0.180719450228902,False
0.5,252,0.4,5,9,0.3388940373090157,False
0.5,252,0.4,5,10,0.24126158801920639,False
0.5,252,0.4,5,11,0.1275894115639458,False
0.5,252,0.4,6,0,0.1740009694792389,False
0.5,252,0.4,6,1,0.3395566413539211,False
0.5,252,0.4,6,2,0.24814577704290744,False
0.5,252,0.4,6,3,0.21619328121068085,False
0.5,252,0.4,6,4,0.1838930392000607,False
0.5,252,0.4,6,5,0.19746054807230815,False
0.5,252,0.4,6,6,0.15079813706286013,False
0.5,252,0.4,6,7,0.147127905845094,False
0.5,252,0.4,6,8,0.22155704522658956,False
0.5,252,0.4,6,9,0.20233943724841016,False
0.5,252,0.4,6,10,0.28621888204854384,False
0.5,252,0.4,6,11,0.2585887127296386,False
0.5,252,0.4,7,0,0.1272674789377074,False
0.5,252,0.4,7,1,0.15457463279080152,False
0.5,252,0.4,7,2,0.1347079778750238,False
0.5,252,0.4,7,3,0.11924779290248787,False
0.5,252,0.4,7,4,0.1222722772176887,False
0.5,252,0.4,7,5,0.14623741431966178,False
0.5,252,0.4,7,6,0.09434817799700822,False
0.5,252,0.4,7,7,0.10862452400813076,False
0.5,252,0.4,7,8,0.10097221293120202,False
0.5,252,0.4,7,9,0.11160088764268732,False
0.5,252,0.4,7,10,0.10012517644615822,False
0.5,252,0.4,7,11,0.13461573335061275,False
0.5,252,0.4,7,12,0.13437669318079978,False
0.5,252,0.4,8,0,0.10472590626456314,False
0.5,252,0.4,8,1,0.06522510285162535,False
0.5,252,0.4,8,2,0.09284965130123249,False
0.5,252,0.4,8,3,0.09188156584728845,False
0.5,252,0.4,8,4,0.1339335237686334,False
0.5,252,0.4,8,5,0.15806009590431716,False
0.5,504,0.1,1,0,0.040047927858079896,False
0.5,504,0.1,1,1,0.05470676354662794,False
0.5,504,0.1,1,2,0.03360637332302296,False
0.5,504,0.1,1,3,0.05852670196878932,False
0.5,504,0.1,1,4,0.037292220271767734,False
0.5,504,0.1,1,5,0.04802056972612474,False
0.5,504,0.1,1,6,0.03211673504196294,False
0.5,504,0.1,1,7,0.03010377831705371,False
0.5,504,0.1,1,8,0.05204873069913318,False
0.5,504,0.1,1,9,0.040841278300230946,False
0.5,504,0.1,1,10,0.04175250345233233,False
0.5,504,0.1,1,11,0.031975447458692685,False
0.5,504,0.1,2,0,0.08680595669800774,False
0.5,504,0.1,2,1,0.048876954543766074,False
0.5,504,0.1,2,2,0.081203431472681,False
0.5,504,0.1,2,3,0.08952926697968434,False
0.5,504,0.1,2,4,0.07826321212150643,False
0.5,504,0.1,2,5,0.09803897425368525,False
0.5,504,0.1,2,6,0.07831982235120326,False
0.5,504,0.1,2,7,0.09938281185941991,False
0.5,504,0.1,2,8,0.08330838981777995,False
0.5,504,0.1,2,9,0.07701802652942792,False
0.5,504,0.1,2,10,0.06434649861988487,False
0.5,504,0.1,2,11,0.08206676450400016,False
0.5,504,0.1,2,12,0.09067809197628907,False
0.5,504,0.1,3,0,0.0387268562801655,False
0.5,504,0.1,3,1,0.055960549708196194,False
0.5,504,0.1,3,2,0.062448544186438436,False
0.5,504,0.1,3,3,0.08496866528696674,False
0.5,504,0.1,3,4,0.07538178309773991,False
0.5,504,0.1,3,5,0.03492314364017341,False
0.5,504,0.1,3,6,0.05692111273083026,False
0.5,504,0.1,3,7,0.05715336068144535,False
0.5,504,0.1,3,8,0.060234449072519416,False
0.5,504,0.1,3,9,0.05989405972777392,False
0.5,504,0.1,3,10,0.0772383386322009,False
0.5,504,0.1,3,11,0.06648727550508075,False
0.5,504,0.1,3,12,0.053971474897230705,False
0.5,504,0.1,4,0,0.07664575536712896,False
0.5,504,0.1,4,1,0.06188462668399723,False
0.5,504,0.1,4,2,0.04461440482590695,False
0.5,504,0.1,4,3,0.07152910933911656,False
0.5,504,0.1,4,4,0.054718071961081714,False
0.5,504,0.1,4,5,0.09399893171650124,False
0.5,504,0.1,4,6,0.05296945095163133,False
0.5,504,0.1,4,7,0.08661615075735138,False
0.5,504,0.1,4,8,0.07588244594328403,False
0.5,504,0.1,4,9,0.071681905007958,False
0.5,504,0.1,4,10,0.09043710739984276,False
0.5,504,0.1,4,11,0.06113385000702958,False
0.5,504,0.1,4,12,0.0664207345287744,False
0.5,504,0.1,5,0,0.061181367304992074,False
0.5,504,0.1,5,1,0.09400408580532439,False
0.5,504,0.1,5,2,0.08528349341399298,False
0.5,504,0.1,5,3,0.06433001163002723,False
0.5,504,0.1,5,4,0.03913373425704211,False
0.5,504,0.1,5,5,0.03935827969119363,False
0.5,504,0.1,5,6,0.06719444549145166,False
0.5,504,0.1,5,7,0.05416134299773629,False
0.5,504,0.1,5,8,0.05286419672436407,False
0.5,504,0.1,5,9,0.04190839379698588,False
0.5,504,0.1,5,10,0.06464734242734951,False
0.5,504,0.1,5,11,0.019065422125583074,False
0.5,504,0.1,6,0,0.11585338056949326,True
0.5,504,0.1,6,1,0.10644615921064124,True
0.5,504,0.1,6,2,0.10786739217896427,True
0.5,504,0.1,6,3,0.05955099486514611,False
0.5,504,0.1,6,4,0.11275589641006234,True
0.5,504,0.1,6,5,0.05938795368796855,False
0.5,504,0.1,6,6,0.086105465516462,False
0.5,504,0.1,6,7,0.08105268375232012,False
0.5,504,0.1,6,8,0.0814735709447694,False
0.5,504,0.1,6,9,0.1329786870111073,True
0.5,504,0.1,6,10,0.10278738316634711,True
0.5,504,0.1,6,11,0.08064166887517321,False
0.5,504,0.1,7,0,0.062247098733269834,False
0.5,504,0.1,7,1,0.058348282623363036,False
0.5,504,0.1,7,2,0.06323103528866374,False
0.5,504,0.1,7,3,0.08200366660565885,False
0.5,504,0.1,7,4,0.08689389083015105,False
0.5,504,0.1,7,5,0.06949176462878426,False
0.5,504,0.1,7,6,0.04754880378891759,False
0.5,504,0.1,7,7,0.08428127801652645,False
0.5,504,0.1,7,8,0.05749564988050735,False
0.5,504,0.1,7,9,0.05400589587510158,False
0.5,504,0.1,7,10,0.0669047620438832,False
0.5,504,0.1,7,11,0.06397546346709128,False
0.5,504,0.1,7,12,0.05344905416541716,False
0.5,504,0.1,8,0,0.05650216025733665,False
0.5,504,0.1,8,1,0.05800273174073723,False
0.5,504,0.1,8,2,0.05122403727145754,False
0.5,504,0.1,8,3,0.05065210453478963,False
0.5,504,0.1,8,4,0.05382772666463254,False
0.5,504,0.1,8,5,0.05019019909507935,False
0.5,504,0.2,1,0,0.05504287403232192,False
0.5,504,0.2,1,1,0.0676715980899834,False
0.5,504,0.2,1,2,0.08073877847215051,False
0.5,504,0.2,1,3,0.05608304968813427,False
0.5,504,0.2,1,4,0.057332577569666573,False
0.5,504,0.2,1,5,0.05869024690722829,False
0.5,504,0.2,1,6,0.0443060731962933,False
0.5,504,0.2,1,7,0.04854800269623447,False
0.5,504,0.2,1,8,0.07108287849417143,False
0.5,504,0.2,1,9,0.06807457439029668,False
0.5,504,0.2,1,10,0.05040671125788947,False
0.5,504,0.2,1,11,0.04562693608975972,False
0.5,504,0.2,2,0,0.06176928528543306,False
0.5,504,0.2,2,1,0.06943545221998262,False
0.5,504,0.2,2,2,0.05558549920325002,False
0.5,504,0.2,2,3,0.06747569168787017,False
0.5,504,0.2,2,4,0.07013917013150912,False
0.5,504,0.2,2,5,0.04373916283105923,False
0.5,504,0.2,2,6,0.04001109942777211,False
0.5,504,0.2,2,7,0.07071894722711668,False
0.5,504,0.2,2,8,0.09849816027689308,False
0.5,504,0.2,2,9,0.07971383721153702,False
0.5,504,0.2,2,10,0.04887436256825858,False
0.5,504,0.2,2,11,0.06404925823473379,False
0.5,504,0.2,2,12,0.05320221595285805,False
0.5,504,0.2,3,0,0.11740245290505605,False
0.5,504,0.2,3,1,0.13122147288367264,False
0.5,504,0.2,3,2,0.10772195573232558,False
0.5,504,0.2,3,3,0.1384283937770558,False
0.5,504,0.2,3,4,0.15980224185680422,False
0.5,504,0.2,3,5,0.11043778038206509,False
0.5,504,0.2,3,6,0.16542170100458,False
0.5,504,0.2,3,7,0.27814043960173707,True
0.5,504,0.2,3,8,0.2622238916226218,True
0.5,504,0.2,3,9,0.1174494232979438,False
0.5,504,0.2,3,10,0.21121235782236014,True
0.5,504,0.2,3,11,0.1504346337902649,False
0.5,504,0.2,3,12,0.1389515773155242,False
0.5,504,0.2,4,0,0.0798201481224057,False
0.5,504,0.2,4,1,0.08093979690441096,False
0.5,504,0.2,4,2,0.12433292715016718,False
0.5,504,0.2,4,3,0.09732513865308291,False
0.5,504,0.2,4,4,0.12216403506784863,False
0.5,504,0.2,4,5,0.05992845740117017,False
0.5,504,0.2,4,6,0.17072795676191344,False
0.5,504,0.2,4,7,0.09157828214447145,False
0.5,504,0.2,4,8,0.06912160765490066,False
0.5,504,0.2,4,9,0.12811707450941023,False
0.5,504,0.2,4,10,0.12734336246002684,False
0.5,504,0.2,4,11,0.06559305290412976,False
0.5,504,0.2,4,12,0.12876722212190922,False
0.5,504,0.2,5,0,0.13638669210863988,False
0.5,504,0.2,5,1,0.23968606981648116,True
0.5,504,0.2,5,2,0.13239792165336703,False
0.5,504,0.2,5,3,0.10773711719461436,False
0.5,504,0.2,5,4,0.08495643816076352,False
0.5,504,0.2,5,5,0.10719612065857655,False
0.5,504,0.2,5,6,0.09383681507088737,False
0.5,504,0.2,5,7,0.09113383350748959,False
0.5,504,0.2,5,8,0.12435157024169496,False
0.5,504,0.2,5,9,0.06808719079118207,False
0.5,504,0.2,5,10,0.1245209097958916,False
0.5,504,0.2,5,11,0.15361100524868476,False
0.5,504,0.2,6,0,0.12266909516481653,False
0.5,504,0.2,6,1,0.14403196705407714,False
0.5,504,0.2,6,2,0.11881844632398013,False
0.5,504,0.2,6,3,0.11859899759979235,False
0.5,504,0.2,6,4,0.17766564520240685,False
0.5,504,0.2,6,5,0.1470698018035057,False
0.5,504,0.2,6,6,0.14832217367317102,False
0.5,504,0.2,6,7,0.1416938621369191,False
0.5,504,0.2,6,8,0.09928115653667233,False
0.5,504,0.2,6,9,0.21358006129158075,True
0.5,504,0.2,6,10,0.12839855364088834,False
0.5,504,0.2,6,11,0.09316698705175167,False
0.5,504,0.2,7,0,0.12351647848999069,False
0.5,504,0.2,7,1,0.12217781536803297,False
0.5,504,0.2,7,2,0.26793755137393166,True
0.5,504,0.2,7,3,0.12594307876527377,False
0.5,504,0.2,7,4,0.11438636936778121,False
0.5,504,0.2,7,5,0.12560189225014273,False
0.5,504,0.2,7,6,0.09917464096953314,False
0.5,504,0.2,7,7,0.12016097383460271,False
0.5,504,0.2,7,8,0.06672635443680075,False
0.5,504,0.2,7,9,0.10477923685733759,False
0.5,504,0.2,7,10,0.06351725441652063,False
0.5,504,0.2,7,11,0.11519640979701906,False
0.5,504,0.2,7,12,0.06497295301898083,False
0.5,504,0.2,8,0,0.12044430135007643,False
0.5,504,0.2,8,1,0.1146465241655567,False
0.5,504,0.2,8,2,0.10780069503016346,False
0.5,504,0.2,8,3,0.19186369104181472,False
0.5,504,0.2,8,4,0.15234511364884432,False
0.5,504,0.2,8,5,0.16714933057309161,False
0.5,504,0.3,1,0,0.0952386046648993,False
0.5,504,0.3,1,1,0.10268402933243811,False
0.5,504,0.3,1,2,0.12549874420461285,False
0.5,504,0.3,1,3,0.0966447874006974,False
0.5,504,0.3,1,4,0.10651253220669561,False
0.5,504,0.3,1,5,0.17458827035691468,False
0.5,504,0.3,1,6,0.12628632088468927,False
0.5,504,0.3,1,7,0.08893471590245965,False
0.5,504,0.3,1,8,0.09951301099550822,False
0.5,504,0.3,1,9,0.12034143685670252,False
0.5,504,0.3,1,10,0.14400997786124664,False
0.5,504,0.3,1,11,0.12410895718151428,False
0.5,504,0.3,2,0,0.14360942090381826,False
0.5,504,0.3,2,1,0.22597611623067887,False
0.5,504,0.3,2,2,0.14609705259100594,False
0.5,504,0.3,2,3,0.14082357163620707,False
0.5,504,0.3,2,4,0.15540344209620163,False
0.5,504,0.3,2,5,0.15523017870696326,False
0.5,504,0.3,2,6,0.179303448320984,False
0.5,504,0.3,2,7,0.19622018961231996,False
0.5,504,0.3,2,8,0.18408586526209694,False
0.5,504,0.3,2,9,0.2002757391401427,False
0.5,504,0.3,2,10,0.1486998978746567,False
0.5,504,0.3,2,11,0.11675570461314445,False
0.5,504,0.3,2,12,0.1605810792582522,False
0.5,504,0.3,3,0,0.08155543798201045,False
0.5,504,0.3,3,1,0.08363003048254247,False
0.5,504,0.3,3,2,0.11658538170458141,False
0.5,504,0.3,3,3,0.10527383349810368,False
0.5,504,0.3,3,4,0.1466919958583012,False
0.5,504,0.3,3,5,0.17366840822223542,False
0.5,504,0.3,3,6,0.15716652051532215,False
0.5,504,0.3,3,7,0.18211781461668453,False
0.5,504,0.3,3,8,0.15249444753185223,False
0.5,504,0.3,3,9,0.1777494757589461,False
0.5,504,0.3,3,10,0.16500430348971484,False
0.5,504,0.3,3,11,0.19096625536732947,False
0.5,504,0.3,3,12,0.13146517266458888,False
0.5,504,0.3,4,0,0.16896456197497972,False
0.5,504,0.3,4,1,0.24671724119806127,False
0.5,504,0.3,4,2,0.13398711781605782,False
0.5,504,0.3,4,3,0.14348383204989637,False
0.5,504,0.3,4,4,0.21934868664594992,False
0.5,504,0.3,4,5,0.19692087016834778,False
0.5,504,0.3,4,6,0.1792530643997175,False
0.5,504,0.3,4,7,0.20532858674246476,False
0.5,504,0.3,4,8,0.21328982671990412,False
0.5,504,0.3,4,9,0.21696927872581678,False
0.5,504,0.3,4,10,0.23555610387821305,False
0.5,504,0.3,4,11,0.13847508806689113,False
0.5,504,0.3,4,12,0.24391861004150592,False
0.5,504,0.3,5,0,0.25845248874298593,False
0.5,504,0.3,5,1,0.36495455853634645,True
0.5,504,0.3,5,2,0.4283754468460032,True
0.5,504,0.3,5,3,0.3448147040479242,True
0.5,504,0.3,5,4,0.11180308884484674,False
0.5,504,0.3,5,5,0.11740909813073692,False
0.5,504,0.3,5,6,0.2993813249900081,False
0.5,504,0.3,5,7,0.31161955050823487,True
0.5,504,0.3,5,8,0.17127096028645838,False
0.5,504,0.3,5,9,0.1545352702263952,False
0.5,504,0.3,5,10,0.1875812701926447,False
0.5,504,0.3,5,11,0.3441733556391232,True
0.5,504,0.3,6,0,0.1344009578008842,False
0.5,504,0.3,6,1,0.1662012767498189,False
0.5,504,0.3,6,2,0.1475676605667022,False
0.5,504,0.3,6,3,0.12289130905486637,False
0.5,504,0.3,6,4,0.16511704683438344,False
0.5,504,0.3,6,5,0.17462767531550497,False
0.5,504,0.3,6,6,0.26808174196066076,False
0.5,504,0.3,6,7,0.1613346787005403,False
0.5,504,0.3,6,8,0.12999807861762852,False
0.5,504,0.3,6,9,0.18185263546887515,False
0.5,504,0.3,6,10,0.13477166705524543,False
0.5,504,0.3,6,11,0.16551616394750948,False
0.5,504,0.3,7,0,0.11757201080781574,False
0.5,504,0.3,7,1,0.1463420547815112,False
0.5,504,0.3,7,2,0.10438802239048857,False
0.5,504,0.3,7,3,0.1347998795206697,False
0.5,504,0.3,7,4,0.10665814259180594,False
0.5,504,0.3,7,5,0.09481584676946203,False
0.5,504,0.3,7,6,0.08338657583036783,False
0.5,504,0.3,7,7,0.11449134569025193,False
0.5,504,0.3,7,8,0.13213777205196306,False
0.5,504,0.3,7,9,0.08137374108478256,False
0.5,504,0.3,7,10,0.08565287209318748,False
0.5,504,0.3,7,11,0.09682865788446304,False
0.5,504,0.3,7,12,0.08228950498213373,False
0.5,504,0.3,8,0,0.17382991156924937,False
0.5,504,0.3,8,1,0.24524733765221526,False
0.5,504,0.3,8,2,0.18773765857489666,False
0.5,504,0.3,8,3,0.24913137441646116,False
0.5,504,0.3,8,4,0.11833396067736444,False
0.5,504,0.3,8,5,0.2506068131331169,False
0.5,504,0.4,1,0,0.08134746651398614,False
0.5,504,0.4,1,1,0.13337708195981376,False
0.5,504,0.4,1,2,0.09064611548498637,False
0.5,504,0.4,1,3,0.1405809922494054,False
0.5,504,0.4,1,4,0.11256925636952446,False
0.5,504,0.4,1,5,0.09748811476742285,False
0.5,504,0.4,1,6,0.12254872081403005,False
0.5,504,0.4,1,7,0.1361191059295093,False
0.5,504,0.4,1,8,0.10724511339650843,False
0.5,504,0.4,1,9,0.09754274105446462,False
0.5,504,0.4,1,10,0.09643550935986613,False
0.5,504,0.4,1,11,0.20800906151247994,False
0.5,504,0.4,2,0,0.10188405177164662,False
0.5,504,0.4,2,1,0.13347464963410421,False
0.5,504,0.4,2,2,0.12555833182292644,False
0.5,504,0.4,2,3,0.08528969651783898,False
0.5,504,0.4,2,4,0.12367378177092231,False
0.5,504,0.4,2,5,0.10228604222689708,False
0.5,504,0.4,2,6,0.13976439099336443,False
0.5,504,0.4,2,7,0.13301943808219968,False
0.5,504,0.4,2,8,0.13052842412065987,False
0.5,504,0.4,2,9,0.10821598528323785,False
0.5,504,0.4,2,10,0.13446136543408013,False
0.5,504,0.4,2,11,0.114905748887471,False
0.5,504,0.4,2,12,0.1417418720745018,False
0.5,504,0.4,3,0,0.10542000726661573,False
0.5,504,0.4,3,1,0.1043730321287705,False
0.5,504,0.4,3,2,0.1483822143474077,False
0.5,504,0.4,3,3,0.1801226226420013,False
0.5,504,0.4,3,4,0.21212796048275695,False
0.5,504,0.4,3,5,0.20235417041371767,False
0.5,504,0.4,3,6,0.13372942673721025,False
0.5,504,0.4,3,7,0.226586475128023,False
0.5,504,0.4,3,8,0.17596984611315136,False
0.5,504,0.4,3,9,0.13299954241218417,False
0.5,504,0.4,3,10,0.20040377569766044,False
0.5,504,0.4,3,11,0.2553306388861167,False
0.5,504,0.4,3,12,0.13921948012371646,False
0.5,504,0.4,4,0,0.28093576759599476,False
0.5,504,0.4,4,1,0.24070321586019192,False
0.5,504,0.4,4,2,0.24543219623175516,False
0.5,504,0.4,4,3,0.645009103268822,True
0.5,504,0.4,4,4,0.393007281614549,False
0.5,504,0.4,4,5,0.39923203903878,False
0.5,504,0.4,4,6,0.4303003343936088,True
0.5,504,0.4,4,7,0.3049465467536285,False
0.5,504,0.4,4,8,0.6392502900935099,True
0.5,504,0.4,4,9,0.36287107647426203,False
0.5,504,0.4,4,10,0.37483414628658485,False
0.5,504,0.4,4,11,0.2493829724935354,False
0.5,504,0.4,4,12,0.3994295783373337,False
0.5,504,0.4,5,0,0.4708150780479269,True
0.5,504,0.4,5,1,0.3356711635758339,False
0.5,504,0.4,5,2,0.2731108535446447,False
0.5,504,0.4,5,3,0.2307873252961231,False
0.5,504,0.4,5,4,0.16123524138210232,False
0.5,504,0.4,5,5,0.19043849367605667,False
0.5,504,0.4,5,6,0.24072395843902014,False
0.5,504,0.4,5,7,0.16155797241214803,False
0.5,504,0.4,5,8,0.1453622101926804,False
0.5,504,0.4,5,9,0.1651855793120652,False
0.5,504,0.4,5,10,0.2305929276703876,False
0.5,504,0.4,5,11,0.30918489155807893,False
0.5,504,0.4,6,0,0.2382512616041082,False
0.5,504,0.4,6,1,0.2600991781943519,False
0.5,504,0.4,6,2,0.259260661796569,False
0.5,504,0.4,6,3,0.31122942184071406,False
0.5,504,0.4,6,4,0.24113794319265128,False
0.5,504,0.4,6,5,0.26090168110118744,False
0.5,504,0.4,6,6,0.22590799466388437,False
0.5,504,0.4,6,7,0.34077365358061557,False
0.5,504,0.4,6,8,0.18000336314137222,False
0.5,504,0.4,6,9,0.27078964255299787,False
0.5,504,0.4,6,10,0.26191363016927466,False
0.5,504,0.4,6,11,0.21176837702170798,False
0.5,504,0.4,7,0,0.265658556388024,False
0.5,504,0.4,7,1,0.2869176462453519,False
0.5,504,0.4,7,2,0.20174354456059115,False
0.5,504,0.4,7,3,0.18926387166585684,False
0.5,504,0.4,7,4,0.17412937370001078,False
0.5,504,0.4,7,5,0.6358396590924219,True
0.5,504,0.4,7,6,0.2018254756843598,False
0.5,504,0.4,7,7,0.17962426017899286,False
0.5,504,0.4,7,8,0.3179003266889039,False
0.5,504,0.4,7,9,0.28395023572155953,False
0.5,504,0.4,7,10,0.4260806525631576,True
0.5,504,0.4,7,11,0.1778855439852967,False
0.5,504,0.4,7,12,0.21756869260632547,False
0.5,504,0.4,8,0,0.33621282218910803,False
0.5,504,0.4,8,1,0.28451184668112534,False
0.5,504,0.4,8,2,0.18887704452549858,False
0.5,504,0.4,8,3,0.23299197274660374,False
0.5,504,0.4,8,4,0.3164587833980955,False
0.5,504,0.4,8,5,0.2640148884018293,False
0.7,252,0.1,1,0,0.06106714804565048,False
0.7,252,0.1,1,1,0.087971513105799,False
0.7,252,0.1,1,2,0.04730773021505584,False
0.7,252,0.1,1,3,0.06392776468457843,False
0.7,252,0.1,1,4,0.050512902097003654,False
0.7,252,0.1,1,5,0.0447360241781882,False
0.7,252,0.1,1,6,0.043515210950028235,False
0.7,252,0.1,1,7,0.08883633107719013,False
0.7,252,0.1,1,8,0.05269879414557815,False
0.7,252,0.1,1,9,0.05801287622813533,False
0.7,252,0.1,1,10,0.06791112388291301,False
0.7,252,0.1,1,11,0.0673895074646975,False
0.7,252,0.1,2,0,0.11761466859128882,True
0.7,252,0.1,2,1,0.12660157260233296,True
0.7,252,0.1,2,2,0.17831977559075543,True
0.7,252,0.1,2,3,0.08186435819218944,False
0.7,252,0.1,2,4,0.09898960026769421,False
0.7,252,0.1,2,5,0.08853744171292571,False
0.7,252,0.1,2,6,0.1146282194900897,True
0.7,252,0.1,2,7,0.0924461805615987,False
0.7,252,0.1,2,8,0.09810939957640633,False
0.7,252,0.1,2,9,0.09699438063140645,False
0.7,252,0.1,2,10,0.0934420191364903,False
0.7,252,0.1,2,11,0.10096760026929734,True
0.7,252,0.1,2,12,0.07013861797122387,False
0.7,252,0.1,3,0,0.056708056765482025,False
0.7,252,0.1,3,1,0.07933530383448996,False
0.7,252,0.1,3,2,0.07021879769069124,False
0.7,252,0.1,3,3,0.07707907624290994,False
0.7,252,0.1,3,4,0.10116067096704215,True
0.7,252,0.1,3,5,0.08962258563702799,False
0.7,252,0.1,3,6,0.06286129827680718,False
0.7,252,0.1,3,7,0.07778128506771564,False
0.7,252,0.1,3,8,0.06642400610243954,False
0.7,252,0.1,3,9,0.08908381912489599,False
0.7,252,0.1,3,10,0.07214484079741029,False
0.7,252,0.1,3,11,0.0922063230427263,False
0.7,252,0.1,3,12,0.13332021289721907,True
0.7,252,0.1,4,0,0.05689764173835809,False
0.7,252,0.1,4,1,0.06258986882258002,False
0.7,252,0.1,4,2,0.10335330615368066,True
0.7,252,0.1,4,3,0.053246512208780086,False
0.7,252,0.1,4,4,0.06287827467211453,False
0.7,252,0.1,4,5,0.04816042836655186,False
0.7,252,0.1,4,6,0.08891777338228136,False
0.7,252,0.1,4,7,0.06642283749507072,False
0.7,252,0.1,4,8,0.045009441731368054,False
0.7,252,0.1,4,9,0.058810888445663075,False
0.7,252,0.1,4,10,0.052981659477499894,False
0.7,252,0.1,4,11,0.04969833034213432,False
0.7,252,0.1,4,12,0.07435547498076249,False
0.7,252,0.1,5,0,0.03768919665598219,False
0.7,252,0.1,5,1,0.028816859814706993,False
0.7,252,0.1,5,2,0.03600475841712796,False
0.7,252,0.1,5,3,0.04430427523752108,False
0.7,252,0.1,5,4,0.04395879805120549,False
0.7,252,0.1,5,5,0.06629836553295348,False
0.7,252,0.1,5,6,0.05756632089677336,False
0.7,252,0.1,5,7,0.04701083696512738,False
0.7,252,0.1,5,8,0.04583844851532533,False
0.7,252,0.1,5,9,0.08519166245700868,False
0.7,252,0.1,5,10,0.05344729358568846,False
0.7,252,0.1,5,11,0.06698556526403884,False
0.7,252,0.2,1,0,0.15876250278086995,False
0.7,252,0.2,1,1,0.08282721237664271,False
0.7,252,0.2,1,2,0.13689071531251998,False
0.7,252,0.2,1,3,0.07938743130500328,False
0.7,252,0.2,1,4,0.08725544786463749,False
0.7,252,0.2,1,5,0.08390185274519774,False
0.7,252,0.2,1,6,0.0710748435876835,False
0.7,252,0.2,1,7,0.07521172661357582,False
0.7,252,0.2,1,8,0.13717468788950285,False
0.7,252,0.2,1,9,0.07735396084936441,False
0.7,252,0.2,1,10,0.08817422536616726,False
0.7,252,0.2,1,11,0.07231550296247682,False
0.7,252,0.2,2,0,0.11367115587124067,False
0.7,252,0.2,2,1,0.06817976753799083,False
0.7,252,0.2,2,2,0.08038899724051335,False
0.7,252,0.2,2,3,0.04941893728108497,False
0.7,252,0.2,2,4,0.09962925956770417,False
0.7,252,0.2,2,5,0.07789982980696675,False
0.7,252,0.2,2,6,0.08616503656080839,False
0.7,252,0.2,2,7,0.08454981836505665,False
0.7,252,0.2,2,8,0.12554860955934533,False
0.7,252,0.2,2,9,0.10257491819178563,False
0.7,252,0.2,2,10,0.07941119098590242,False
0.7,252,0.2,2,11,0.106093862136917,False
0.7,252,0.2,2,12,0.09460798263531345,False
0.7,252,0.2,3,0,0.17111207433149053,False
0.7,252,0.2,3,1,0.13691466987648765,False
0.7,252,0.2,3,2,0.09117412903192261,False
0.7,252,0.2,3,3,0.2640203600008609,True
0.7,252,0.2,3,4,0.1811130806956962,False
0.7,252,0.2,3,5,0.09929174967715487,False
0.7,252,0.2,3,6,0.23002321778913493,True
0.7,252,0.2,3,7,0.14990168434700774,False
0.7,252,0.2,3,8,0.21654282119701523,True
0.7,252,0.2,3,9,0.16552703616401007,False
0.7,252,0.2,3,10,0.2135132567475849,True
0.7,252,0.2,3,11,0.480138863294862,True
0.7,252,0.2,3,12,0.26330485464051595,True
0.7,252,0.2,4,0,0.23478339423005218,True
0.7,252,0.2,4,1,0.10317885100792089,False
0.7,252,0.2,4,2,0.19727773393371703,False
0.7,252,0.2,4,3,0.09541113201888247,False
0.7,252,0.2,4,4,0.11773854269479411,False
0.7,252,0.2,4,5,0.10976820878375086,False
0.7,252,0.2,4,6,0.08818657370702834,False
0.7,252,0.2,4,7,0.07694782142446455,False
0.7,252,0.2,4,8,0.09604756052029528,False
0.7,252,0.2,4,9,0.08550926380122606,False
0.7,252,0.2,4,10,0.0851691958895817,False
0.7,252,0.2,4,11,0.09394067734710712,False
0.7,252,0.2,4,12,0.08382856536844864,False
0.7,252,0.2,5,0,0.052192896143930606,False
0.7,252,0.2,5,1,0.08572968484912448,False
0.7,252,0.2,5,2,0.09957755821514515,False
0.7,252,0.2,5,3,0.09628587500231207,False
0.7,252,0.2,5,4,0.0899784094426805,False
0.7,252,0.2,5,5,0.15449172199635167,False
0.7,252,0.2,5,6,0.06662008559731802,False
0.7,252,0.2,5,7,0.075347575893615,False
0.7,252,0.2,5,8,0.09461832445073352,False
0.7,252,0.2,5,9,0.12703280438572537,False
0.7,252,0.2,5,10,0.11822356119800928,False
0.7,252,0.2,5,11,0.11073455019943773,False
0.7,252,0.3,1,0,0.10892688431383073,False
0.7,252,0.3,1,1,0.07659908794326946,False
0.7,252,0.3,1,2,0.08682325317048553,False
0.7,252,0.3,1,3,0.1115222012401814,False
0.7,252,0.3,1,4,0.1180374926022982,False
0.7,252,0.3,1,5,0.17448245882111807,False
0.7,252,0.3,1,6,0.08896856218157935,False
0.7,252,0.3,1,7,0.06597115665467593,False
0.7,252,0.3,1,8,0.0908167527780419,False
0.7,252,0.3,1,9,0.18776827461305415,False
0.7,252,0.3,1,10,0.0901059812376549,False
0.7,252,0.3,1,11,0.17482341308895574,False
0.7,252,0.3,2,0,0.1591282699559483,False
0.7,252,0.3,2,1,0.14271939197393774,False
0.7,252,0.3,2,2,0.10353891420557153,False
0.7,252,0.3,2,3,0.08581473768056146,False
0.7,252,0.3,2,4,0.09724460332351335,False
0.7,252,0.3,2,5,0.1435173010970022,False
0.7,252,0.3,2,6,0.09161244799043133,False
0.7,252,0.3,2,7,0.18377402257634673,False
0.7,252,0.3,2,8,0.14818359476053247,False
0.7,252,0.3,2,9,0.11613542350362688,False
0.7,252,0.3,2,10,0.11441289318048435,False
0.7,252,0.3,2,11,0.09692281467794366,False
0.7,252,0.3,2,12,0.12989367895535894,False
0.7,252,0.3,3,0,0.2587027361014732,False
0.7,252,0.3,3,1,0.16064671549102338,False
0.7,252,0.3,3,2,0.3451367236073898,True
0.7,252,0.3,3,3,0.4615874794266144,True
0.7,252,0.3,3,4,0.8048346246260624,True
0.7,252,0.3,3,5,0.7362424233884186,True
0.7,252,0.3,3,6,0.7909708529770848,True
0.7,252,0.3,3,7,0.4057824681569775,True
0.7,252,0.3,3,8,0.9728392033058322,True
0.7,252,0.3,3,9,0.6910545711942997,True
0.7,252,0.3,3,10,0.5001666387173985,True
0.7,252,0.3,3,11,1.0982525121125193,True
0.7,252,0.3,3,12,0.5447544418492526,True
0.7,252,0.3,4,0,0.3676287977090892,True
0.7,252,0.3,4,1,0.22859546041589607,False
0.7,252,0.3,4,2,0.2869801959496106,False
0.7,252,0.3,4,3,0.19528471581687692,False
0.7,252,0.3,4,4,0.13494926193075238,False
0.7,252,0.3,4,5,0.07972075634287445,False
0.7,252,0.3,4,6,0.12476969941424064,False
0.7,252,0.3,4,7,0.12846533874462543,False
0.7,252,0.3,4,8,0.12341784081030797,False
0.7,252,0.3,4,9,0.10622838261744462,False
0.7,252,0.3,4,10,0.10137696007289544,False
0.7,252,0.3,4,11,0.08034440365940654,False
0.7,252,0.3,4,12,0.08891942237890237,False
0.7,252,0.3,5,0,0.1305715801688486,False
0.7,252,0.3,5,1,0.0950216899417541,False
0.7,252,0.3,5,2,0.17129978310427313,False
0.7,252,0.3,5,3,0.11073072712960873,False
0.7,252,0.3,5,4,0.10389838131290335,False
0.7,252,0.3,5,5,0.11830917526590147,False
0.7,252,0.3,5,6,0.11549107152758567,False
0.7,252,0.3,5,7,0.1102394499268907,False
0.7,252,0.3,5,8,0.14506757503054163,False
0.7,252,0.3,5,9,0.17318254856927093,False
0.7,252,0.3,5,10,0.11462220115094522,False
0.7,252,0.3,5,11,0.12081064981954323,False
0.7,252,0.4,1,0,0.08582741459154755,False
0.7,252,0.4,1,1,0.07096637991565741,False
0.7,252,0.4,1,2,0.11776434140529944,False
0.7,252,0.4,1,3,0.1937777444972161,False
0.7,252,0.4,1,4,0.16770516203633337,False
0.7,252,0.4,1,5,0.12808357714789378,False
0.7,252,0.4,1,6,0.1250049837883493,False
0.7,252,0.4,1,7,0.20771623051457103,False
0.7,252,0.4,1,8,0.11579017807591027,False
0.7,252,0.4,1,9,0.11397782303821695,False
0.7,252,0.4,1,10,0.1495504173343105,False
0.7,252,0.4,1,11,0.11275964364710639,False
0.7,252,0.4,2,0,0.21637685200008716,False
0.7,252,0.4,2,1,0.18957306454636524,False
0.7,252,0.4,2,2,0.1539127302786299,False
0.7,252,0.4,2,3,0.21653495342109155,False
0.7,252,0.4,2,4,0.24401808109992063,False
0.7,252,0.4,2,5,0.19922463796323026,False
0.7,252,0.4,2,6,0.2393177953662077,False
0.7,252,0.4,2,7,0.16186532769961556,False
0.7,252,0.4,2,8,0.1700070918709116,False
0.7,252,0.4,2,9,0.17295215250852003,False
0.7,252,0.4,2,10,0.20110346727255282,False
0.7,252,0.4,2,11,0.2286240952730697,False
0.7,252,0.4,2,12,0.2591008982543676,False
0.7,252,0.4,3,0,0.17943812561989678,False
0.7,252,0.4,3,1,0.11115821058883278,False
0.7,252,0.4,3,2,0.11897003024132363,False
0.7,252,0.4,3,3,0.2605585422381538,False
0.7,252,0.4,3,4,0.19244552321766445,False
0.7,252,0.4,3,5,0.3367543003810209,False
0.7,252,0.4,3,6,0.25068614980747217,False
0.7,252,0.4,3,7,0.21251456908369631,False
0.7,252,0.4,3,8,0.31939913293864386,False
0.7,252,0.4,3,9,0.18155089612561812,False
0.7,252,0.4,3,10,0.279387916678194,False
0.7,252,0.4,3,11,0.22922532507889104,False
0.7,252,0.4,3,12,0.37112424682112083,False
0.7,252,0.4,4,0,0.4231473005745156,True
0.7,252,0.4,4,1,0.28693751996974187,False
0.7,252,0.4,4,2,0.2904595740128843,False
0.7,252,0.4,4,3,0.20457142340533307,False
0.7,252,0.4,4,4,0.23349136554431074,False
0.7,252,0.4,4,5,0.2551681614337545,False
0.7,252,0.4,4,6,0.1205223811839009,False
0.7,252,0.4,4,7,0.12006047987867205,False
0.7,252,0.4,4,8,0.12121562039804895,False
0.7,252,0.4,4,9,0.1392982598034333,False
0.7,252,0.4,4,10,0.1138250424510724,False
0.7,252,0.4,4,11,0.15781621669278253,False
0.7,252,0.4,4,12,0.14264194754117737,False
0.7,252,0.4,5,0,0.14639373570870529,False
0.7,252,0.4,5,1,0.1542081674200794,False
0.7,252,0.4,5,2,0.13526028297800344,False
0.7,252,0.4,5,3,0.10207900470315026,False
0.7,252,0.4,5,4,0.1662631453758979,False
0.7,252,0.4,5,5,0.1814057563925885,False
0.7,252,0.4,5,6,0.1773672215038411,False
0.7,252,0.4,5,7,0.1547741158798873,False
0.7,252,0.4,5,8,0.22654030801689168,False
0.7,252,0.4,5,9,0.16324166150739997,False
0.7,252,0.4,5,10,0.22837766993704361,False
0.7,252,0.4,5,11,0.18783112068837998,False
0.7,504,0.1,1,0,0.04687556445533173,False
0.7,504,0.1,1,1,0.04104035886973624,False
0.7,504,0.1,1,2,0.03725384533666612,False
0.7,504,0.1,1,3,0.03194959957989825,False
0.7,504,0.1,1,4,0.043876175847924165,False
0.7,504,0.1,1,5,0.033599706283299474,False
0.7,504,0.1,1,6,0.024340266230233554,False
0.7,504,0.1,1,7,0.03860575071700244,False
0.7,504,0.1,1,8,0.04119370227754805,False
0.7,504,0.1,1,9,0.025889475759313343,False
0.7,504,0.1,1,10,0.046704087146434536,False
0.7,504,0.1,1,11,0.0606601618594217,False
0.7,504,0.1,2,0,0.059760049299904694,False
0.7,504,0.1,2,1,0.03619893825385621,False
0.7,504,0.1,2,2,0.03930016486511253,False
0.7,504,0.1,2,3,0.04366495390762128,False
0.7,504,0.1,2,4,0.04495452912639875,False
0.7,504,0.1,2,5,0.03125131371085598,False
0.7,504,0.1,2,6,0.03030207164614307,False
0.7,504,0.1,2,7,0.05547535177380353,False
0.7,504,0.1,2,8,0.05147700983464548,False
0.7,504,0.1,2,9,0.038566860218776186,False
0.7,504,0.1,2,10,0.04618454043975066,False
0.7,504,0.1,2,11,0.042664302711243746,False
0.7,504,0.1,2,12,0.04762094757541559,False
0.7,504,0.1,3,0,0.03984745367822619,False
0.7,504,0.1,3,1,0.05959506555888636,False
0.7,504,0.1,3,2,0.0471529881545221,False
0.7,504,0.1,3,3,0.059225807865848294,False
0.7,504,0.1,3,4,0.061256326931029774,False
0.7,504,0.1,3,5,0.07836965881760397,False
0.7,504,0.1,3,6,0.0993225558753225,False
0.7,504,0.1,3,7,0.07525527794630245,False
0.7,504,0.1,3,8,0.06923485228906111,False
0.7,504,0.1,3,9,0.07333426209948814,False
0.7,504,0.1,3,10,0.09296871884715144,False
0.7,504,0.1,3,11,0.0758941159859985,False
0.7,504,0.1,3,12,0.045334598215224134,False
0.7,504,0.1,4,0,0.15214925908235555,True
0.7,504,0.1,4,1,0.09462286100275406,False
0.7,504,0.1,4,2,0.1011880677555216,True
0.7,504,0.1,4,3,0.10180666723335645,True
0.7,504,0.1,4,4,0.10246135703912526,True
0.7,504,0.1,4,5,0.12160985458756136,True
0.7,504,0.1,4,6,0.09796101669305561,False
0.7,504,0.1,4,7,0.12567219401249471,True
0.7,504,0.1,4,8,0.08933143895921294,False
0.7,504,0.1,4,9,0.07301690654961626,False
0.7,504,0.1,4,10,0.08487582999422313,False
0.7,504,0.1,4,11,0.10414844412648451,True
0.7,504,0.1,4,12,0.11613707576005683,True
0.7,504,0.1,5,0,0.05405898498573877,False
0.7,504,0.1,5,1,0.08959484949476101,False
0.7,504,0.1,5,2,0.123219892847084,True
0.7,504,0.1,5,3,0.03474258729980757,False
0.7,504,0.1,5,4,0.04263734999770656,False
0.7,504,0.1,5,5,0.06778993961420332,False
0.7,504,0.1,5,6,0.06454849241494384,False
0.7,504,0.1,5,7,0.07374043894459596,False
0.7,504,0.1,5,8,0.09200169938717925,False
0.7,504,0.1,5,9,0.05628272271089389,False
0.7,504,0.1,5,10,0.06539117221298466,False
0.7,504,0.1,5,11,0.10759721615297357,True
0.7,504,0.2,1,0,0.09760150948477271,False
0.7,504,0.2,1,1,0.07752228888548635,False
0.7,504,0.2,1,2,0.08858578644199158,False
0.7,504,0.2,1,3,0.13355528161046384,False
0.7,504,0.2,1,4,0.10196992014687783,False
0.7,504,0.2,1,5,0.07765802936155924,False
0.7,504,0.2,1,6,0.10400001012284929,False
0.7,504,0.2,1,7,0.08693589227547019,False
0.7,504,0.2,1,8,0.09042953664781511,False
0.7,504,0.2,1,9,0.1095404237518494,False
0.7,504,0.2,1,10,0.10938027724950015,False
0.7,504,0.2,1,11,0.09542753128618735,False
0.7,504,0.2,2,0,0.08084173745772807,False
0.7,504,0.2,2,1,0.07120543091257565,False
0.7,504,0.2,2,2,0.06609534029112928,False
0.7,504,0.2,2,3,0.11014631098378162,False
0.7,504,0.2,2,4,0.06797013084148942,False
0.7,504,0.2,2,5,0.12649508940629295,False
0.7,504,0.2,2,6,0.11308956902154771,False
0.7,504,0.2,2,7,0.1634273151946114,False
0.7,504,0.2,2,8,0.18878792440730605,False
0.7,504,0.2,2,9,0.15912689169937574,False
0.7,504,0.2,2,10,0.06342470434777969,False
0.7,504,0.2,2,11,0.15009907504113904,False
0.7,504,0.2,2,12,0.1651992164593695,False
0.7,504,0.2,3,0,0.0980852099785787,False
0.7,504,0.2,3,1,0.09938826609416307,False
0.7,504,0.2,3,2,0.11380141704580002,False
0.7,504,0.2,3,3,0.3487921539090314,True
0.7,504,0.2,3,4,0.18261109803784048,False
0.7,504,0.2,3,5,0.20605702339496598,True
0.7,504,0.2,3,6,0.41908129048550297,True
0.7,504,0.2,3,7,0.1266579000331814,False
0.7,504,0.2,3,8,0.20262307019071826,True
0.7,504,0.2,3,9,0.17070693347916213,False
0.7,504,0.2,3,10,0.18848026178505944,False
0.7,504,0.2,3,11,0.18345678647189215,False
0.7,504,0.2,3,12,0.1683125819863772,False
0.7,504,0.2,4,0,0.19584714573455853,False
0.7,504,0.2,4,1,0.2079386795512874,True
0.7,504,0.2,4,2,0.180499369923959,False
0.7,504,0.2,4,3,0.2064200778838545,True
0.7,504,0.2,4,4,0.15903166148321296,False
0.7,504,0.2,4,5,0.13043165579252175,False
0.7,504,0.2,4,6,0.17196205265477973,False
0.7,504,0.2,4,7,0.11548539904306619,False
0.7,504,0.2,4,8,0.2934840385315969,True
0.7,504,0.2,4,9,0.16177324730739273,False
0.7,504,0.2,4,10,0.24839062666159,True
0.7,504,0.2,4,11,0.07627392881968538,False
0.7,504,0.2,4,12,0.12311029192775608,False
0.7,504,0.2,5,0,0.16076396498866175,False
0.7,504,0.2,5,1,0.264910717934988,True
0.7,504,0.2,5,2,0.20733213663174666,True
0.7,504,0.2,5,3,0.09173011715422424,False
0.7,504,0.2,5,4,0.13190339379344193,False
0.7,504,0.2,5,5,0.14822316065169025,False
0.7,504,0.2,5,6,0.16266096628896493,False
0.7,504,0.2,5,7,0.091476194039958,False
0.7,504,0.2,5,8,0.14096231766485842,False
0.7,504,0.2,5,9,0.15324294944719924,False
0.7,504,0.2,5,10,0.11290131014459813,False
0.7,504,0.2,5,11,0.12026598045961909,False
0.7,504,0.3,1,0,0.1819392794793935,False
0.7,504,0.3,1,1,0.1315808691472167,False
0.7,504,0.3,1,2,0.25450731149008726,False
0.7,504,0.3,1,3,0.1764551228832604,False
0.7,504,0.3,1,4,0.1911400551529082,False
0.7,504,0.3,1,5,0.1423628609615257,False
0.7,504,0.3,1,6,0.17378736958735228,False
0.7,504,0.3,1,7,0.14483301726248302,False
0.7,504,0.3,1,8,0.31864188622012213,True
0.7,504,0.3,1,9,0.14140636757944786,False
0.7,504,0.3,1,10,0.17550526869660998,False
0.7,504,0.3,1,11,0.2981280468467129,False
0.7,504,0.3,2,0,0.12951732289505988,False
0.7,504,0.3,2,1,0.12858168136237436,False
0.7,504,0.3,2,2,0.20115660089973278,False
0.7,504,0.3,2,3,0.18987094873829755,False
0.7,504,0.3,2,4,0.10371754554358974,False
0.7,504,0.3,2,5,0.2806122151352891,False
0.7,504,0.3,2,6,0.15299432604358387,False
0.7,504,0.3,2,7,0.1239626096339411,False
0.7,504,0.3,2,8,0.11721256827699728,False
0.7,504,0.3,2,9,0.15060775909456953,False
0.7,504,0.3,2,10,0.11908758306836943,False
0.7,504,0.3,2,11,0.2043257409335738,False
0.7,504,0.3,2,12,0.12002316120951008,False
0.7,504,0.3,3,0,0.23896641741798533,False
0.7,504,0.3,3,1,0.14003028401812778,False
0.7,504,0.3,3,2,0.12824063416294307,False
0.7,504,0.3,3,3,0.16260001195897894,False
0.7,504,0.3,3,4,0.29044807611399753,False
0.7,504,0.3,3,5,0.24679372890840787,False
0.7,504,0.3,3,6,0.17956256230056494,False
0.7,504,0.3,3,7,0.23877365812500015,False
0.7,504,0.3,3,8,0.3925077209934561,True
0.7,504,0.3,3,9,0.31960135781326515,True
0.7,504,0.3,3,10,0.1679792808060161,False
0.7,504,0.3,3,11,0.3453050592064115,True
0.7,504,0.3,3,12,0.3363024060260973,True
0.7,504,0.3,4,0,0.19882922312362697,False
0.7,504,0.3,4,1,0.10946665790624563,False
0.7,504,0.3,4,2,0.18978502851585638,False
0.7,504,0.3,4,3,0.14860210535494522,False
0.7,504,0.3,4,4,0.30417247583940027,True
0.7,504,0.3,4,5,0.23335790385847946,False
0.7,504,0.3,4,6,0.21570508417193318,False
0.7,504,0.3,4,7,0.2429991253484216,False
0.7,504,0.3,4,8,0.2291730020943517,False
0.7,504,0.3,4,9,0.1869427438447905,False
0.7,504,0.3,4,10,0.2316538978134443,False
0.7,504,0.3,4,11,0.20514090857013426,False
0.7,504,0.3,4,12,0.2553419202815182,False
0.7,504,0.3,5,0,0.20330919743870218,False
0.7,504,0.3,5,1,0.1988135514156517,False
0.7,504,0.3,5,2,0.3606167457110728,True
0.7,504,0.3,5,3,0.15916559543359654,False
0.7,504,0.3,5,4,0.13609470810432422,False
0.7,504,0.3,5,5,0.17061864923076905,False
0.7,504,0.3,5,6,0.19905630095529547,False
0.7,504,0.3,5,7,0.08970692168078089,False
0.7,504,0.3,5,8,0.14084053253422613,False
0.7,504,0.3,5,9,0.13436469403872425,False
0.7,504,0.3,5,10,0.15551001770575007,False
0.7,504,0.3,5,11,0.2459299822100207,False
0.7,504,0.4,1,0,0.2135528572446592,False
0.7,504,0.4,1,1,0.25552557534574993,False
0.7,504,0.4,1,2,0.17737396081234574,False
0.7,504,0.4,1,3,0.17484537613129614,False
0.7,504,0.4,1,4,0.17114928751095973,False
0.7,504,0.4,1,5,0.15637529518535695,False
0.7,504,0.4,1,6,0.19836713738295897,False
0.7,504,0.4,1,7,0.12862357569058133,False
0.7,504,0.4,1,8,0.16281159029444395,False
0.7,504,0.4,1,9,0.16888390198585987,False
0.7,504,0.4,1,10,0.13138840563440163,False
0.7,504,0.4,1,11,0.19912308307559826,False
0.7,504,0.4,2,0,0.15541264012275882,False
0.7,504,0.4,2,1,0.1722047249634056,False
0.7,504,0.4,2,2,0.28684571959173333,False
0.7,504,0.4,2,3,0.13022799013309858,False
0.7,504,0.4,2,4,0.19455554762078914,False
0.7,504,0.4,2,5,0.26361746465938424,False
0.7,504,0.4,2,6,0.1914065265091487,False
0.7,504,0.4,2,7,0.20416301775561113,False
0.7,504,0.4,2,8,0.2179293011284738,False
0.7,504,0.4,2,9,0.24833967592563802,False
0.7,504,0.4,2,10,0.35377277726941336,False
0.7,504,0.4,2,11,0.27309628530403823,False
0.7,504,0.4,2,12,0.19776408373029247,False
0.7,504,0.4,3,0,0.12073599321479804,False
0.7,504,0.4,3,1,0.17384473436937642,False
0.7,504,0.4,3,2,0.2195105448754567,False
0.7,504,0.4,3,3,0.16447788005295028,False
0.7,504,0.4,3,4,0.17664680173568395,False
0.7,504,0.4,3,5,0.2502547237062404,False
0.7,504,0.4,3,6,0.32558288422029075,False
0.7,504,0.4,3,7,0.24564300364513955,False
0.7,504,0.4,3,8,0.20503761236429316,False
0.7,504,0.4,3,9,0.28658311971379685,False
0.7,504,0.4,3,10,0.32838136990860584,False
0.7,504,0.4,3,11,0.25421484812260803,False
0.7,504,0.4,3,12,0.15690658224153198,False
0.7,504,0.4,4,0,0.15485673348007695,False
0.7,504,0.4,4,1,0.2985481515124052,False
0.7,504,0.4,4,2,0.13954615460824102,False
0.7,504,0.4,4,3,0.18606225485081596,False
0.7,504,0.4,4,4,0.12273998434779347,False
0.7,504,0.4,4,5,0.2626582065625076,False
0.7,504,0.4,4,6,0.2948769066412253,False
0.7,504,0.4,4,7,0.297685726774369,False
0.7,504,0.4,4,8,0.2179767494108746,False
0.7,504,0.4,4,9,0.19747107771603348,False
0.7,504,0.4,4,10,0.27523454725384916,False
0.7,504,0.4,4,11,0.21622557490994568,False
0.7,504,0.4,4,12,0.2805680346415065,False
0.7,504,0.4,5,0,0.3614013856866276,False
0.7,504,0.4,5,1,0.35711378449751136,False
0.7,504,0.4,5,2,0.2412132301034524,False
0.7,504,0.4,5,3,0.46110046354817114,True
0.7,504,0.4,5,4,0.22438917504832007,False
0.7,504,0.4,5,5,0.15258995901137176,False
0.7,504,0.4,5,6,0.44339953346999367,True
0.7,504,0.4,5,7,0.15391506079401368,False
0.7,504,0.4,5,8,0.24925310277297152,False
0.7,504,0.4,5,9,0.21824088835222064,False
0.7,504,0.4,5,10,0.21228095558118734,False
0.7,504,0.4,5,11,0.36860141200665963,False
