H,lam,tc_bps,group,label,Ann.Ret(%),Sharpe,CVaR(5%)(%),MDD(%),MDD_abs(%),Calmar,HHI,Turnover
252,0.3,0,DFL-MDD,"DFL-MDD (LB=252, n1=0.1)",5.01,0.3539,2.72,40.6,43.93,0.1234,0.4602,0.5008
252,0.3,0,DFL-MDD,"DFL-MDD (LB=252, n1=0.2)",5.52,0.3899,2.59,34.7,37.3,0.1591,0.5191,0.5472
252,0.3,0,DFL-MDD,"DFL-MDD (LB=252, n1=0.3)",7.53,0.5143,2.47,31.27,33.65,0.2408,0.5101,0.5721
252,0.3,0,DFL-MDD,"DFL-MDD (LB=252, n1=0.4)",5.24,0.3838,2.51,33.21,35.72,0.1578,0.774,0.2966
252,0.3,0,DFL-MDD,"DFL-MDD (LB=504, n1=0.1)",10.27,0.6232,2.65,37.66,40.62,0.2728,0.2862,0.4067
252,0.3,0,DFL-MDD,"DFL-MDD (LB=504, n1=0.2)",5.39,0.3896,2.5,32.53,35.01,0.1658,0.4125,0.4913
252,0.3,0,DFL-MDD,"DFL-MDD (LB=504, n1=0.3)",8.15,0.5407,2.48,34.28,36.91,0.2377,0.528,0.5261
252,0.3,0,DFL-MDD,"DFL-MDD (LB=504, n1=0.4)",5.46,0.3889,2.58,35.2,38.03,0.155,0.6964,0.4843
252,0.3,0,PTO-MDD,"PTO-MDD (LB=252, n1=0.1)",-2.15,0.1026,4.52,77.47,116.35,-0.0277,0.8541,0.069
252,0.3,0,PTO-MDD,"PTO-MDD (LB=252, n1=0.2)",6.32,0.3494,4.72,77.47,116.35,0.0816,0.9015,0.062
252,0.3,0,PTO-MDD,"PTO-MDD (LB=252, n1=0.3)",1.7,0.2184,4.6,77.47,116.35,0.022,0.8935,0.075
252,0.3,0,PTO-MDD,"PTO-MDD (LB=252, n1=0.4)",2.46,0.2398,4.52,77.47,116.35,0.0317,0.8904,0.0787
252,0.3,0,PTO-MDD,"PTO-MDD (LB=504, n1=0.1)",12.0,0.4914,5.01,77.47,116.35,0.1549,0.949,0.0545
252,0.3,0,PTO-MDD,"PTO-MDD (LB=504, n1=0.2)",7.53,0.3813,4.74,77.47,116.35,0.0972,0.8233,0.0625
252,0.3,0,PTO-MDD,"PTO-MDD (LB=504, n1=0.3)",10.13,0.4485,4.8,77.47,116.35,0.1308,0.8873,0.0732
252,0.3,0,PTO-MDD,"PTO-MDD (LB=504, n1=0.4)",10.89,0.4671,4.85,77.47,116.35,0.1405,0.835,0.0649
252,0.3,0,PTO-MVO,PTO-MVO (LB=252),6.78,0.4625,2.57,36.09,39.26,0.1879,0.1881,0.0807
252,0.3,0,PTO-MVO,PTO-MVO (LB=504),4.97,0.3603,2.63,37.23,40.52,0.1336,0.19,0.0544
252,0.3,0,DFL-MVO,DFL-MVO (LB=252),16.93,0.8302,3.16,30.05,33.3,0.5635,1.0,0.4884
252,0.3,0,DFL-MVO,DFL-MVO (LB=504),2.2,0.2105,3.48,44.32,47.08,0.0497,1.0,0.1395
252,0.3,0,Benchmark,EW,11.68,0.6467,3.01,38.73,42.74,0.3017,0.1,0.0323
252,0.3,0,Benchmark,GMV (LB=252),7.28,0.4921,2.56,34.81,37.83,0.2091,0.1819,0.079
252,0.3,0,Benchmark,hist-MVO (LB=252),11.54,0.6808,2.79,33.62,36.7,0.3433,0.2275,0.2711
252,0.3,0,Benchmark,GMV (LB=504),5.55,0.3924,2.62,36.14,39.3,0.1535,0.1876,0.0528
252,0.3,0,Benchmark,hist-MVO (LB=504),7.36,0.4755,2.76,33.61,36.44,0.2189,0.2009,0.1482
252,0.3,5,DFL-MDD,"DFL-MDD (LB=252, n1=0.1)",4.7,0.3382,2.73,40.62,43.95,0.1157,0.4602,0.5008
252,0.3,5,DFL-MDD,"DFL-MDD (LB=252, n1=0.2)",5.18,0.3718,2.59,34.72,37.32,0.1492,0.5191,0.5472
252,0.3,5,DFL-MDD,"DFL-MDD (LB=252, n1=0.3)",7.16,0.4942,2.47,31.3,33.68,0.2289,0.5101,0.5721
252,0.3,5,DFL-MDD,"DFL-MDD (LB=252, n1=0.4)",5.05,0.3736,2.51,33.22,35.73,0.1521,0.774,0.2966
252,0.3,5,DFL-MDD,"DFL-MDD (LB=504, n1=0.1)",10.01,0.6101,2.65,37.67,40.64,0.2657,0.2862,0.4067
252,0.3,5,DFL-MDD,"DFL-MDD (LB=504, n1=0.2)",5.09,0.3728,2.5,32.53,35.02,0.1564,0.4125,0.4913
252,0.3,5,DFL-MDD,"DFL-MDD (LB=504, n1=0.3)",7.81,0.5226,2.48,34.29,36.91,0.2278,0.528,0.5261
252,0.3,5,DFL-MDD,"DFL-MDD (LB=504, n1=0.4)",5.15,0.3727,2.58,35.22,38.04,0.1463,0.6964,0.4843
252,0.3,5,PTO-MDD,"PTO-MDD (LB=252, n1=0.1)",-2.19,0.1014,4.52,77.47,116.35,-0.0282,0.8541,0.069
252,0.3,5,PTO-MDD,"PTO-MDD (LB=252, n1=0.2)",6.28,0.3484,4.72,77.47,116.35,0.0811,0.9015,0.062
252,0.3,5,PTO-MDD,"PTO-MDD (LB=252, n1=0.3)",1.66,0.2171,4.6,77.47,116.35,0.0214,0.8935,0.075
252,0.3,5,PTO-MDD,"PTO-MDD (LB=252, n1=0.4)",2.41,0.2384,4.52,77.47,116.35,0.0311,0.8904,0.0787
252,0.3,5,PTO-MDD,"PTO-MDD (LB=504, n1=0.1)",11.97,0.4906,5.01,77.47,116.35,0.1544,0.949,0.0545
252,0.3,5,PTO-MDD,"PTO-MDD (LB=504, n1=0.2)",7.49,0.3803,4.74,77.47,116.35,0.0966,0.8233,0.0625
252,0.3,5,PTO-MDD,"PTO-MDD (LB=504, n1=0.3)",10.09,0.4473,4.8,77.47,116.35,0.1302,0.8873,0.0732
252,0.3,5,PTO-MDD,"PTO-MDD (LB=504, n1=0.4)",10.84,0.4661,4.85,77.47,116.35,0.14,0.835,0.0649
252,0.3,5,PTO-MVO,PTO-MVO (LB=252),6.73,0.4598,2.57,36.09,39.26,0.1864,0.1881,0.0807
252,0.3,5,PTO-MVO,PTO-MVO (LB=504),4.94,0.3585,2.63,37.23,40.52,0.1327,0.19,0.0544
252,0.3,5,DFL-MVO,DFL-MVO (LB=252),16.59,0.8168,3.16,30.05,33.3,0.5522,1.0,0.4884
252,0.3,5,DFL-MVO,DFL-MVO (LB=504),2.12,0.207,3.48,44.43,47.29,0.0476,1.0,0.1395
252,0.3,5,Benchmark,EW,11.66,0.6457,3.01,38.73,42.74,0.3011,0.1,0.0323
252,0.3,5,Benchmark,GMV (LB=252),7.23,0.4895,2.56,34.81,37.83,0.2077,0.1819,0.079
252,0.3,5,Benchmark,hist-MVO (LB=252),11.36,0.6722,2.79,33.63,36.71,0.3378,0.2275,0.2711
252,0.3,5,Benchmark,GMV (LB=504),5.51,0.3907,2.62,36.15,39.3,0.1526,0.1876,0.0528
252,0.3,5,Benchmark,hist-MVO (LB=504),7.26,0.4707,2.76,33.62,36.45,0.216,0.2009,0.1482
252,0.3,10,DFL-MDD,"DFL-MDD (LB=252, n1=0.1)",4.39,0.3224,2.73,40.65,43.97,0.1079,0.4602,0.5008
252,0.3,10,DFL-MDD,"DFL-MDD (LB=252, n1=0.2)",4.84,0.3537,2.6,34.73,37.33,0.1393,0.5191,0.5472
252,0.3,10,DFL-MDD,"DFL-MDD (LB=252, n1=0.3)",6.8,0.4742,2.47,31.32,33.7,0.2172,0.5101,0.5721
252,0.3,10,DFL-MDD,"DFL-MDD (LB=252, n1=0.4)",4.87,0.3634,2.51,33.24,35.75,0.1465,0.774,0.2966
252,0.3,10,DFL-MDD,"DFL-MDD (LB=504, n1=0.1)",9.74,0.597,2.65,37.69,40.65,0.2585,0.2862,0.4067
252,0.3,10,DFL-MDD,"DFL-MDD (LB=504, n1=0.2)",4.78,0.356,2.5,32.54,35.02,0.1469,0.4125,0.4913
252,0.3,10,DFL-MDD,"DFL-MDD (LB=504, n1=0.3)",7.47,0.5045,2.48,34.29,36.92,0.218,0.528,0.5261
252,0.3,10,DFL-MDD,"DFL-MDD (LB=504, n1=0.4)",4.85,0.3565,2.58,35.23,38.06,0.1377,0.6964,0.4843
252,0.3,10,PTO-MDD,"PTO-MDD (LB=252, n1=0.1)",-2.23,0.1002,4.52,77.47,116.35,-0.0287,0.8541,0.069
252,0.3,10,PTO-MDD,"PTO-MDD (LB=252, n1=0.2)",6.24,0.3473,4.72,77.47,116.35,0.0806,0.9015,0.062
252,0.3,10,PTO-MDD,"PTO-MDD (LB=252, n1=0.3)",1.61,0.2157,4.6,77.47,116.35,0.0208,0.8935,0.075
252,0.3,10,PTO-MDD,"PTO-MDD (LB=252, n1=0.4)",2.36,0.237,4.52,77.47,116.35,0.0305,0.8904,0.0787
252,0.3,10,PTO-MDD,"PTO-MDD (LB=504, n1=0.1)",11.93,0.4897,5.01,77.47,116.35,0.154,0.949,0.0545
252,0.3,10,PTO-MDD,"PTO-MDD (LB=504, n1=0.2)",7.45,0.3792,4.74,77.47,116.35,0.0961,0.8233,0.0625
252,0.3,10,PTO-MDD,"PTO-MDD (LB=504, n1=0.3)",10.04,0.446,4.8,77.47,116.35,0.1296,0.8873,0.0732
252,0.3,10,PTO-MDD,"PTO-MDD (LB=504, n1=0.4)",10.8,0.465,4.85,77.47,116.35,0.1394,0.835,0.0649
252,0.3,10,PTO-MVO,PTO-MVO (LB=252),6.68,0.4571,2.57,36.09,39.27,0.185,0.1881,0.0807
252,0.3,10,PTO-MVO,PTO-MVO (LB=504),4.91,0.3567,2.63,37.23,40.52,0.1318,0.19,0.0544
252,0.3,10,DFL-MVO,DFL-MVO (LB=252),16.26,0.8035,3.16,30.05,33.3,0.541,1.0,0.4884
252,0.3,10,DFL-MVO,DFL-MVO (LB=504),2.03,0.2036,3.49,44.54,47.5,0.0456,1.0,0.1395
252,0.3,10,Benchmark,EW,11.64,0.6448,3.01,38.73,42.74,0.3005,0.1,0.0323
252,0.3,10,Benchmark,GMV (LB=252),7.18,0.4868,2.56,34.82,37.84,0.2062,0.1819,0.079
252,0.3,10,Benchmark,hist-MVO (LB=252),11.18,0.6636,2.79,33.64,36.72,0.3324,0.2275,0.2711
252,0.3,10,Benchmark,GMV (LB=504),5.48,0.3889,2.62,36.15,39.31,0.1516,0.1876,0.0528
252,0.3,10,Benchmark,hist-MVO (LB=504),7.17,0.466,2.76,33.62,36.46,0.2132,0.2009,0.1482
252,0.3,20,DFL-MDD,"DFL-MDD (LB=252, n1=0.1)",3.77,0.2909,2.73,40.69,44.01,0.0926,0.4602,0.5008
252,0.3,20,DFL-MDD,"DFL-MDD (LB=252, n1=0.2)",4.16,0.3173,2.6,34.8,37.42,0.1195,0.5191,0.5472
252,0.3,20,DFL-MDD,"DFL-MDD (LB=252, n1=0.3)",6.08,0.434,2.48,31.37,33.75,0.1938,0.5101,0.5721
252,0.3,20,DFL-MDD,"DFL-MDD (LB=252, n1=0.4)",4.5,0.3428,2.51,33.26,35.78,0.1353,0.774,0.2966
252,0.3,20,DFL-MDD,"DFL-MDD (LB=504, n1=0.1)",9.21,0.5708,2.65,37.72,40.68,0.2443,0.2862,0.4067
252,0.3,20,DFL-MDD,"DFL-MDD (LB=504, n1=0.2)",4.17,0.3224,2.5,32.55,35.04,0.1282,0.4125,0.4913
252,0.3,20,DFL-MDD,"DFL-MDD (LB=504, n1=0.3)",6.8,0.4683,2.48,34.3,36.92,0.1984,0.528,0.5261
252,0.3,20,DFL-MDD,"DFL-MDD (LB=504, n1=0.4)",4.25,0.3241,2.58,35.25,38.08,0.1205,0.6964,0.4843
252,0.3,20,PTO-MDD,"PTO-MDD (LB=252, n1=0.1)",-2.31,0.0977,4.52,77.47,116.35,-0.0298,0.8541,0.069
252,0.3,20,PTO-MDD,"PTO-MDD (LB=252, n1=0.2)",6.16,0.3452,4.72,77.47,116.35,0.0796,0.9015,0.062
252,0.3,20,PTO-MDD,"PTO-MDD (LB=252, n1=0.3)",1.52,0.2131,4.6,77.47,116.35,0.0196,0.8935,0.075
252,0.3,20,PTO-MDD,"PTO-MDD (LB=252, n1=0.4)",2.26,0.2342,4.52,77.47,116.35,0.0292,0.8904,0.0787
252,0.3,20,PTO-MDD,"PTO-MDD (LB=504, n1=0.1)",11.86,0.4879,5.01,77.47,116.35,0.153,0.949,0.0545
252,0.3,20,PTO-MDD,"PTO-MDD (LB=504, n1=0.2)",7.37,0.3771,4.74,77.47,116.35,0.0951,0.8233,0.0625
252,0.3,20,PTO-MDD,"PTO-MDD (LB=504, n1=0.3)",9.94,0.4436,4.8,77.47,116.35,0.1283,0.8873,0.0732
252,0.3,20,PTO-MDD,"PTO-MDD (LB=504, n1=0.4)",10.72,0.4628,4.85,77.47,116.35,0.1383,0.835,0.0649
252,0.3,20,PTO-MVO,PTO-MVO (LB=252),6.57,0.4516,2.57,36.1,39.27,0.1821,0.1881,0.0807
252,0.3,20,PTO-MVO,PTO-MVO (LB=504),4.84,0.3531,2.63,37.24,40.53,0.1299,0.19,0.0544
252,0.3,20,DFL-MVO,DFL-MVO (LB=252),15.58,0.7765,3.16,30.05,33.3,0.5186,1.0,0.4884
252,0.3,20,DFL-MVO,DFL-MVO (LB=504),1.86,0.1967,3.49,44.76,47.92,0.0416,1.0,0.1395
252,0.3,20,Benchmark,EW,11.6,0.6429,3.01,38.73,42.74,0.2994,0.1,0.0323
252,0.3,20,Benchmark,GMV (LB=252),7.08,0.4814,2.56,34.82,37.85,0.2033,0.1819,0.079
252,0.3,20,Benchmark,hist-MVO (LB=252),10.83,0.6464,2.79,33.66,36.75,0.3216,0.2275,0.2711
252,0.3,20,Benchmark,GMV (LB=504),5.42,0.3854,2.62,36.15,39.31,0.1498,0.1876,0.0528
252,0.3,20,Benchmark,hist-MVO (LB=504),6.98,0.4566,2.76,33.64,36.47,0.2075,0.2009,0.1482
252,0.3,40,DFL-MDD,"DFL-MDD (LB=252, n1=0.1)",2.54,0.2276,2.73,40.78,44.1,0.0623,0.4602,0.5008
252,0.3,40,DFL-MDD,"DFL-MDD (LB=252, n1=0.2)",2.81,0.2446,2.6,34.99,37.67,0.0804,0.5191,0.5472
252,0.3,40,DFL-MDD,"DFL-MDD (LB=252, n1=0.3)",4.65,0.3534,2.48,31.56,33.97,0.1472,0.5101,0.5721
252,0.3,40,DFL-MDD,"DFL-MDD (LB=252, n1=0.4)",3.77,0.3017,2.51,33.32,35.83,0.1131,0.774,0.2966
252,0.3,40,DFL-MDD,"DFL-MDD (LB=504, n1=0.1)",8.16,0.5183,2.65,37.78,40.74,0.2161,0.2862,0.4067
252,0.3,40,DFL-MDD,"DFL-MDD (LB=504, n1=0.2)",2.96,0.2551,2.51,32.57,35.06,0.0909,0.4125,0.4913
252,0.3,40,DFL-MDD,"DFL-MDD (LB=504, n1=0.3)",5.48,0.3956,2.48,34.31,36.93,0.1596,0.528,0.5261
252,0.3,40,DFL-MDD,"DFL-MDD (LB=504, n1=0.4)",3.06,0.2589,2.58,35.31,38.13,0.0866,0.6964,0.4843
252,0.3,40,PTO-MDD,"PTO-MDD (LB=252, n1=0.1)",-2.47,0.0929,4.52,77.47,116.35,-0.0318,0.8541,0.069
252,0.3,40,PTO-MDD,"PTO-MDD (LB=252, n1=0.2)",6.01,0.341,4.72,77.47,116.35,0.0775,0.9015,0.062
252,0.3,40,PTO-MDD,"PTO-MDD (LB=252, n1=0.3)",1.34,0.2078,4.6,77.47,116.35,0.0173,0.8935,0.075
252,0.3,40,PTO-MDD,"PTO-MDD (LB=252, n1=0.4)",2.07,0.2287,4.52,77.47,116.35,0.0268,0.8904,0.0787
252,0.3,40,PTO-MDD,"PTO-MDD (LB=504, n1=0.1)",11.71,0.4844,5.01,77.47,116.35,0.1512,0.949,0.0545
252,0.3,40,PTO-MDD,"PTO-MDD (LB=504, n1=0.2)",7.21,0.3729,4.74,77.47,116.35,0.093,0.8233,0.0625
252,0.3,40,PTO-MDD,"PTO-MDD (LB=504, n1=0.3)",9.75,0.4387,4.8,77.47,116.35,0.1259,0.8873,0.0732
252,0.3,40,PTO-MDD,"PTO-MDD (LB=504, n1=0.4)",10.54,0.4585,4.85,77.47,116.35,0.1361,0.835,0.0649
252,0.3,40,PTO-MVO,PTO-MVO (LB=252),6.37,0.4407,2.57,36.11,39.29,0.1764,0.1881,0.0807
252,0.3,40,PTO-MVO,PTO-MVO (LB=504),4.7,0.346,2.63,37.25,40.54,0.1263,0.19,0.0544
252,0.3,40,DFL-MVO,DFL-MVO (LB=252),14.24,0.7222,3.17,30.05,33.3,0.474,1.0,0.4884
252,0.3,40,DFL-MVO,DFL-MVO (LB=504),1.52,0.183,3.49,45.2,48.76,0.0337,1.0,0.1395
252,0.3,40,Benchmark,EW,11.51,0.6391,3.01,38.74,42.75,0.2972,0.1,0.0323
252,0.3,40,Benchmark,GMV (LB=252),6.88,0.4707,2.56,34.84,37.86,0.1974,0.1819,0.079
252,0.3,40,Benchmark,hist-MVO (LB=252),10.11,0.6118,2.79,33.71,36.79,0.3,0.2275,0.2711
252,0.3,40,Benchmark,GMV (LB=504),5.28,0.3784,2.62,36.17,39.32,0.1461,0.1876,0.0528
252,0.3,40,Benchmark,hist-MVO (LB=504),6.6,0.4377,2.76,33.66,36.5,0.1962,0.2009,0.1482
252,0.5,0,DFL-MDD,"DFL-MDD (LB=252, n1=0.1)",7.54,0.5138,2.48,31.79,34.22,0.2373,0.4098,0.5253
252,0.5,0,DFL-MDD,"DFL-MDD (LB=252, n1=0.2)",7.14,0.4814,2.53,35.46,38.44,0.2014,0.4896,0.5126
252,0.5,0,DFL-MDD,"DFL-MDD (LB=252, n1=0.3)",8.27,0.5564,2.46,31.35,33.69,0.2639,0.5667,0.5062
252,0.5,0,DFL-MDD,"DFL-MDD (LB=252, n1=0.4)",4.75,0.3466,2.6,35.01,37.65,0.1356,0.5707,0.6316
252,0.5,0,DFL-MDD,"DFL-MDD (LB=504, n1=0.1)",9.3,0.59,2.56,33.79,36.4,0.2752,0.2932,0.3714
252,0.5,0,DFL-MDD,"DFL-MDD (LB=504, n1=0.2)",7.33,0.4677,2.68,38.51,41.45,0.1903,0.38,0.6266
252,0.5,0,DFL-MDD,"DFL-MDD (LB=504, n1=0.3)",3.39,0.2755,2.6,35.57,38.43,0.0952,0.5147,0.5443
252,0.5,0,DFL-MDD,"DFL-MDD (LB=504, n1=0.4)",7.75,0.5089,2.58,34.7,37.31,0.2233,0.5664,0.4657
252,0.5,0,PTO-MDD,"PTO-MDD (LB=252, n1=0.1)",-2.15,0.1026,4.52,77.47,116.35,-0.0277,0.8541,0.069
252,0.5,0,PTO-MDD,"PTO-MDD (LB=252, n1=0.2)",6.32,0.3494,4.72,77.47,116.35,0.0816,0.9015,0.062
252,0.5,0,PTO-MDD,"PTO-MDD (LB=252, n1=0.3)",1.7,0.2184,4.6,77.47,116.35,0.022,0.8935,0.075
252,0.5,0,PTO-MDD,"PTO-MDD (LB=252, n1=0.4)",2.46,0.2398,4.52,77.47,116.35,0.0317,0.8904,0.0787
252,0.5,0,PTO-MDD,"PTO-MDD (LB=504, n1=0.1)",12.0,0.4914,5.01,77.47,116.35,0.1549,0.949,0.0545
252,0.5,0,PTO-MDD,"PTO-MDD (LB=504, n1=0.2)",7.53,0.3813,4.74,77.47,116.35,0.0972,0.8233,0.0625
252,0.5,0,PTO-MDD,"PTO-MDD (LB=504, n1=0.3)",10.13,0.4485,4.8,77.47,116.35,0.1308,0.8873,0.0732
252,0.5,0,PTO-MDD,"PTO-MDD (LB=504, n1=0.4)",10.89,0.4671,4.85,77.47,116.35,0.1405,0.835,0.0649
252,0.5,0,PTO-MVO,PTO-MVO (LB=252),6.78,0.4625,2.57,36.09,39.26,0.1879,0.1881,0.0807
252,0.5,0,PTO-MVO,PTO-MVO (LB=504),4.97,0.3603,2.63,37.23,40.52,0.1336,0.19,0.0544
252,0.5,0,DFL-MVO,DFL-MVO (LB=252),13.87,0.7053,3.11,33.83,38.87,0.41,1.0,0.2558
252,0.5,0,DFL-MVO,DFL-MVO (LB=504),3.56,0.2701,3.28,34.45,38.82,0.1034,1.0,0.1163
252,0.5,0,Benchmark,EW,11.68,0.6467,3.01,38.73,42.74,0.3017,0.1,0.0323
252,0.5,0,Benchmark,GMV (LB=252),7.28,0.4921,2.56,34.81,37.83,0.2091,0.1819,0.079
252,0.5,0,Benchmark,hist-MVO (LB=252),11.54,0.6808,2.79,33.62,36.7,0.3433,0.2275,0.2711
252,0.5,0,Benchmark,GMV (LB=504),5.55,0.3924,2.62,36.14,39.3,0.1535,0.1876,0.0528
252,0.5,0,Benchmark,hist-MVO (LB=504),7.36,0.4755,2.76,33.61,36.44,0.2189,0.2009,0.1482
252,0.5,5,DFL-MDD,"DFL-MDD (LB=252, n1=0.1)",7.21,0.4954,2.48,31.81,34.24,0.2267,0.4098,0.5253
252,0.5,5,DFL-MDD,"DFL-MDD (LB=252, n1=0.2)",6.82,0.4641,2.53,35.49,38.46,0.1921,0.4896,0.5126
252,0.5,5,DFL-MDD,"DFL-MDD (LB=252, n1=0.3)",7.95,0.5386,2.46,31.35,33.69,0.2535,0.5667,0.5062
252,0.5,5,DFL-MDD,"DFL-MDD (LB=252, n1=0.4)",4.35,0.3259,2.6,35.01,37.66,0.1243,0.5707,0.6316
252,0.5,5,DFL-MDD,"DFL-MDD (LB=504, n1=0.1)",9.06,0.5776,2.56,33.8,36.41,0.268,0.2932,0.3714
252,0.5,5,DFL-MDD,"DFL-MDD (LB=504, n1=0.2)",6.93,0.4481,2.68,38.52,41.47,0.1799,0.38,0.6266
252,0.5,5,DFL-MDD,"DFL-MDD (LB=504, n1=0.3)",3.05,0.2575,2.61,35.59,38.44,0.0858,0.5147,0.5443
252,0.5,5,DFL-MDD,"DFL-MDD (LB=504, n1=0.4)",7.45,0.4935,2.58,34.72,37.33,0.2146,0.5664,0.4657
252,0.5,5,PTO-MDD,"PTO-MDD (LB=252, n1=0.1)",-2.19,0.1014,4.52,77.47,116.35,-0.0282,0.8541,0.069
252,0.5,5,PTO-MDD,"PTO-MDD (LB=252, n1=0.2)",6.28,0.3484,4.72,77.47,116.35,0.0811,0.9015,0.062
252,0.5,5,PTO-MDD,"PTO-MDD (LB=252, n1=0.3)",1.66,0.2171,4.6,77.47,116.35,0.0214,0.8935,0.075
252,0.5,5,PTO-MDD,"PTO-MDD (LB=252, n1=0.4)",2.41,0.2384,4.52,77.47,116.35,0.0311,0.8904,0.0787
252,0.5,5,PTO-MDD,"PTO-MDD (LB=504, n1=0.1)",11.97,0.4906,5.01,77.47,116.35,0.1544,0.949,0.0545
252,0.5,5,PTO-MDD,"PTO-MDD (LB=504, n1=0.2)",7.49,0.3803,4.74,77.47,116.35,0.0966,0.8233,0.0625
252,0.5,5,PTO-MDD,"PTO-MDD (LB=504, n1=0.3)",10.09,0.4473,4.8,77.47,116.35,0.1302,0.8873,0.0732
252,0.5,5,PTO-MDD,"PTO-MDD (LB=504, n1=0.4)",10.84,0.4661,4.85,77.47,116.35,0.14,0.835,0.0649
252,0.5,5,PTO-MVO,PTO-MVO (LB=252),6.73,0.4598,2.57,36.09,39.26,0.1864,0.1881,0.0807
252,0.5,5,PTO-MVO,PTO-MVO (LB=504),4.94,0.3585,2.63,37.23,40.52,0.1327,0.19,0.0544
252,0.5,5,DFL-MVO,DFL-MVO (LB=252),13.7,0.6983,3.11,33.9,38.96,0.4041,1.0,0.2558
252,0.5,5,DFL-MVO,DFL-MVO (LB=504),3.49,0.2669,3.28,34.58,39.01,0.1009,1.0,0.1163
252,0.5,5,Benchmark,EW,11.66,0.6457,3.01,38.73,42.74,0.3011,0.1,0.0323
252,0.5,5,Benchmark,GMV (LB=252),7.23,0.4895,2.56,34.81,37.83,0.2077,0.1819,0.079
252,0.5,5,Benchmark,hist-MVO (LB=252),11.36,0.6722,2.79,33.63,36.71,0.3378,0.2275,0.2711
252,0.5,5,Benchmark,GMV (LB=504),5.51,0.3907,2.62,36.15,39.3,0.1526,0.1876,0.0528
252,0.5,5,Benchmark,hist-MVO (LB=504),7.26,0.4707,2.76,33.62,36.45,0.216,0.2009,0.1482
252,0.5,10,DFL-MDD,"DFL-MDD (LB=252, n1=0.1)",6.88,0.477,2.48,31.82,34.25,0.2161,0.4098,0.5253
252,0.5,10,DFL-MDD,"DFL-MDD (LB=252, n1=0.2)",6.49,0.4468,2.53,35.51,38.48,0.1828,0.4896,0.5126
252,0.5,10,DFL-MDD,"DFL-MDD (LB=252, n1=0.3)",7.62,0.5208,2.46,31.35,33.69,0.2432,0.5667,0.5062
252,0.5,10,DFL-MDD,"DFL-MDD (LB=252, n1=0.4)",3.96,0.3052,2.6,35.02,37.66,0.1132,0.5707,0.6316
252,0.5,10,DFL-MDD,"DFL-MDD (LB=504, n1=0.1)",8.82,0.5653,2.56,33.81,36.41,0.2609,0.2932,0.3714
252,0.5,10,DFL-MDD,"DFL-MDD (LB=504, n1=0.2)",6.53,0.4285,2.68,38.54,41.49,0.1695,0.38,0.6266
252,0.5,10,DFL-MDD,"DFL-MDD (LB=504, n1=0.3)",2.72,0.2395,2.61,35.61,38.46,0.0764,0.5147,0.5443
252,0.5,10,DFL-MDD,"DFL-MDD (LB=504, n1=0.4)",7.16,0.478,2.58,34.75,37.35,0.2059,0.5664,0.4657
252,0.5,10,PTO-MDD,"PTO-MDD (LB=252, n1=0.1)",-2.23,0.1002,4.52,77.47,116.35,-0.0287,0.8541,0.069
252,0.5,10,PTO-MDD,"PTO-MDD (LB=252, n1=0.2)",6.24,0.3473,4.72,77.47,116.35,0.0806,0.9015,0.062
252,0.5,10,PTO-MDD,"PTO-MDD (LB=252, n1=0.3)",1.61,0.2157,4.6,77.47,116.35,0.0208,0.8935,0.075
252,0.5,10,PTO-MDD,"PTO-MDD (LB=252, n1=0.4)",2.36,0.237,4.52,77.47,116.35,0.0305,0.8904,0.0787
252,0.5,10,PTO-MDD,"PTO-MDD (LB=504, n1=0.1)",11.93,0.4897,5.01,77.47,116.35,0.154,0.949,0.0545
252,0.5,10,PTO-MDD,"PTO-MDD (LB=504, n1=0.2)",7.45,0.3792,4.74,77.47,116.35,0.0961,0.8233,0.0625
252,0.5,10,PTO-MDD,"PTO-MDD (LB=504, n1=0.3)",10.04,0.446,4.8,77.47,116.35,0.1296,0.8873,0.0732
252,0.5,10,PTO-MDD,"PTO-MDD (LB=504, n1=0.4)",10.8,0.465,4.85,77.47,116.35,0.1394,0.835,0.0649
252,0.5,10,PTO-MVO,PTO-MVO (LB=252),6.68,0.4571,2.57,36.09,39.27,0.185,0.1881,0.0807
252,0.5,10,PTO-MVO,PTO-MVO (LB=504),4.91,0.3567,2.63,37.23,40.52,0.1318,0.19,0.0544
252,0.5,10,DFL-MVO,DFL-MVO (LB=252),13.53,0.6914,3.11,33.96,39.06,0.3982,1.0,0.2558
252,0.5,10,DFL-MVO,DFL-MVO (LB=504),3.42,0.2637,3.28,34.71,39.21,0.0985,1.0,0.1163
252,0.5,10,Benchmark,EW,11.64,0.6448,3.01,38.73,42.74,0.3005,0.1,0.0323
252,0.5,10,Benchmark,GMV (LB=252),7.18,0.4868,2.56,34.82,37.84,0.2062,0.1819,0.079
252,0.5,10,Benchmark,hist-MVO (LB=252),11.18,0.6636,2.79,33.64,36.72,0.3324,0.2275,0.2711
252,0.5,10,Benchmark,GMV (LB=504),5.48,0.3889,2.62,36.15,39.31,0.1516,0.1876,0.0528
252,0.5,10,Benchmark,hist-MVO (LB=504),7.17,0.466,2.76,33.62,36.46,0.2132,0.2009,0.1482
252,0.5,20,DFL-MDD,"DFL-MDD (LB=252, n1=0.1)",6.21,0.4402,2.48,31.85,34.28,0.195,0.4098,0.5253
252,0.5,20,DFL-MDD,"DFL-MDD (LB=252, n1=0.2)",5.85,0.4121,2.53,35.55,38.53,0.1644,0.4896,0.5126
252,0.5,20,DFL-MDD,"DFL-MDD (LB=252, n1=0.3)",6.98,0.4851,2.46,31.35,33.68,0.2226,0.5667,0.5062
252,0.5,20,DFL-MDD,"DFL-MDD (LB=252, n1=0.4)",3.19,0.2638,2.61,35.04,37.68,0.0909,0.5707,0.6316
252,0.5,20,DFL-MDD,"DFL-MDD (LB=504, n1=0.1)",8.34,0.5404,2.57,33.83,36.43,0.2466,0.2932,0.3714
252,0.5,20,DFL-MDD,"DFL-MDD (LB=504, n1=0.2)",5.74,0.3893,2.68,38.57,41.52,0.1489,0.38,0.6266
252,0.5,20,DFL-MDD,"DFL-MDD (LB=504, n1=0.3)",2.06,0.2035,2.61,35.7,38.56,0.0577,0.5147,0.5443
252,0.5,20,DFL-MDD,"DFL-MDD (LB=504, n1=0.4)",6.57,0.4469,2.58,34.8,37.4,0.1887,0.5664,0.4657
252,0.5,20,PTO-MDD,"PTO-MDD (LB=252, n1=0.1)",-2.31,0.0977,4.52,77.47,116.35,-0.0298,0.8541,0.069
252,0.5,20,PTO-MDD,"PTO-MDD (LB=252, n1=0.2)",6.16,0.3452,4.72,77.47,116.35,0.0796,0.9015,0.062
252,0.5,20,PTO-MDD,"PTO-MDD (LB=252, n1=0.3)",1.52,0.2131,4.6,77.47,116.35,0.0196,0.8935,0.075
252,0.5,20,PTO-MDD,"PTO-MDD (LB=252, n1=0.4)",2.26,0.2342,4.52,77.47,116.35,0.0292,0.8904,0.0787
252,0.5,20,PTO-MDD,"PTO-MDD (LB=504, n1=0.1)",11.86,0.4879,5.01,77.47,116.35,0.153,0.949,0.0545
252,0.5,20,PTO-MDD,"PTO-MDD (LB=504, n1=0.2)",7.37,0.3771,4.74,77.47,116.35,0.0951,0.8233,0.0625
252,0.5,20,PTO-MDD,"PTO-MDD (LB=504, n1=0.3)",9.94,0.4436,4.8,77.47,116.35,0.1283,0.8873,0.0732
252,0.5,20,PTO-MDD,"PTO-MDD (LB=504, n1=0.4)",10.72,0.4628,4.85,77.47,116.35,0.1383,0.835,0.0649
252,0.5,20,PTO-MVO,PTO-MVO (LB=252),6.57,0.4516,2.57,36.1,39.27,0.1821,0.1881,0.0807
252,0.5,20,PTO-MVO,PTO-MVO (LB=504),4.84,0.3531,2.63,37.24,40.53,0.1299,0.19,0.0544
252,0.5,20,DFL-MVO,DFL-MVO (LB=252),13.18,0.6774,3.11,34.1,39.25,0.3866,1.0,0.2558
252,0.5,20,DFL-MVO,DFL-MVO (LB=504),3.28,0.2573,3.29,34.98,39.59,0.0937,1.0,0.1163
252,0.5,20,Benchmark,EW,11.6,0.6429,3.01,38.73,42.74,0.2994,0.1,0.0323
252,0.5,20,Benchmark,GMV (LB=252),7.08,0.4814,2.56,34.82,37.85,0.2033,0.1819,0.079
252,0.5,20,Benchmark,hist-MVO (LB=252),10.83,0.6464,2.79,33.66,36.75,0.3216,0.2275,0.2711
252,0.5,20,Benchmark,GMV (LB=504),5.42,0.3854,2.62,36.15,39.31,0.1498,0.1876,0.0528
252,0.5,20,Benchmark,hist-MVO (LB=504),6.98,0.4566,2.76,33.64,36.47,0.2075,0.2009,0.1482
252,0.5,40,DFL-MDD,"DFL-MDD (LB=252, n1=0.1)",4.89,0.3665,2.49,31.9,34.34,0.1534,0.4098,0.5253
252,0.5,40,DFL-MDD,"DFL-MDD (LB=252, n1=0.2)",4.56,0.3426,2.53,35.64,38.61,0.1281,0.4896,0.5126
252,0.5,40,DFL-MDD,"DFL-MDD (LB=252, n1=0.3)",5.7,0.4136,2.46,31.49,33.85,0.181,0.5667,0.5062
252,0.5,40,DFL-MDD,"DFL-MDD (LB=252, n1=0.4)",1.65,0.181,2.61,35.08,37.72,0.047,0.5707,0.6316
252,0.5,40,DFL-MDD,"DFL-MDD (LB=504, n1=0.1)",7.39,0.4906,2.57,33.86,36.46,0.2182,0.2932,0.3714
252,0.5,40,DFL-MDD,"DFL-MDD (LB=504, n1=0.2)",4.18,0.3106,2.69,38.64,41.59,0.1082,0.38,0.6266
252,0.5,40,DFL-MDD,"DFL-MDD (LB=504, n1=0.3)",0.75,0.1313,2.61,36.03,38.84,0.0207,0.5147,0.5443
252,0.5,40,DFL-MDD,"DFL-MDD (LB=504, n1=0.4)",5.39,0.3847,2.58,34.89,37.49,0.1545,0.5664,0.4657
252,0.5,40,PTO-MDD,"PTO-MDD (LB=252, n1=0.1)",-2.47,0.0929,4.52,77.47,116.35,-0.0318,0.8541,0.069
252,0.5,40,PTO-MDD,"PTO-MDD (LB=252, n1=0.2)",6.01,0.341,4.72,77.47,116.35,0.0775,0.9015,0.062
252,0.5,40,PTO-MDD,"PTO-MDD (LB=252, n1=0.3)",1.34,0.2078,4.6,77.47,116.35,0.0173,0.8935,0.075
252,0.5,40,PTO-MDD,"PTO-MDD (LB=252, n1=0.4)",2.07,0.2287,4.52,77.47,116.35,0.0268,0.8904,0.0787
252,0.5,40,PTO-MDD,"PTO-MDD (LB=504, n1=0.1)",11.71,0.4844,5.01,77.47,116.35,0.1512,0.949,0.0545
252,0.5,40,PTO-MDD,"PTO-MDD (LB=504, n1=0.2)",7.21,0.3729,4.74,77.47,116.35,0.093,0.8233,0.0625
252,0.5,40,PTO-MDD,"PTO-MDD (LB=504, n1=0.3)",9.75,0.4387,4.8,77.47,116.35,0.1259,0.8873,0.0732
252,0.5,40,PTO-MDD,"PTO-MDD (LB=504, n1=0.4)",10.54,0.4585,4.85,77.47,116.35,0.1361,0.835,0.0649
252,0.5,40,PTO-MVO,PTO-MVO (LB=252),6.37,0.4407,2.57,36.11,39.29,0.1764,0.1881,0.0807
252,0.5,40,PTO-MVO,PTO-MVO (LB=504),4.7,0.346,2.63,37.25,40.54,0.1263,0.19,0.0544
252,0.5,40,DFL-MVO,DFL-MVO (LB=252),12.49,0.6491,3.11,34.36,39.63,0.3636,1.0,0.2558
252,0.5,40,DFL-MVO,DFL-MVO (LB=504),2.99,0.2446,3.3,35.5,40.36,0.0842,1.0,0.1163
252,0.5,40,Benchmark,EW,11.51,0.6391,3.01,38.74,42.75,0.2972,0.1,0.0323
252,0.5,40,Benchmark,GMV (LB=252),6.88,0.4707,2.56,34.84,37.86,0.1974,0.1819,0.079
252,0.5,40,Benchmark,hist-MVO (LB=252),10.11,0.6118,2.79,33.71,36.79,0.3,0.2275,0.2711
252,0.5,40,Benchmark,GMV (LB=504),5.28,0.3784,2.62,36.17,39.32,0.1461,0.1876,0.0528
252,0.5,40,Benchmark,hist-MVO (LB=504),6.6,0.4377,2.76,33.66,36.5,0.1962,0.2009,0.1482
252,0.7,0,DFL-MDD,"DFL-MDD (LB=252, n1=0.1)",10.82,0.6778,2.53,32.47,34.99,0.3332,0.2985,0.5675
252,0.7,0,DFL-MDD,"DFL-MDD (LB=252, n1=0.2)",5.48,0.3711,2.8,42.98,47.0,0.1275,0.4129,0.4923
252,0.7,0,DFL-MDD,"DFL-MDD (LB=252, n1=0.3)",6.67,0.4393,2.76,33.83,36.54,0.1973,0.4556,0.5182
252,0.7,0,DFL-MDD,"DFL-MDD (LB=252, n1=0.4)",9.01,0.574,2.59,33.98,36.55,0.265,0.548,0.485
252,0.7,0,DFL-MDD,"DFL-MDD (LB=504, n1=0.1)",5.59,0.391,2.65,35.49,38.73,0.1575,0.2908,0.5172
252,0.7,0,DFL-MDD,"DFL-MDD (LB=504, n1=0.2)",9.67,0.5925,2.68,36.54,39.75,0.2647,0.3718,0.4905
252,0.7,0,DFL-MDD,"DFL-MDD (LB=504, n1=0.3)",5.21,0.3775,2.55,32.69,35.32,0.1595,0.4314,0.538
252,0.7,0,DFL-MDD,"DFL-MDD (LB=504, n1=0.4)",7.8,0.5027,2.64,36.07,39.27,0.2161,0.447,0.352
252,0.7,0,PTO-MDD,"PTO-MDD (LB=252, n1=0.1)",-2.15,0.1026,4.52,77.47,116.35,-0.0277,0.8541,0.069
252,0.7,0,PTO-MDD,"PTO-MDD (LB=252, n1=0.2)",6.32,0.3494,4.72,77.47,116.35,0.0816,0.9015,0.062
252,0.7,0,PTO-MDD,"PTO-MDD (LB=252, n1=0.3)",1.7,0.2184,4.6,77.47,116.35,0.022,0.8935,0.075
252,0.7,0,PTO-MDD,"PTO-MDD (LB=252, n1=0.4)",2.46,0.2398,4.52,77.47,116.35,0.0317,0.8904,0.0787
252,0.7,0,PTO-MDD,"PTO-MDD (LB=504, n1=0.1)",12.0,0.4914,5.01,77.47,116.35,0.1549,0.949,0.0545
252,0.7,0,PTO-MDD,"PTO-MDD (LB=504, n1=0.2)",7.53,0.3813,4.74,77.47,116.35,0.0972,0.8233,0.0625
252,0.7,0,PTO-MDD,"PTO-MDD (LB=504, n1=0.3)",10.13,0.4485,4.8,77.47,116.35,0.1308,0.8873,0.0732
252,0.7,0,PTO-MDD,"PTO-MDD (LB=504, n1=0.4)",10.89,0.4671,4.85,77.47,116.35,0.1405,0.835,0.0649
252,0.7,0,PTO-MVO,PTO-MVO (LB=252),6.78,0.4625,2.57,36.09,39.26,0.1879,0.1881,0.0807
252,0.7,0,PTO-MVO,PTO-MVO (LB=504),4.97,0.3603,2.63,37.23,40.52,0.1336,0.19,0.0544
252,0.7,0,DFL-MVO,DFL-MVO (LB=252),9.77,0.5378,3.16,35.99,42.52,0.2715,1.0,0.1163
252,0.7,0,DFL-MVO,DFL-MVO (LB=504),15.12,0.7554,3.27,33.46,37.06,0.4519,1.0,0.2326
252,0.7,0,Benchmark,EW,11.68,0.6467,3.01,38.73,42.74,0.3017,0.1,0.0323
252,0.7,0,Benchmark,GMV (LB=252),7.28,0.4921,2.56,34.81,37.83,0.2091,0.1819,0.079
252,0.7,0,Benchmark,hist-MVO (LB=252),11.54,0.6808,2.79,33.62,36.7,0.3433,0.2275,0.2711
252,0.7,0,Benchmark,GMV (LB=504),5.55,0.3924,2.62,36.14,39.3,0.1535,0.1876,0.0528
252,0.7,0,Benchmark,hist-MVO (LB=504),7.36,0.4755,2.76,33.61,36.44,0.2189,0.2009,0.1482
252,0.7,5,DFL-MDD,"DFL-MDD (LB=252, n1=0.1)",10.45,0.6585,2.53,32.51,35.04,0.3214,0.2985,0.5675
252,0.7,5,DFL-MDD,"DFL-MDD (LB=252, n1=0.2)",5.17,0.3562,2.8,43.0,47.02,0.1203,0.4129,0.4923
252,0.7,5,DFL-MDD,"DFL-MDD (LB=252, n1=0.3)",6.35,0.4229,2.76,33.86,36.57,0.1875,0.4556,0.5182
252,0.7,5,DFL-MDD,"DFL-MDD (LB=252, n1=0.4)",8.69,0.5579,2.59,33.99,36.56,0.2558,0.548,0.485
252,0.7,5,DFL-MDD,"DFL-MDD (LB=504, n1=0.1)",5.27,0.3741,2.65,35.52,38.78,0.1482,0.2908,0.5172
252,0.7,5,DFL-MDD,"DFL-MDD (LB=504, n1=0.2)",9.35,0.5768,2.68,36.6,39.84,0.2555,0.3718,0.4905
252,0.7,5,DFL-MDD,"DFL-MDD (LB=504, n1=0.3)",4.88,0.3593,2.55,32.74,35.4,0.149,0.4314,0.538
252,0.7,5,DFL-MDD,"DFL-MDD (LB=504, n1=0.4)",7.57,0.4913,2.64,36.1,39.3,0.2097,0.447,0.352
252,0.7,5,PTO-MDD,"PTO-MDD (LB=252, n1=0.1)",-2.19,0.1014,4.52,77.47,116.35,-0.0282,0.8541,0.069
252,0.7,5,PTO-MDD,"PTO-MDD (LB=252, n1=0.2)",6.28,0.3484,4.72,77.47,116.35,0.0811,0.9015,0.062
252,0.7,5,PTO-MDD,"PTO-MDD (LB=252, n1=0.3)",1.66,0.2171,4.6,77.47,116.35,0.0214,0.8935,0.075
252,0.7,5,PTO-MDD,"PTO-MDD (LB=252, n1=0.4)",2.41,0.2384,4.52,77.47,116.35,0.0311,0.8904,0.0787
252,0.7,5,PTO-MDD,"PTO-MDD (LB=504, n1=0.1)",11.97,0.4906,5.01,77.47,116.35,0.1544,0.949,0.0545
252,0.7,5,PTO-MDD,"PTO-MDD (LB=504, n1=0.2)",7.49,0.3803,4.74,77.47,116.35,0.0966,0.8233,0.0625
252,0.7,5,PTO-MDD,"PTO-MDD (LB=504, n1=0.3)",10.09,0.4473,4.8,77.47,116.35,0.1302,0.8873,0.0732
252,0.7,5,PTO-MDD,"PTO-MDD (LB=504, n1=0.4)",10.84,0.4661,4.85,77.47,116.35,0.14,0.835,0.0649
252,0.7,5,PTO-MVO,PTO-MVO (LB=252),6.73,0.4598,2.57,36.09,39.26,0.1864,0.1881,0.0807
252,0.7,5,PTO-MVO,PTO-MVO (LB=504),4.94,0.3585,2.63,37.23,40.52,0.1327,0.19,0.0544
252,0.7,5,DFL-MVO,DFL-MVO (LB=252),9.7,0.5346,3.16,36.06,42.62,0.2689,1.0,0.1163
252,0.7,5,DFL-MVO,DFL-MVO (LB=504),14.96,0.749,3.27,33.46,37.06,0.4472,1.0,0.2326
252,0.7,5,Benchmark,EW,11.66,0.6457,3.01,38.73,42.74,0.3011,0.1,0.0323
252,0.7,5,Benchmark,GMV (LB=252),7.23,0.4895,2.56,34.81,37.83,0.2077,0.1819,0.079
252,0.7,5,Benchmark,hist-MVO (LB=252),11.36,0.6722,2.79,33.63,36.71,0.3378,0.2275,0.2711
252,0.7,5,Benchmark,GMV (LB=504),5.51,0.3907,2.62,36.15,39.3,0.1526,0.1876,0.0528
252,0.7,5,Benchmark,hist-MVO (LB=504),7.26,0.4707,2.76,33.62,36.45,0.216,0.2009,0.1482
252,0.7,10,DFL-MDD,"DFL-MDD (LB=252, n1=0.1)",10.08,0.6392,2.53,32.55,35.09,0.3096,0.2985,0.5675
252,0.7,10,DFL-MDD,"DFL-MDD (LB=252, n1=0.2)",4.87,0.3413,2.8,43.01,47.04,0.1131,0.4129,0.4923
252,0.7,10,DFL-MDD,"DFL-MDD (LB=252, n1=0.3)",6.02,0.4065,2.76,33.89,36.6,0.1777,0.4556,0.5182
252,0.7,10,DFL-MDD,"DFL-MDD (LB=252, n1=0.4)",8.38,0.5418,2.59,33.99,36.56,0.2466,0.548,0.485
252,0.7,10,DFL-MDD,"DFL-MDD (LB=504, n1=0.1)",4.94,0.3572,2.65,35.56,38.82,0.139,0.2908,0.5172
252,0.7,10,DFL-MDD,"DFL-MDD (LB=504, n1=0.2)",9.03,0.561,2.68,36.67,39.93,0.2464,0.3718,0.4905
252,0.7,10,DFL-MDD,"DFL-MDD (LB=504, n1=0.3)",4.55,0.3412,2.55,32.8,35.48,0.1386,0.4314,0.538
252,0.7,10,DFL-MDD,"DFL-MDD (LB=504, n1=0.4)",7.35,0.4799,2.64,36.13,39.34,0.2033,0.447,0.352
252,0.7,10,PTO-MDD,"PTO-MDD (LB=252, n1=0.1)",-2.23,0.1002,4.52,77.47,116.35,-0.0287,0.8541,0.069
252,0.7,10,PTO-MDD,"PTO-MDD (LB=252, n1=0.2)",6.24,0.3473,4.72,77.47,116.35,0.0806,0.9015,0.062
252,0.7,10,PTO-MDD,"PTO-MDD (LB=252, n1=0.3)",1.61,0.2157,4.6,77.47,116.35,0.0208,0.8935,0.075
252,0.7,10,PTO-MDD,"PTO-MDD (LB=252, n1=0.4)",2.36,0.237,4.52,77.47,116.35,0.0305,0.8904,0.0787
252,0.7,10,PTO-MDD,"PTO-MDD (LB=504, n1=0.1)",11.93,0.4897,5.01,77.47,116.35,0.154,0.949,0.0545
252,0.7,10,PTO-MDD,"PTO-MDD (LB=504, n1=0.2)",7.45,0.3792,4.74,77.47,116.35,0.0961,0.8233,0.0625
252,0.7,10,PTO-MDD,"PTO-MDD (LB=504, n1=0.3)",10.04,0.446,4.8,77.47,116.35,0.1296,0.8873,0.0732
252,0.7,10,PTO-MDD,"PTO-MDD (LB=504, n1=0.4)",10.8,0.465,4.85,77.47,116.35,0.1394,0.835,0.0649
252,0.7,10,PTO-MVO,PTO-MVO (LB=252),6.68,0.4571,2.57,36.09,39.27,0.185,0.1881,0.0807
252,0.7,10,PTO-MVO,PTO-MVO (LB=504),4.91,0.3567,2.63,37.23,40.52,0.1318,0.19,0.0544
252,0.7,10,DFL-MVO,DFL-MVO (LB=252),9.62,0.5315,3.16,36.12,42.72,0.2663,1.0,0.1163
252,0.7,10,DFL-MVO,DFL-MVO (LB=504),14.81,0.7426,3.27,33.46,37.06,0.4425,1.0,0.2326
252,0.7,10,Benchmark,EW,11.64,0.6448,3.01,38.73,42.74,0.3005,0.1,0.0323
252,0.7,10,Benchmark,GMV (LB=252),7.18,0.4868,2.56,34.82,37.84,0.2062,0.1819,0.079
252,0.7,10,Benchmark,hist-MVO (LB=252),11.18,0.6636,2.79,33.64,36.72,0.3324,0.2275,0.2711
252,0.7,10,Benchmark,GMV (LB=504),5.48,0.3889,2.62,36.15,39.31,0.1516,0.1876,0.0528
252,0.7,10,Benchmark,hist-MVO (LB=504),7.17,0.466,2.76,33.62,36.46,0.2132,0.2009,0.1482
252,0.7,20,DFL-MDD,"DFL-MDD (LB=252, n1=0.1)",9.34,0.6005,2.53,32.63,35.18,0.2861,0.2985,0.5675
252,0.7,20,DFL-MDD,"DFL-MDD (LB=252, n1=0.2)",4.25,0.3113,2.8,43.05,47.07,0.0988,0.4129,0.4923
252,0.7,20,DFL-MDD,"DFL-MDD (LB=252, n1=0.3)",5.37,0.3737,2.76,33.95,36.66,0.1582,0.4556,0.5182
252,0.7,20,DFL-MDD,"DFL-MDD (LB=252, n1=0.4)",7.76,0.5095,2.59,34.0,36.57,0.2282,0.548,0.485
252,0.7,20,DFL-MDD,"DFL-MDD (LB=504, n1=0.1)",4.3,0.3233,2.65,35.63,38.91,0.1207,0.2908,0.5172
252,0.7,20,DFL-MDD,"DFL-MDD (LB=504, n1=0.2)",8.4,0.5295,2.68,36.79,40.11,0.2283,0.3718,0.4905
252,0.7,20,DFL-MDD,"DFL-MDD (LB=504, n1=0.3)",3.88,0.3048,2.55,32.92,35.64,0.1179,0.4314,0.538
252,0.7,20,DFL-MDD,"DFL-MDD (LB=504, n1=0.4)",6.9,0.457,2.64,36.27,39.53,0.1902,0.447,0.352
252,0.7,20,PTO-MDD,"PTO-MDD (LB=252, n1=0.1)",-2.31,0.0977,4.52,77.47,116.35,-0.0298,0.8541,0.069
252,0.7,20,PTO-MDD,"PTO-MDD (LB=252, n1=0.2)",6.16,0.3452,4.72,77.47,116.35,0.0796,0.9015,0.062
252,0.7,20,PTO-MDD,"PTO-MDD (LB=252, n1=0.3)",1.52,0.2131,4.6,77.47,116.35,0.0196,0.8935,0.075
252,0.7,20,PTO-MDD,"PTO-MDD (LB=252, n1=0.4)",2.26,0.2342,4.52,77.47,116.35,0.0292,0.8904,0.0787
252,0.7,20,PTO-MDD,"PTO-MDD (LB=504, n1=0.1)",11.86,0.4879,5.01,77.47,116.35,0.153,0.949,0.0545
252,0.7,20,PTO-MDD,"PTO-MDD (LB=504, n1=0.2)",7.37,0.3771,4.74,77.47,116.35,0.0951,0.8233,0.0625
252,0.7,20,PTO-MDD,"PTO-MDD (LB=504, n1=0.3)",9.94,0.4436,4.8,77.47,116.35,0.1283,0.8873,0.0732
252,0.7,20,PTO-MDD,"PTO-MDD (LB=504, n1=0.4)",10.72,0.4628,4.85,77.47,116.35,0.1383,0.835,0.0649
252,0.7,20,PTO-MVO,PTO-MVO (LB=252),6.57,0.4516,2.57,36.1,39.27,0.1821,0.1881,0.0807
252,0.7,20,PTO-MVO,PTO-MVO (LB=504),4.84,0.3531,2.63,37.24,40.53,0.1299,0.19,0.0544
252,0.7,20,DFL-MVO,DFL-MVO (LB=252),9.47,0.5251,3.16,36.25,42.91,0.2612,1.0,0.1163
252,0.7,20,DFL-MVO,DFL-MVO (LB=504),14.49,0.7297,3.28,33.46,37.06,0.433,1.0,0.2326
252,0.7,20,Benchmark,EW,11.6,0.6429,3.01,38.73,42.74,0.2994,0.1,0.0323
252,0.7,20,Benchmark,GMV (LB=252),7.08,0.4814,2.56,34.82,37.85,0.2033,0.1819,0.079
252,0.7,20,Benchmark,hist-MVO (LB=252),10.83,0.6464,2.79,33.66,36.75,0.3216,0.2275,0.2711
252,0.7,20,Benchmark,GMV (LB=504),5.42,0.3854,2.62,36.15,39.31,0.1498,0.1876,0.0528
252,0.7,20,Benchmark,hist-MVO (LB=504),6.98,0.4566,2.76,33.64,36.47,0.2075,0.2009,0.1482
252,0.7,40,DFL-MDD,"DFL-MDD (LB=252, n1=0.1)",7.87,0.5228,2.54,32.8,35.38,0.24,0.2985,0.5675
252,0.7,40,DFL-MDD,"DFL-MDD (LB=252, n1=0.2)",3.04,0.2513,2.8,43.21,47.28,0.0704,0.4129,0.4923
252,0.7,40,DFL-MDD,"DFL-MDD (LB=252, n1=0.3)",4.08,0.3077,2.76,34.08,36.79,0.1197,0.4556,0.5182
252,0.7,40,DFL-MDD,"DFL-MDD (LB=252, n1=0.4)",6.52,0.4446,2.59,34.16,36.77,0.191,0.548,0.485
252,0.7,40,DFL-MDD,"DFL-MDD (LB=504, n1=0.1)",3.03,0.2553,2.65,35.76,39.09,0.0846,0.2908,0.5172
252,0.7,40,DFL-MDD,"DFL-MDD (LB=504, n1=0.2)",7.14,0.4664,2.69,37.05,40.47,0.1928,0.3718,0.4905
252,0.7,40,DFL-MDD,"DFL-MDD (LB=504, n1=0.3)",2.56,0.232,2.55,33.15,35.95,0.0772,0.4314,0.538
252,0.7,40,DFL-MDD,"DFL-MDD (LB=504, n1=0.4)",6.01,0.4112,2.64,36.55,39.91,0.1644,0.447,0.352
252,0.7,40,PTO-MDD,"PTO-MDD (LB=252, n1=0.1)",-2.47,0.0929,4.52,77.47,116.35,-0.0318,0.8541,0.069
252,0.7,40,PTO-MDD,"PTO-MDD (LB=252, n1=0.2)",6.01,0.341,4.72,77.47,116.35,0.0775,0.9015,0.062
252,0.7,40,PTO-MDD,"PTO-MDD (LB=252, n1=0.3)",1.34,0.2078,4.6,77.47,116.35,0.0173,0.8935,0.075
252,0.7,40,PTO-MDD,"PTO-MDD (LB=252, n1=0.4)",2.07,0.2287,4.52,77.47,116.35,0.0268,0.8904,0.0787
252,0.7,40,PTO-MDD,"PTO-MDD (LB=504, n1=0.1)",11.71,0.4844,5.01,77.47,116.35,0.1512,0.949,0.0545
252,0.7,40,PTO-MDD,"PTO-MDD (LB=504, n1=0.2)",7.21,0.3729,4.74,77.47,116.35,0.093,0.8233,0.0625
252,0.7,40,PTO-MDD,"PTO-MDD (LB=504, n1=0.3)",9.75,0.4387,4.8,77.47,116.35,0.1259,0.8873,0.0732
252,0.7,40,PTO-MDD,"PTO-MDD (LB=504, n1=0.4)",10.54,0.4585,4.85,77.47,116.35,0.1361,0.835,0.0649
252,0.7,40,PTO-MVO,PTO-MVO (LB=252),6.37,0.4407,2.57,36.11,39.29,0.1764,0.1881,0.0807
252,0.7,40,PTO-MVO,PTO-MVO (LB=504),4.7,0.346,2.63,37.25,40.54,0.1263,0.19,0.0544
252,0.7,40,DFL-MVO,DFL-MVO (LB=252),9.16,0.5123,3.16,36.51,43.31,0.251,1.0,0.1163
252,0.7,40,DFL-MVO,DFL-MVO (LB=504),13.85,0.7037,3.28,33.46,37.06,0.414,1.0,0.2326
252,0.7,40,Benchmark,EW,11.51,0.6391,3.01,38.74,42.75,0.2972,0.1,0.0323
252,0.7,40,Benchmark,GMV (LB=252),6.88,0.4707,2.56,34.84,37.86,0.1974,0.1819,0.079
252,0.7,40,Benchmark,hist-MVO (LB=252),10.11,0.6118,2.79,33.71,36.79,0.3,0.2275,0.2711
252,0.7,40,Benchmark,GMV (LB=504),5.28,0.3784,2.62,36.17,39.32,0.1461,0.1876,0.0528
252,0.7,40,Benchmark,hist-MVO (LB=504),6.6,0.4377,2.76,33.66,36.5,0.1962,0.2009,0.1482
252,1.0,0,DFL-MDD,"DFL-MDD (LB=252, n1=0.1)",6.45,0.4061,2.92,42.77,46.62,0.1509,0.2638,0.5211
252,1.0,0,DFL-MDD,"DFL-MDD (LB=252, n1=0.2)",9.7,0.614,2.65,31.56,34.61,0.3073,0.2788,0.4426
252,1.0,0,DFL-MDD,"DFL-MDD (LB=252, n1=0.3)",11.14,0.612,3.04,40.83,44.66,0.2728,0.2985,0.4702
252,1.0,0,DFL-MDD,"DFL-MDD (LB=252, n1=0.4)",10.67,0.6651,2.6,27.59,29.79,0.3866,0.3889,0.5329
252,1.0,0,DFL-MDD,"DFL-MDD (LB=504, n1=0.1)",6.54,0.4461,2.63,32.91,36.37,0.1986,0.2422,0.5214
252,1.0,0,DFL-MDD,"DFL-MDD (LB=504, n1=0.2)",12.29,0.6731,2.89,41.73,46.44,0.2946,0.2766,0.3414
252,1.0,0,DFL-MDD,"DFL-MDD (LB=504, n1=0.3)",7.06,0.4418,2.86,44.18,49.73,0.1598,0.3413,0.5323
252,1.0,0,DFL-MDD,"DFL-MDD (LB=504, n1=0.4)",17.91,0.8722,3.13,36.05,38.98,0.4967,0.4292,0.7784
252,1.0,0,PTO-MDD,"PTO-MDD (LB=252, n1=0.1)",-2.15,0.1026,4.52,77.47,116.35,-0.0277,0.8541,0.069
252,1.0,0,PTO-MDD,"PTO-MDD (LB=252, n1=0.2)",6.32,0.3494,4.72,77.47,116.35,0.0816,0.9015,0.062
252,1.0,0,PTO-MDD,"PTO-MDD (LB=252, n1=0.3)",1.7,0.2184,4.6,77.47,116.35,0.022,0.8935,0.075
252,1.0,0,PTO-MDD,"PTO-MDD (LB=252, n1=0.4)",2.46,0.2398,4.52,77.47,116.35,0.0317,0.8904,0.0787
252,1.0,0,PTO-MDD,"PTO-MDD (LB=504, n1=0.1)",12.0,0.4914,5.01,77.47,116.35,0.1549,0.949,0.0545
252,1.0,0,PTO-MDD,"PTO-MDD (LB=504, n1=0.2)",7.53,0.3813,4.74,77.47,116.35,0.0972,0.8233,0.0625
252,1.0,0,PTO-MDD,"PTO-MDD (LB=504, n1=0.3)",10.13,0.4485,4.8,77.47,116.35,0.1308,0.8873,0.0732
252,1.0,0,PTO-MDD,"PTO-MDD (LB=504, n1=0.4)",10.89,0.4671,4.85,77.47,116.35,0.1405,0.835,0.0649
252,1.0,0,PTO-MVO,PTO-MVO (LB=252),6.78,0.4625,2.57,36.09,39.26,0.1879,0.1881,0.0807
252,1.0,0,PTO-MVO,PTO-MVO (LB=504),4.97,0.3603,2.63,37.23,40.52,0.1336,0.19,0.0544
252,1.0,0,DFL-MVO,DFL-MVO (LB=252),12.12,0.5899,3.61,41.2,49.75,0.2941,1.0,0.2791
252,1.0,0,DFL-MVO,DFL-MVO (LB=504),5.33,0.3536,3.24,34.11,37.3,0.1563,1.0,0.5116
252,1.0,0,Benchmark,EW,11.68,0.6467,3.01,38.73,42.74,0.3017,0.1,0.0323
252,1.0,0,Benchmark,GMV (LB=252),7.28,0.4921,2.56,34.81,37.83,0.2091,0.1819,0.079
252,1.0,0,Benchmark,hist-MVO (LB=252),11.54,0.6808,2.79,33.62,36.7,0.3433,0.2275,0.2711
252,1.0,0,Benchmark,GMV (LB=504),5.55,0.3924,2.62,36.14,39.3,0.1535,0.1876,0.0528
252,1.0,0,Benchmark,hist-MVO (LB=504),7.36,0.4755,2.76,33.61,36.44,0.2189,0.2009,0.1482
252,1.0,5,DFL-MDD,"DFL-MDD (LB=252, n1=0.1)",6.13,0.3912,2.92,42.8,46.65,0.1431,0.2638,0.5211
252,1.0,5,DFL-MDD,"DFL-MDD (LB=252, n1=0.2)",9.41,0.5991,2.65,31.62,34.68,0.2976,0.2788,0.4426
252,1.0,5,DFL-MDD,"DFL-MDD (LB=252, n1=0.3)",10.83,0.5986,3.05,40.92,44.79,0.2646,0.2985,0.4702
252,1.0,5,DFL-MDD,"DFL-MDD (LB=252, n1=0.4)",10.32,0.6472,2.6,27.6,29.8,0.3739,0.3889,0.5329
252,1.0,5,DFL-MDD,"DFL-MDD (LB=504, n1=0.1)",6.21,0.4288,2.63,33.01,36.49,0.1881,0.2422,0.5214
252,1.0,5,DFL-MDD,"DFL-MDD (LB=504, n1=0.2)",12.07,0.6633,2.89,41.82,46.57,0.2885,0.2766,0.3414
252,1.0,5,DFL-MDD,"DFL-MDD (LB=504, n1=0.3)",6.72,0.426,2.86,44.23,49.81,0.152,0.3413,0.5323
252,1.0,5,DFL-MDD,"DFL-MDD (LB=504, n1=0.4)",17.36,0.8508,3.13,36.06,38.99,0.4815,0.4292,0.7784
252,1.0,5,PTO-MDD,"PTO-MDD (LB=252, n1=0.1)",-2.19,0.1014,4.52,77.47,116.35,-0.0282,0.8541,0.069
252,1.0,5,PTO-MDD,"PTO-MDD (LB=252, n1=0.2)",6.28,0.3484,4.72,77.47,116.35,0.0811,0.9015,0.062
252,1.0,5,PTO-MDD,"PTO-MDD (LB=252, n1=0.3)",1.66,0.2171,4.6,77.47,116.35,0.0214,0.8935,0.075
252,1.0,5,PTO-MDD,"PTO-MDD (LB=252, n1=0.4)",2.41,0.2384,4.52,77.47,116.35,0.0311,0.8904,0.0787
252,1.0,5,PTO-MDD,"PTO-MDD (LB=504, n1=0.1)",11.97,0.4906,5.01,77.47,116.35,0.1544,0.949,0.0545
252,1.0,5,PTO-MDD,"PTO-MDD (LB=504, n1=0.2)",7.49,0.3803,4.74,77.47,116.35,0.0966,0.8233,0.0625
252,1.0,5,PTO-MDD,"PTO-MDD (LB=504, n1=0.3)",10.09,0.4473,4.8,77.47,116.35,0.1302,0.8873,0.0732
252,1.0,5,PTO-MDD,"PTO-MDD (LB=504, n1=0.4)",10.84,0.4661,4.85,77.47,116.35,0.14,0.835,0.0649
252,1.0,5,PTO-MVO,PTO-MVO (LB=252),6.73,0.4598,2.57,36.09,39.26,0.1864,0.1881,0.0807
252,1.0,5,PTO-MVO,PTO-MVO (LB=504),4.94,0.3585,2.63,37.23,40.52,0.1327,0.19,0.0544
252,1.0,5,DFL-MVO,DFL-MVO (LB=252),11.93,0.5831,3.61,41.26,49.84,0.2892,1.0,0.2791
252,1.0,5,DFL-MVO,DFL-MVO (LB=504),5.01,0.339,3.24,34.17,37.37,0.1466,1.0,0.5116
252,1.0,5,Benchmark,EW,11.66,0.6457,3.01,38.73,42.74,0.3011,0.1,0.0323
252,1.0,5,Benchmark,GMV (LB=252),7.23,0.4895,2.56,34.81,37.83,0.2077,0.1819,0.079
252,1.0,5,Benchmark,hist-MVO (LB=252),11.36,0.6722,2.79,33.63,36.71,0.3378,0.2275,0.2711
252,1.0,5,Benchmark,GMV (LB=504),5.51,0.3907,2.62,36.15,39.3,0.1526,0.1876,0.0528
252,1.0,5,Benchmark,hist-MVO (LB=504),7.26,0.4707,2.76,33.62,36.45,0.216,0.2009,0.1482
252,1.0,10,DFL-MDD,"DFL-MDD (LB=252, n1=0.1)",5.8,0.3762,2.92,42.82,46.67,0.1354,0.2638,0.5211
252,1.0,10,DFL-MDD,"DFL-MDD (LB=252, n1=0.2)",9.12,0.5842,2.65,31.67,34.75,0.2881,0.2788,0.4426
252,1.0,10,DFL-MDD,"DFL-MDD (LB=252, n1=0.3)",10.52,0.5852,3.05,41.01,44.92,0.2565,0.2985,0.4702
252,1.0,10,DFL-MDD,"DFL-MDD (LB=252, n1=0.4)",9.97,0.6293,2.6,27.6,29.8,0.3611,0.3889,0.5329
252,1.0,10,DFL-MDD,"DFL-MDD (LB=504, n1=0.1)",5.88,0.4113,2.63,33.1,36.62,0.1777,0.2422,0.5214
252,1.0,10,DFL-MDD,"DFL-MDD (LB=504, n1=0.2)",11.84,0.6534,2.89,41.91,46.71,0.2825,0.2766,0.3414
252,1.0,10,DFL-MDD,"DFL-MDD (LB=504, n1=0.3)",6.39,0.4103,2.86,44.28,49.89,0.1443,0.3413,0.5323
252,1.0,10,DFL-MDD,"DFL-MDD (LB=504, n1=0.4)",16.82,0.8294,3.13,36.07,39.0,0.4663,0.4292,0.7784
252,1.0,10,PTO-MDD,"PTO-MDD (LB=252, n1=0.1)",-2.23,0.1002,4.52,77.47,116.35,-0.0287,0.8541,0.069
252,1.0,10,PTO-MDD,"PTO-MDD (LB=252, n1=0.2)",6.24,0.3473,4.72,77.47,116.35,0.0806,0.9015,0.062
252,1.0,10,PTO-MDD,"PTO-MDD (LB=252, n1=0.3)",1.61,0.2157,4.6,77.47,116.35,0.0208,0.8935,0.075
252,1.0,10,PTO-MDD,"PTO-MDD (LB=252, n1=0.4)",2.36,0.237,4.52,77.47,116.35,0.0305,0.8904,0.0787
252,1.0,10,PTO-MDD,"PTO-MDD (LB=504, n1=0.1)",11.93,0.4897,5.01,77.47,116.35,0.154,0.949,0.0545
252,1.0,10,PTO-MDD,"PTO-MDD (LB=504, n1=0.2)",7.45,0.3792,4.74,77.47,116.35,0.0961,0.8233,0.0625
252,1.0,10,PTO-MDD,"PTO-MDD (LB=504, n1=0.3)",10.04,0.446,4.8,77.47,116.35,0.1296,0.8873,0.0732
252,1.0,10,PTO-MDD,"PTO-MDD (LB=504, n1=0.4)",10.8,0.465,4.85,77.47,116.35,0.1394,0.835,0.0649
252,1.0,10,PTO-MVO,PTO-MVO (LB=252),6.68,0.4571,2.57,36.09,39.27,0.185,0.1881,0.0807
252,1.0,10,PTO-MVO,PTO-MVO (LB=504),4.91,0.3567,2.63,37.23,40.52,0.1318,0.19,0.0544
252,1.0,10,DFL-MVO,DFL-MVO (LB=252),11.75,0.5763,3.61,41.31,49.93,0.2843,1.0,0.2791
252,1.0,10,DFL-MVO,DFL-MVO (LB=504),4.69,0.3244,3.25,34.24,37.45,0.137,1.0,0.5116
252,1.0,10,Benchmark,EW,11.64,0.6448,3.01,38.73,42.74,0.3005,0.1,0.0323
252,1.0,10,Benchmark,GMV (LB=252),7.18,0.4868,2.56,34.82,37.84,0.2062,0.1819,0.079
252,1.0,10,Benchmark,hist-MVO (LB=252),11.18,0.6636,2.79,33.64,36.72,0.3324,0.2275,0.2711
252,1.0,10,Benchmark,GMV (LB=504),5.48,0.3889,2.62,36.15,39.31,0.1516,0.1876,0.0528
252,1.0,10,Benchmark,hist-MVO (LB=504),7.17,0.466,2.76,33.62,36.46,0.2132,0.2009,0.1482
252,1.0,20,DFL-MDD,"DFL-MDD (LB=252, n1=0.1)",5.15,0.3463,2.92,42.88,46.72,0.12,0.2638,0.5211
252,1.0,20,DFL-MDD,"DFL-MDD (LB=252, n1=0.2)",8.55,0.5544,2.65,31.78,34.89,0.2691,0.2788,0.4426
252,1.0,20,DFL-MDD,"DFL-MDD (LB=252, n1=0.3)",9.9,0.5583,3.05,41.19,45.19,0.2404,0.2985,0.4702
252,1.0,20,DFL-MDD,"DFL-MDD (LB=252, n1=0.4)",9.28,0.5933,2.6,27.62,29.81,0.3358,0.3889,0.5329
252,1.0,20,DFL-MDD,"DFL-MDD (LB=504, n1=0.1)",5.23,0.3764,2.63,33.29,36.87,0.157,0.2422,0.5214
252,1.0,20,DFL-MDD,"DFL-MDD (LB=504, n1=0.2)",11.39,0.6335,2.89,42.09,46.98,0.2705,0.2766,0.3414
252,1.0,20,DFL-MDD,"DFL-MDD (LB=504, n1=0.3)",5.72,0.3787,2.86,44.38,50.05,0.1288,0.3413,0.5323
252,1.0,20,DFL-MDD,"DFL-MDD (LB=504, n1=0.4)",15.75,0.7864,3.13,36.1,39.02,0.4362,0.4292,0.7784
252,1.0,20,PTO-MDD,"PTO-MDD (LB=252, n1=0.1)",-2.31,0.0977,4.52,77.47,116.35,-0.0298,0.8541,0.069
252,1.0,20,PTO-MDD,"PTO-MDD (LB=252, n1=0.2)",6.16,0.3452,4.72,77.47,116.35,0.0796,0.9015,0.062
252,1.0,20,PTO-MDD,"PTO-MDD (LB=252, n1=0.3)",1.52,0.2131,4.6,77.47,116.35,0.0196,0.8935,0.075
252,1.0,20,PTO-MDD,"PTO-MDD (LB=252, n1=0.4)",2.26,0.2342,4.52,77.47,116.35,0.0292,0.8904,0.0787
252,1.0,20,PTO-MDD,"PTO-MDD (LB=504, n1=0.1)",11.86,0.4879,5.01,77.47,116.35,0.153,0.949,0.0545
252,1.0,20,PTO-MDD,"PTO-MDD (LB=504, n1=0.2)",7.37,0.3771,4.74,77.47,116.35,0.0951,0.8233,0.0625
252,1.0,20,PTO-MDD,"PTO-MDD (LB=504, n1=0.3)",9.94,0.4436,4.8,77.47,116.35,0.1283,0.8873,0.0732
252,1.0,20,PTO-MDD,"PTO-MDD (LB=504, n1=0.4)",10.72,0.4628,4.85,77.47,116.35,0.1383,0.835,0.0649
252,1.0,20,PTO-MVO,PTO-MVO (LB=252),6.57,0.4516,2.57,36.1,39.27,0.1821,0.1881,0.0807
252,1.0,20,PTO-MVO,PTO-MVO (LB=504),4.84,0.3531,2.63,37.24,40.53,0.1299,0.19,0.0544
252,1.0,20,DFL-MVO,DFL-MVO (LB=252),11.38,0.5627,3.61,41.43,50.12,0.2746,1.0,0.2791
252,1.0,20,DFL-MVO,DFL-MVO (LB=504),4.06,0.2952,3.25,34.37,37.59,0.118,1.0,0.5116
252,1.0,20,Benchmark,EW,11.6,0.6429,3.01,38.73,42.74,0.2994,0.1,0.0323
252,1.0,20,Benchmark,GMV (LB=252),7.08,0.4814,2.56,34.82,37.85,0.2033,0.1819,0.079
252,1.0,20,Benchmark,hist-MVO (LB=252),10.83,0.6464,2.79,33.66,36.75,0.3216,0.2275,0.2711
252,1.0,20,Benchmark,GMV (LB=504),5.42,0.3854,2.62,36.15,39.31,0.1498,0.1876,0.0528
252,1.0,20,Benchmark,hist-MVO (LB=504),6.98,0.4566,2.76,33.64,36.47,0.2075,0.2009,0.1482
252,1.0,40,DFL-MDD,"DFL-MDD (LB=252, n1=0.1)",3.85,0.2863,2.92,42.98,46.81,0.0896,0.2638,0.5211
252,1.0,40,DFL-MDD,"DFL-MDD (LB=252, n1=0.2)",7.42,0.4946,2.65,31.99,35.16,0.2318,0.2788,0.4426
252,1.0,40,DFL-MDD,"DFL-MDD (LB=252, n1=0.3)",8.68,0.5044,3.05,41.55,45.72,0.2089,0.2985,0.4702
252,1.0,40,DFL-MDD,"DFL-MDD (LB=252, n1=0.4)",7.9,0.5211,2.61,27.65,29.84,0.2857,0.3889,0.5329
252,1.0,40,DFL-MDD,"DFL-MDD (LB=504, n1=0.1)",3.93,0.3065,2.64,33.66,37.37,0.1168,0.2422,0.5214
252,1.0,40,DFL-MDD,"DFL-MDD (LB=504, n1=0.2)",10.49,0.5936,2.89,42.45,47.51,0.247,0.2766,0.3414
252,1.0,40,DFL-MDD,"DFL-MDD (LB=504, n1=0.3)",4.39,0.3152,2.86,46.17,51.69,0.095,0.3413,0.5323
252,1.0,40,DFL-MDD,"DFL-MDD (LB=504, n1=0.4)",13.62,0.7,3.14,36.14,39.05,0.3769,0.4292,0.7784
252,1.0,40,PTO-MDD,"PTO-MDD (LB=252, n1=0.1)",-2.47,0.0929,4.52,77.47,116.35,-0.0318,0.8541,0.069
252,1.0,40,PTO-MDD,"PTO-MDD (LB=252, n1=0.2)",6.01,0.341,4.72,77.47,116.35,0.0775,0.9015,0.062
252,1.0,40,PTO-MDD,"PTO-MDD (LB=252, n1=0.3)",1.34,0.2078,4.6,77.47,116.35,0.0173,0.8935,0.075
252,1.0,40,PTO-MDD,"PTO-MDD (LB=252, n1=0.4)",2.07,0.2287,4.52,77.47,116.35,0.0268,0.8904,0.0787
252,1.0,40,PTO-MDD,"PTO-MDD (LB=504, n1=0.1)",11.71,0.4844,5.01,77.47,116.35,0.1512,0.949,0.0545
252,1.0,40,PTO-MDD,"PTO-MDD (LB=504, n1=0.2)",7.21,0.3729,4.74,77.47,116.35,0.093,0.8233,0.0625
252,1.0,40,PTO-MDD,"PTO-MDD (LB=504, n1=0.3)",9.75,0.4387,4.8,77.47,116.35,0.1259,0.8873,0.0732
252,1.0,40,PTO-MDD,"PTO-MDD (LB=504, n1=0.4)",10.54,0.4585,4.85,77.47,116.35,0.1361,0.835,0.0649
252,1.0,40,PTO-MVO,PTO-MVO (LB=252),6.37,0.4407,2.57,36.11,39.29,0.1764,0.1881,0.0807
252,1.0,40,PTO-MVO,PTO-MVO (LB=504),4.7,0.346,2.63,37.25,40.54,0.1263,0.19,0.0544
252,1.0,40,DFL-MVO,DFL-MVO (LB=252),10.64,0.5352,3.61,41.67,50.49,0.2553,1.0,0.2791
252,1.0,40,DFL-MVO,DFL-MVO (LB=504),2.79,0.2367,3.27,34.63,37.88,0.0806,1.0,0.5116
252,1.0,40,Benchmark,EW,11.51,0.6391,3.01,38.74,42.75,0.2972,0.1,0.0323
252,1.0,40,Benchmark,GMV (LB=252),6.88,0.4707,2.56,34.84,37.86,0.1974,0.1819,0.079
252,1.0,40,Benchmark,hist-MVO (LB=252),10.11,0.6118,2.79,33.71,36.79,0.3,0.2275,0.2711
252,1.0,40,Benchmark,GMV (LB=504),5.28,0.3784,2.62,36.17,39.32,0.1461,0.1876,0.0528
252,1.0,40,Benchmark,hist-MVO (LB=504),6.6,0.4377,2.76,33.66,36.5,0.1962,0.2009,0.1482
