lam,tc_bps,group,label,Ann.Ret(%),Sharpe,CVaR(5%)(%),MDD(%),MDD_abs(%),Calmar,HHI,Turnover
0.3,0,DFL-MDD,"DFL-MDD (LB=252, n1=0.1)",9.94,0.6454,2.45,32.06,34.46,0.31,0.4065,0.4664
0.3,0,DFL-MDD,"DFL-MDD (LB=252, n1=0.2)",8.49,0.5466,2.56,34.88,37.62,0.2435,0.5873,0.5516
0.3,0,DFL-MDD,"DFL-MDD (LB=252, n1=0.3)",6.96,0.4584,2.62,36.46,39.25,0.1909,0.6215,0.5571
0.3,0,DFL-MDD,"DFL-MDD (LB=252, n1=0.4)",5.1,0.3704,2.59,33.43,36.04,0.1526,0.8149,0.3241
0.3,0,DFL-MDD,"DFL-MDD (LB=504, n1=0.1)",7.59,0.4961,2.58,37.66,40.63,0.2014,0.3895,0.5365
0.3,0,DFL-MDD,"DFL-MDD (LB=504, n1=0.2)",6.59,0.4517,2.47,34.6,37.2,0.1904,0.5269,0.5609
0.3,0,DFL-MDD,"DFL-MDD (LB=504, n1=0.3)",5.26,0.3898,2.44,33.34,36.27,0.1579,0.5886,0.4684
0.3,0,DFL-MDD,"DFL-MDD (LB=504, n1=0.4)",9.49,0.5763,2.77,35.37,38.39,0.2684,0.6224,0.7083
0.3,0,PTO-MDD,"PTO-MDD (LB=252, n1=0.1)",0.46,0.1703,4.25,77.47,116.35,0.0059,0.7131,0.0758
0.3,0,PTO-MDD,"PTO-MDD (LB=252, n1=0.2)",1.65,0.2112,4.43,77.47,116.35,0.0213,0.8026,0.0707
0.3,0,PTO-MDD,"PTO-MDD (LB=252, n1=0.3)",-0.51,0.1401,4.23,77.47,116.35,-0.0066,0.7263,0.0848
0.3,0,PTO-MDD,"PTO-MDD (LB=252, n1=0.4)",-0.17,0.1539,4.38,77.47,116.35,-0.0022,0.7347,0.0892
0.3,0,PTO-MDD,"PTO-MDD (LB=504, n1=0.1)",6.09,0.3431,4.58,77.47,116.35,0.0786,0.7402,0.0816
0.3,0,PTO-MDD,"PTO-MDD (LB=504, n1=0.2)",2.45,0.2401,4.67,77.47,116.35,0.0317,0.8188,0.0885
0.3,0,PTO-MDD,"PTO-MDD (LB=504, n1=0.3)",3.01,0.2562,4.66,77.47,116.35,0.0388,0.8231,0.0952
0.3,0,PTO-MDD,"PTO-MDD (LB=504, n1=0.4)",1.99,0.2242,4.51,77.47,116.35,0.0257,0.7292,0.0882
0.3,0,PTO-MVO,PTO-MVO (LB=252),7.56,0.5056,2.57,35.96,39.12,0.2103,0.1859,0.0803
0.3,0,PTO-MVO,PTO-MVO (LB=504),5.84,0.4067,2.63,37.24,40.52,0.1569,0.185,0.0544
0.3,0,DFL-MVO,DFL-MVO (LB=252),13.3,0.6895,3.09,36.2,44.11,0.3675,1.0,0.7312
0.3,0,DFL-MVO,DFL-MVO (LB=504),12.06,0.7079,2.71,27.07,29.11,0.4456,1.0,0.3871
0.3,0,Benchmark,EW,11.9,0.6541,3.02,38.73,42.74,0.3072,0.1,0.0327
0.3,0,Benchmark,GMV (LB=252),7.91,0.5268,2.56,34.81,37.83,0.2274,0.1792,0.0797
0.3,0,Benchmark,hist-MVO (LB=252),11.5,0.6811,2.77,33.62,36.7,0.342,0.2261,0.2701
0.3,0,Benchmark,GMV (LB=504),6.41,0.4388,2.61,36.14,39.3,0.1774,0.1838,0.0531
0.3,0,Benchmark,hist-MVO (LB=504),7.73,0.4935,2.76,33.61,36.44,0.2299,0.1979,0.1495
0.3,5,DFL-MDD,"DFL-MDD (LB=252, n1=0.1)",9.63,0.629,2.46,32.07,34.47,0.3004,0.4065,0.4664
0.3,5,DFL-MDD,"DFL-MDD (LB=252, n1=0.2)",8.14,0.5283,2.56,34.89,37.63,0.2333,0.5873,0.5516
0.3,5,DFL-MDD,"DFL-MDD (LB=252, n1=0.3)",6.61,0.4405,2.62,36.49,39.28,0.1811,0.6215,0.5571
0.3,5,DFL-MDD,"DFL-MDD (LB=252, n1=0.4)",4.9,0.3595,2.59,33.43,36.04,0.1466,0.8149,0.3241
0.3,5,DFL-MDD,"DFL-MDD (LB=504, n1=0.1)",7.24,0.4784,2.58,37.69,40.66,0.1922,0.3895,0.5365
0.3,5,DFL-MDD,"DFL-MDD (LB=504, n1=0.2)",6.23,0.4327,2.47,34.62,37.22,0.1801,0.5269,0.5609
0.3,5,DFL-MDD,"DFL-MDD (LB=504, n1=0.3)",4.97,0.3732,2.44,33.41,36.37,0.1488,0.5886,0.4684
0.3,5,DFL-MDD,"DFL-MDD (LB=504, n1=0.4)",9.03,0.554,2.77,35.4,38.44,0.2551,0.6224,0.7083
0.3,5,PTO-MDD,"PTO-MDD (LB=252, n1=0.1)",0.41,0.1689,4.25,77.47,116.35,0.0053,0.7131,0.0758
0.3,5,PTO-MDD,"PTO-MDD (LB=252, n1=0.2)",1.6,0.2099,4.43,77.47,116.35,0.0207,0.8026,0.0707
0.3,5,PTO-MDD,"PTO-MDD (LB=252, n1=0.3)",-0.56,0.1385,4.23,77.47,116.35,-0.0073,0.7263,0.0848
0.3,5,PTO-MDD,"PTO-MDD (LB=252, n1=0.4)",-0.23,0.1522,4.38,77.47,116.35,-0.0029,0.7347,0.0892
0.3,5,PTO-MDD,"PTO-MDD (LB=504, n1=0.1)",6.04,0.3416,4.58,77.47,116.35,0.0779,0.7402,0.0816
0.3,5,PTO-MDD,"PTO-MDD (LB=504, n1=0.2)",2.4,0.2385,4.67,77.47,116.35,0.031,0.8188,0.0885
0.3,5,PTO-MDD,"PTO-MDD (LB=504, n1=0.3)",2.95,0.2545,4.66,77.47,116.35,0.0381,0.8231,0.0952
0.3,5,PTO-MDD,"PTO-MDD (LB=504, n1=0.4)",1.94,0.2226,4.51,77.47,116.35,0.025,0.7292,0.0882
0.3,5,PTO-MVO,PTO-MVO (LB=252),7.51,0.5029,2.57,35.97,39.13,0.2088,0.1859,0.0803
0.3,5,PTO-MVO,PTO-MVO (LB=504),5.81,0.4049,2.63,37.24,40.52,0.156,0.185,0.0544
0.3,5,DFL-MVO,DFL-MVO (LB=252),12.81,0.6694,3.09,36.33,44.28,0.3527,1.0,0.7312
0.3,5,DFL-MVO,DFL-MVO (LB=504),11.8,0.6954,2.71,27.07,29.11,0.4361,1.0,0.3871
0.3,5,Benchmark,EW,11.87,0.6531,3.02,38.73,42.74,0.3066,0.1,0.0327
0.3,5,Benchmark,GMV (LB=252),7.86,0.5241,2.56,34.81,37.83,0.2259,0.1792,0.0797
0.3,5,Benchmark,hist-MVO (LB=252),11.32,0.6724,2.77,33.63,36.71,0.3366,0.2261,0.2701
0.3,5,Benchmark,GMV (LB=504),6.38,0.4371,2.61,36.15,39.3,0.1765,0.1838,0.0531
0.3,5,Benchmark,hist-MVO (LB=504),7.63,0.4887,2.76,33.62,36.45,0.227,0.1979,0.1495
0.3,10,DFL-MDD,"DFL-MDD (LB=252, n1=0.1)",9.33,0.6126,2.46,32.08,34.49,0.2908,0.4065,0.4664
0.3,10,DFL-MDD,"DFL-MDD (LB=252, n1=0.2)",7.78,0.5099,2.56,34.9,37.64,0.2231,0.5873,0.5516
0.3,10,DFL-MDD,"DFL-MDD (LB=252, n1=0.3)",6.26,0.4225,2.62,36.52,39.31,0.1713,0.6215,0.5571
0.3,10,DFL-MDD,"DFL-MDD (LB=252, n1=0.4)",4.7,0.3486,2.59,33.43,36.04,0.1406,0.8149,0.3241
0.3,10,DFL-MDD,"DFL-MDD (LB=504, n1=0.1)",6.9,0.4608,2.58,37.72,40.69,0.183,0.3895,0.5365
0.3,10,DFL-MDD,"DFL-MDD (LB=504, n1=0.2)",5.88,0.4137,2.47,34.64,37.23,0.1698,0.5269,0.5609
0.3,10,DFL-MDD,"DFL-MDD (LB=504, n1=0.3)",4.68,0.3567,2.44,33.48,36.46,0.1398,0.5886,0.4684
0.3,10,DFL-MDD,"DFL-MDD (LB=504, n1=0.4)",8.57,0.5316,2.77,35.44,38.49,0.2419,0.6224,0.7083
0.3,10,PTO-MDD,"PTO-MDD (LB=252, n1=0.1)",0.37,0.1674,4.25,77.47,116.35,0.0047,0.7131,0.0758
0.3,10,PTO-MDD,"PTO-MDD (LB=252, n1=0.2)",1.56,0.2086,4.43,77.47,116.35,0.0202,0.8026,0.0707
0.3,10,PTO-MDD,"PTO-MDD (LB=252, n1=0.3)",-0.61,0.1369,4.23,77.47,116.35,-0.0079,0.7263,0.0848
0.3,10,PTO-MDD,"PTO-MDD (LB=252, n1=0.4)",-0.28,0.1506,4.38,77.47,116.35,-0.0036,0.7347,0.0892
0.3,10,PTO-MDD,"PTO-MDD (LB=504, n1=0.1)",5.99,0.3402,4.58,77.47,116.35,0.0773,0.7402,0.0816
0.3,10,PTO-MDD,"PTO-MDD (LB=504, n1=0.2)",2.35,0.237,4.67,77.47,116.35,0.0303,0.8188,0.0885
0.3,10,PTO-MDD,"PTO-MDD (LB=504, n1=0.3)",2.89,0.2529,4.66,77.47,116.35,0.0373,0.8231,0.0952
0.3,10,PTO-MDD,"PTO-MDD (LB=504, n1=0.4)",1.89,0.221,4.51,77.47,116.35,0.0243,0.7292,0.0882
0.3,10,PTO-MVO,PTO-MVO (LB=252),7.46,0.5002,2.57,35.97,39.13,0.2074,0.1859,0.0803
0.3,10,PTO-MVO,PTO-MVO (LB=504),5.78,0.4031,2.63,37.24,40.52,0.1551,0.185,0.0544
0.3,10,DFL-MVO,DFL-MVO (LB=252),12.32,0.6492,3.1,36.45,44.44,0.3381,1.0,0.7312
0.3,10,DFL-MVO,DFL-MVO (LB=504),11.55,0.6829,2.71,27.07,29.11,0.4266,1.0,0.3871
0.3,10,Benchmark,EW,11.85,0.6522,3.02,38.73,42.74,0.306,0.1,0.0327
0.3,10,Benchmark,GMV (LB=252),7.81,0.5214,2.56,34.82,37.84,0.2244,0.1792,0.0797
0.3,10,Benchmark,hist-MVO (LB=252),11.14,0.6638,2.77,33.64,36.72,0.3311,0.2261,0.2701
0.3,10,Benchmark,GMV (LB=504),6.34,0.4353,2.61,36.15,39.31,0.1755,0.1838,0.0531
0.3,10,Benchmark,hist-MVO (LB=504),7.54,0.4839,2.76,33.62,36.46,0.2241,0.1979,0.1495
0.3,20,DFL-MDD,"DFL-MDD (LB=252, n1=0.1)",8.72,0.5798,2.46,32.11,34.51,0.2718,0.4065,0.4664
0.3,20,DFL-MDD,"DFL-MDD (LB=252, n1=0.2)",7.08,0.473,2.56,34.92,37.65,0.2028,0.5873,0.5516
0.3,20,DFL-MDD,"DFL-MDD (LB=252, n1=0.3)",5.55,0.3864,2.62,36.58,39.37,0.1518,0.6215,0.5571
0.3,20,DFL-MDD,"DFL-MDD (LB=252, n1=0.4)",4.3,0.3268,2.59,33.43,36.04,0.1285,0.8149,0.3241
0.3,20,DFL-MDD,"DFL-MDD (LB=504, n1=0.1)",6.22,0.4254,2.58,37.78,40.74,0.1647,0.3895,0.5365
0.3,20,DFL-MDD,"DFL-MDD (LB=504, n1=0.2)",5.18,0.3757,2.47,34.67,37.27,0.1493,0.5269,0.5609
0.3,20,DFL-MDD,"DFL-MDD (LB=504, n1=0.3)",4.1,0.3235,2.45,33.62,36.66,0.1219,0.5886,0.4684
0.3,20,DFL-MDD,"DFL-MDD (LB=504, n1=0.4)",7.66,0.4867,2.78,35.52,38.59,0.2158,0.6224,0.7083
0.3,20,PTO-MDD,"PTO-MDD (LB=252, n1=0.1)",0.28,0.1646,4.25,77.47,116.35,0.0036,0.7131,0.0758
0.3,20,PTO-MDD,"PTO-MDD (LB=252, n1=0.2)",1.48,0.206,4.43,77.47,116.35,0.0191,0.8026,0.0707
0.3,20,PTO-MDD,"PTO-MDD (LB=252, n1=0.3)",-0.71,0.1337,4.23,77.47,116.35,-0.0092,0.7263,0.0848
0.3,20,PTO-MDD,"PTO-MDD (LB=252, n1=0.4)",-0.38,0.1472,4.38,77.47,116.35,-0.005,0.7347,0.0892
0.3,20,PTO-MDD,"PTO-MDD (LB=504, n1=0.1)",5.88,0.3373,4.58,77.47,116.35,0.0759,0.7402,0.0816
0.3,20,PTO-MDD,"PTO-MDD (LB=504, n1=0.2)",2.24,0.2339,4.67,77.47,116.35,0.0289,0.8188,0.0885
0.3,20,PTO-MDD,"PTO-MDD (LB=504, n1=0.3)",2.78,0.2495,4.66,77.47,116.35,0.0358,0.8231,0.0952
0.3,20,PTO-MDD,"PTO-MDD (LB=504, n1=0.4)",1.78,0.2179,4.51,77.47,116.35,0.023,0.7292,0.0882
0.3,20,PTO-MVO,PTO-MVO (LB=252),7.36,0.4947,2.57,35.98,39.14,0.2045,0.1859,0.0803
0.3,20,PTO-MVO,PTO-MVO (LB=504),5.71,0.3995,2.63,37.25,40.53,0.1532,0.185,0.0544
0.3,20,DFL-MVO,DFL-MVO (LB=252),11.35,0.6086,3.1,36.71,44.77,0.3092,1.0,0.7312
0.3,20,DFL-MVO,DFL-MVO (LB=504),11.03,0.6578,2.71,27.15,29.11,0.4064,1.0,0.3871
0.3,20,Benchmark,EW,11.81,0.6503,3.02,38.73,42.74,0.3049,0.1,0.0327
0.3,20,Benchmark,GMV (LB=252),7.71,0.5159,2.56,34.82,37.85,0.2214,0.1792,0.0797
0.3,20,Benchmark,hist-MVO (LB=252),10.78,0.6465,2.77,33.66,36.75,0.3203,0.2261,0.2701
0.3,20,Benchmark,GMV (LB=504),6.28,0.4318,2.61,36.15,39.31,0.1736,0.1838,0.0531
0.3,20,Benchmark,hist-MVO (LB=504),7.35,0.4744,2.76,33.64,36.47,0.2184,0.1979,0.1495
0.3,40,DFL-MDD,"DFL-MDD (LB=252, n1=0.1)",7.53,0.5139,2.46,32.15,34.55,0.234,0.4065,0.4664
0.3,40,DFL-MDD,"DFL-MDD (LB=252, n1=0.2)",5.68,0.3992,2.57,34.96,37.69,0.1626,0.5873,0.5516
0.3,40,DFL-MDD,"DFL-MDD (LB=252, n1=0.3)",4.16,0.3141,2.62,36.69,39.49,0.1135,0.6215,0.5571
0.3,40,DFL-MDD,"DFL-MDD (LB=252, n1=0.4)",3.5,0.283,2.59,33.43,36.04,0.1045,0.8149,0.3241
0.3,40,DFL-MDD,"DFL-MDD (LB=504, n1=0.1)",4.88,0.3546,2.59,38.06,41.09,0.1281,0.3895,0.5365
0.3,40,DFL-MDD,"DFL-MDD (LB=504, n1=0.2)",3.78,0.2995,2.48,34.74,37.34,0.1089,0.5269,0.5609
0.3,40,DFL-MDD,"DFL-MDD (LB=504, n1=0.3)",2.95,0.257,2.45,33.9,37.05,0.0869,0.5886,0.4684
0.3,40,DFL-MDD,"DFL-MDD (LB=504, n1=0.4)",5.86,0.3967,2.8,35.67,38.8,0.1643,0.6224,0.7083
0.3,40,PTO-MDD,"PTO-MDD (LB=252, n1=0.1)",0.09,0.1588,4.25,77.47,116.35,0.0012,0.7131,0.0758
0.3,40,PTO-MDD,"PTO-MDD (LB=252, n1=0.2)",1.31,0.2008,4.43,77.47,116.35,0.0168,0.8026,0.0707
0.3,40,PTO-MDD,"PTO-MDD (LB=252, n1=0.3)",-0.91,0.1272,4.23,77.47,116.35,-0.0118,0.7263,0.0848
0.3,40,PTO-MDD,"PTO-MDD (LB=252, n1=0.4)",-0.6,0.1406,4.38,77.47,116.35,-0.0077,0.7347,0.0892
0.3,40,PTO-MDD,"PTO-MDD (LB=504, n1=0.1)",5.68,0.3315,4.58,77.47,116.35,0.0733,0.7402,0.0816
0.3,40,PTO-MDD,"PTO-MDD (LB=504, n1=0.2)",2.02,0.2277,4.67,77.47,116.35,0.0261,0.8188,0.0885
0.3,40,PTO-MDD,"PTO-MDD (LB=504, n1=0.3)",2.54,0.2429,4.66,77.47,116.35,0.0328,0.8231,0.0952
0.3,40,PTO-MDD,"PTO-MDD (LB=504, n1=0.4)",1.57,0.2115,4.51,77.47,116.35,0.0202,0.7292,0.0882
0.3,40,PTO-MVO,PTO-MVO (LB=252),7.15,0.4838,2.57,35.99,39.15,0.1987,0.1859,0.0803
0.3,40,PTO-MVO,PTO-MVO (LB=504),5.57,0.3923,2.63,37.26,40.54,0.1495,0.185,0.0544
0.3,40,DFL-MVO,DFL-MVO (LB=252),9.42,0.5268,3.11,37.21,45.43,0.2532,1.0,0.7312
0.3,40,DFL-MVO,DFL-MVO (LB=504),10.01,0.6071,2.73,27.44,29.49,0.3648,1.0,0.3871
0.3,40,Benchmark,EW,11.72,0.6465,3.02,38.74,42.75,0.3026,0.1,0.0327
0.3,40,Benchmark,GMV (LB=252),7.51,0.5051,2.56,34.84,37.86,0.2154,0.1792,0.0797
0.3,40,Benchmark,hist-MVO (LB=252),10.07,0.6118,2.77,33.71,36.79,0.2989,0.2261,0.2701
0.3,40,Benchmark,GMV (LB=504),6.14,0.4247,2.61,36.17,39.32,0.1699,0.1838,0.0531
0.3,40,Benchmark,hist-MVO (LB=504),6.96,0.4553,2.76,33.66,36.5,0.2069,0.1979,0.1495
0.5,0,DFL-MDD,"DFL-MDD (LB=252, n1=0.1)",7.87,0.5343,2.45,30.97,33.28,0.2543,0.3412,0.5163
0.5,0,DFL-MDD,"DFL-MDD (LB=252, n1=0.2)",8.14,0.5257,2.6,33.17,36.15,0.2453,0.4312,0.5536
0.5,0,DFL-MDD,"DFL-MDD (LB=252, n1=0.3)",2.61,0.2293,3.02,42.34,49.7,0.0617,0.5181,0.6561
0.5,0,DFL-MDD,"DFL-MDD (LB=252, n1=0.4)",5.26,0.385,2.44,33.1,35.58,0.1588,0.731,0.4328
0.5,0,DFL-MDD,"DFL-MDD (LB=504, n1=0.1)",6.83,0.4517,2.65,39.16,42.23,0.1743,0.3029,0.5518
0.5,0,DFL-MDD,"DFL-MDD (LB=504, n1=0.2)",7.86,0.5114,2.49,36.13,38.89,0.2175,0.4662,0.6405
0.5,0,DFL-MDD,"DFL-MDD (LB=504, n1=0.3)",2.09,0.2054,2.59,33.38,36.04,0.0627,0.5346,0.6389
0.5,0,DFL-MDD,"DFL-MDD (LB=504, n1=0.4)",7.69,0.4679,2.9,42.33,46.01,0.1817,0.5013,0.6747
0.5,0,PTO-MDD,"PTO-MDD (LB=252, n1=0.1)",0.46,0.1703,4.25,77.47,116.35,0.0059,0.7131,0.0758
0.5,0,PTO-MDD,"PTO-MDD (LB=252, n1=0.2)",1.65,0.2112,4.43,77.47,116.35,0.0213,0.8026,0.0707
0.5,0,PTO-MDD,"PTO-MDD (LB=252, n1=0.3)",-0.51,0.1401,4.23,77.47,116.35,-0.0066,0.7263,0.0848
0.5,0,PTO-MDD,"PTO-MDD (LB=252, n1=0.4)",-0.17,0.1539,4.38,77.47,116.35,-0.0022,0.7347,0.0892
0.5,0,PTO-MDD,"PTO-MDD (LB=504, n1=0.1)",6.09,0.3431,4.58,77.47,116.35,0.0786,0.7402,0.0816
0.5,0,PTO-MDD,"PTO-MDD (LB=504, n1=0.2)",2.45,0.2401,4.67,77.47,116.35,0.0317,0.8188,0.0885
0.5,0,PTO-MDD,"PTO-MDD (LB=504, n1=0.3)",3.01,0.2562,4.66,77.47,116.35,0.0388,0.8231,0.0952
0.5,0,PTO-MDD,"PTO-MDD (LB=504, n1=0.4)",1.99,0.2242,4.51,77.47,116.35,0.0257,0.7292,0.0882
0.5,0,PTO-MVO,PTO-MVO (LB=252),7.56,0.5056,2.57,35.96,39.12,0.2103,0.1859,0.0803
0.5,0,PTO-MVO,PTO-MVO (LB=504),5.84,0.4067,2.63,37.24,40.52,0.1569,0.185,0.0544
0.5,0,DFL-MVO,DFL-MVO (LB=252),9.81,0.5691,2.83,33.83,38.87,0.2899,1.0,0.4731
0.5,0,DFL-MVO,DFL-MVO (LB=504),11.3,0.5954,3.22,42.38,46.84,0.2666,1.0,0.5161
0.5,0,Benchmark,EW,11.9,0.6541,3.02,38.73,42.74,0.3072,0.1,0.0327
0.5,0,Benchmark,GMV (LB=252),7.91,0.5268,2.56,34.81,37.83,0.2274,0.1792,0.0797
0.5,0,Benchmark,hist-MVO (LB=252),11.5,0.6811,2.77,33.62,36.7,0.342,0.2261,0.2701
0.5,0,Benchmark,GMV (LB=504),6.41,0.4388,2.61,36.14,39.3,0.1774,0.1838,0.0531
0.5,0,Benchmark,hist-MVO (LB=504),7.73,0.4935,2.76,33.61,36.44,0.2299,0.1979,0.1495
0.5,5,DFL-MDD,"DFL-MDD (LB=252, n1=0.1)",7.54,0.5162,2.45,30.98,33.28,0.2435,0.3412,0.5163
0.5,5,DFL-MDD,"DFL-MDD (LB=252, n1=0.2)",7.78,0.5075,2.6,33.19,36.16,0.2345,0.4312,0.5536
0.5,5,DFL-MDD,"DFL-MDD (LB=252, n1=0.3)",2.21,0.2097,3.02,42.83,50.53,0.0517,0.5181,0.6561
0.5,5,DFL-MDD,"DFL-MDD (LB=252, n1=0.4)",4.99,0.37,2.44,33.15,35.62,0.1504,0.731,0.4328
0.5,5,DFL-MDD,"DFL-MDD (LB=504, n1=0.1)",6.48,0.4339,2.65,39.19,42.25,0.1653,0.3029,0.5518
0.5,5,DFL-MDD,"DFL-MDD (LB=504, n1=0.2)",7.45,0.4903,2.49,36.17,38.92,0.206,0.4662,0.6405
0.5,5,DFL-MDD,"DFL-MDD (LB=504, n1=0.3)",1.71,0.1842,2.59,33.4,36.06,0.0511,0.5346,0.6389
0.5,5,DFL-MDD,"DFL-MDD (LB=504, n1=0.4)",7.26,0.4481,2.9,42.36,46.04,0.1714,0.5013,0.6747
0.5,5,PTO-MDD,"PTO-MDD (LB=252, n1=0.1)",0.41,0.1689,4.25,77.47,116.35,0.0053,0.7131,0.0758
0.5,5,PTO-MDD,"PTO-MDD (LB=252, n1=0.2)",1.6,0.2099,4.43,77.47,116.35,0.0207,0.8026,0.0707
0.5,5,PTO-MDD,"PTO-MDD (LB=252, n1=0.3)",-0.56,0.1385,4.23,77.47,116.35,-0.0073,0.7263,0.0848
0.5,5,PTO-MDD,"PTO-MDD (LB=252, n1=0.4)",-0.23,0.1522,4.38,77.47,116.35,-0.0029,0.7347,0.0892
0.5,5,PTO-MDD,"PTO-MDD (LB=504, n1=0.1)",6.04,0.3416,4.58,77.47,116.35,0.0779,0.7402,0.0816
0.5,5,PTO-MDD,"PTO-MDD (LB=504, n1=0.2)",2.4,0.2385,4.67,77.47,116.35,0.031,0.8188,0.0885
0.5,5,PTO-MDD,"PTO-MDD (LB=504, n1=0.3)",2.95,0.2545,4.66,77.47,116.35,0.0381,0.8231,0.0952
0.5,5,PTO-MDD,"PTO-MDD (LB=504, n1=0.4)",1.94,0.2226,4.51,77.47,116.35,0.025,0.7292,0.0882
0.5,5,PTO-MVO,PTO-MVO (LB=252),7.51,0.5029,2.57,35.97,39.13,0.2088,0.1859,0.0803
0.5,5,PTO-MVO,PTO-MVO (LB=504),5.81,0.4049,2.63,37.24,40.52,0.156,0.185,0.0544
0.5,5,DFL-MVO,DFL-MVO (LB=252),9.5,0.5551,2.83,33.9,38.96,0.2802,1.0,0.4731
0.5,5,DFL-MVO,DFL-MVO (LB=504),10.96,0.5814,3.22,42.38,46.84,0.2585,1.0,0.5161
0.5,5,Benchmark,EW,11.87,0.6531,3.02,38.73,42.74,0.3066,0.1,0.0327
0.5,5,Benchmark,GMV (LB=252),7.86,0.5241,2.56,34.81,37.83,0.2259,0.1792,0.0797
0.5,5,Benchmark,hist-MVO (LB=252),11.32,0.6724,2.77,33.63,36.71,0.3366,0.2261,0.2701
0.5,5,Benchmark,GMV (LB=504),6.38,0.4371,2.61,36.15,39.3,0.1765,0.1838,0.0531
0.5,5,Benchmark,hist-MVO (LB=504),7.63,0.4887,2.76,33.62,36.45,0.227,0.1979,0.1495
0.5,10,DFL-MDD,"DFL-MDD (LB=252, n1=0.1)",7.21,0.498,2.45,30.99,33.29,0.2328,0.3412,0.5163
0.5,10,DFL-MDD,"DFL-MDD (LB=252, n1=0.2)",7.43,0.4892,2.6,33.2,36.17,0.2237,0.4312,0.5536
0.5,10,DFL-MDD,"DFL-MDD (LB=252, n1=0.3)",1.82,0.1901,3.02,43.31,51.35,0.0419,0.5181,0.6561
0.5,10,DFL-MDD,"DFL-MDD (LB=252, n1=0.4)",4.72,0.355,2.44,33.19,35.68,0.1421,0.731,0.4328
0.5,10,DFL-MDD,"DFL-MDD (LB=504, n1=0.1)",6.13,0.4161,2.65,39.24,42.28,0.1562,0.3029,0.5518
0.5,10,DFL-MDD,"DFL-MDD (LB=504, n1=0.2)",7.04,0.4691,2.49,36.2,38.96,0.1946,0.4662,0.6405
0.5,10,DFL-MDD,"DFL-MDD (LB=504, n1=0.3)",1.32,0.163,2.59,33.42,36.08,0.0395,0.5346,0.6389
0.5,10,DFL-MDD,"DFL-MDD (LB=504, n1=0.4)",6.83,0.4283,2.9,42.39,46.07,0.1612,0.5013,0.6747
0.5,10,PTO-MDD,"PTO-MDD (LB=252, n1=0.1)",0.37,0.1674,4.25,77.47,116.35,0.0047,0.7131,0.0758
0.5,10,PTO-MDD,"PTO-MDD (LB=252, n1=0.2)",1.56,0.2086,4.43,77.47,116.35,0.0202,0.8026,0.0707
0.5,10,PTO-MDD,"PTO-MDD (LB=252, n1=0.3)",-0.61,0.1369,4.23,77.47,116.35,-0.0079,0.7263,0.0848
0.5,10,PTO-MDD,"PTO-MDD (LB=252, n1=0.4)",-0.28,0.1506,4.38,77.47,116.35,-0.0036,0.7347,0.0892
0.5,10,PTO-MDD,"PTO-MDD (LB=504, n1=0.1)",5.99,0.3402,4.58,77.47,116.35,0.0773,0.7402,0.0816
0.5,10,PTO-MDD,"PTO-MDD (LB=504, n1=0.2)",2.35,0.237,4.67,77.47,116.35,0.0303,0.8188,0.0885
0.5,10,PTO-MDD,"PTO-MDD (LB=504, n1=0.3)",2.89,0.2529,4.66,77.47,116.35,0.0373,0.8231,0.0952
0.5,10,PTO-MDD,"PTO-MDD (LB=504, n1=0.4)",1.89,0.221,4.51,77.47,116.35,0.0243,0.7292,0.0882
0.5,10,PTO-MVO,PTO-MVO (LB=252),7.46,0.5002,2.57,35.97,39.13,0.2074,0.1859,0.0803
0.5,10,PTO-MVO,PTO-MVO (LB=504),5.78,0.4031,2.63,37.24,40.52,0.1551,0.185,0.0544
0.5,10,DFL-MVO,DFL-MVO (LB=252),9.19,0.5409,2.83,33.96,39.06,0.2706,1.0,0.4731
0.5,10,DFL-MVO,DFL-MVO (LB=504),10.62,0.5675,3.22,42.38,46.84,0.2505,1.0,0.5161
0.5,10,Benchmark,EW,11.85,0.6522,3.02,38.73,42.74,0.306,0.1,0.0327
0.5,10,Benchmark,GMV (LB=252),7.81,0.5214,2.56,34.82,37.84,0.2244,0.1792,0.0797
0.5,10,Benchmark,hist-MVO (LB=252),11.14,0.6638,2.77,33.64,36.72,0.3311,0.2261,0.2701
0.5,10,Benchmark,GMV (LB=504),6.34,0.4353,2.61,36.15,39.31,0.1755,0.1838,0.0531
0.5,10,Benchmark,hist-MVO (LB=504),7.54,0.4839,2.76,33.62,36.46,0.2241,0.1979,0.1495
0.5,20,DFL-MDD,"DFL-MDD (LB=252, n1=0.1)",6.56,0.4615,2.45,31.01,33.31,0.2115,0.3412,0.5163
0.5,20,DFL-MDD,"DFL-MDD (LB=252, n1=0.2)",6.72,0.4526,2.61,33.24,36.2,0.2023,0.4312,0.5536
0.5,20,DFL-MDD,"DFL-MDD (LB=252, n1=0.3)",1.02,0.1509,3.02,44.26,53.0,0.0231,0.5181,0.6561
0.5,20,DFL-MDD,"DFL-MDD (LB=252, n1=0.4)",4.18,0.325,2.44,33.28,35.8,0.1256,0.731,0.4328
0.5,20,DFL-MDD,"DFL-MDD (LB=504, n1=0.1)",5.44,0.3804,2.66,39.36,42.4,0.1381,0.3029,0.5518
0.5,20,DFL-MDD,"DFL-MDD (LB=504, n1=0.2)",6.23,0.4267,2.5,36.26,39.02,0.1718,0.4662,0.6405
0.5,20,DFL-MDD,"DFL-MDD (LB=504, n1=0.3)",0.55,0.1205,2.59,33.46,36.11,0.0165,0.5346,0.6389
0.5,20,DFL-MDD,"DFL-MDD (LB=504, n1=0.4)",5.98,0.3886,2.91,42.45,46.13,0.1408,0.5013,0.6747
0.5,20,PTO-MDD,"PTO-MDD (LB=252, n1=0.1)",0.28,0.1646,4.25,77.47,116.35,0.0036,0.7131,0.0758
0.5,20,PTO-MDD,"PTO-MDD (LB=252, n1=0.2)",1.48,0.206,4.43,77.47,116.35,0.0191,0.8026,0.0707
0.5,20,PTO-MDD,"PTO-MDD (LB=252, n1=0.3)",-0.71,0.1337,4.23,77.47,116.35,-0.0092,0.7263,0.0848
0.5,20,PTO-MDD,"PTO-MDD (LB=252, n1=0.4)",-0.38,0.1472,4.38,77.47,116.35,-0.005,0.7347,0.0892
0.5,20,PTO-MDD,"PTO-MDD (LB=504, n1=0.1)",5.88,0.3373,4.58,77.47,116.35,0.0759,0.7402,0.0816
0.5,20,PTO-MDD,"PTO-MDD (LB=504, n1=0.2)",2.24,0.2339,4.67,77.47,116.35,0.0289,0.8188,0.0885
0.5,20,PTO-MDD,"PTO-MDD (LB=504, n1=0.3)",2.78,0.2495,4.66,77.47,116.35,0.0358,0.8231,0.0952
0.5,20,PTO-MDD,"PTO-MDD (LB=504, n1=0.4)",1.78,0.2179,4.51,77.47,116.35,0.023,0.7292,0.0882
0.5,20,PTO-MVO,PTO-MVO (LB=252),7.36,0.4947,2.57,35.98,39.14,0.2045,0.1859,0.0803
0.5,20,PTO-MVO,PTO-MVO (LB=504),5.71,0.3995,2.63,37.25,40.53,0.1532,0.185,0.0544
0.5,20,DFL-MVO,DFL-MVO (LB=252),8.58,0.5125,2.83,34.1,39.25,0.2516,1.0,0.4731
0.5,20,DFL-MVO,DFL-MVO (LB=504),9.94,0.5395,3.22,42.38,46.84,0.2345,1.0,0.5161
0.5,20,Benchmark,EW,11.81,0.6503,3.02,38.73,42.74,0.3049,0.1,0.0327
0.5,20,Benchmark,GMV (LB=252),7.71,0.5159,2.56,34.82,37.85,0.2214,0.1792,0.0797
0.5,20,Benchmark,hist-MVO (LB=252),10.78,0.6465,2.77,33.66,36.75,0.3203,0.2261,0.2701
0.5,20,Benchmark,GMV (LB=504),6.28,0.4318,2.61,36.15,39.31,0.1736,0.1838,0.0531
0.5,20,Benchmark,hist-MVO (LB=504),7.35,0.4744,2.76,33.64,36.47,0.2184,0.1979,0.1495
0.5,40,DFL-MDD,"DFL-MDD (LB=252, n1=0.1)",5.26,0.3885,2.46,31.47,33.35,0.1671,0.3412,0.5163
0.5,40,DFL-MDD,"DFL-MDD (LB=252, n1=0.2)",5.33,0.3791,2.61,33.31,36.25,0.1599,0.4312,0.5536
0.5,40,DFL-MDD,"DFL-MDD (LB=252, n1=0.3)",-0.54,0.0724,3.02,46.12,56.31,-0.0117,0.5181,0.6561
0.5,40,DFL-MDD,"DFL-MDD (LB=252, n1=0.4)",3.11,0.2648,2.45,33.47,36.03,0.0929,0.731,0.4328
0.5,40,DFL-MDD,"DFL-MDD (LB=504, n1=0.1)",4.06,0.3089,2.66,39.6,42.73,0.1026,0.3029,0.5518
0.5,40,DFL-MDD,"DFL-MDD (LB=504, n1=0.2)",4.62,0.3416,2.5,36.43,39.19,0.1269,0.4662,0.6405
0.5,40,DFL-MDD,"DFL-MDD (LB=504, n1=0.3)",-0.96,0.0355,2.6,34.19,36.18,-0.0282,0.5346,0.6389
0.5,40,DFL-MDD,"DFL-MDD (LB=504, n1=0.4)",4.29,0.3092,2.92,42.57,46.25,0.1008,0.5013,0.6747
0.5,40,PTO-MDD,"PTO-MDD (LB=252, n1=0.1)",0.09,0.1588,4.25,77.47,116.35,0.0012,0.7131,0.0758
0.5,40,PTO-MDD,"PTO-MDD (LB=252, n1=0.2)",1.31,0.2008,4.43,77.47,116.35,0.0168,0.8026,0.0707
0.5,40,PTO-MDD,"PTO-MDD (LB=252, n1=0.3)",-0.91,0.1272,4.23,77.47,116.35,-0.0118,0.7263,0.0848
0.5,40,PTO-MDD,"PTO-MDD (LB=252, n1=0.4)",-0.6,0.1406,4.38,77.47,116.35,-0.0077,0.7347,0.0892
0.5,40,PTO-MDD,"PTO-MDD (LB=504, n1=0.1)",5.68,0.3315,4.58,77.47,116.35,0.0733,0.7402,0.0816
0.5,40,PTO-MDD,"PTO-MDD (LB=504, n1=0.2)",2.02,0.2277,4.67,77.47,116.35,0.0261,0.8188,0.0885
0.5,40,PTO-MDD,"PTO-MDD (LB=504, n1=0.3)",2.54,0.2429,4.66,77.47,116.35,0.0328,0.8231,0.0952
0.5,40,PTO-MDD,"PTO-MDD (LB=504, n1=0.4)",1.57,0.2115,4.51,77.47,116.35,0.0202,0.7292,0.0882
0.5,40,PTO-MVO,PTO-MVO (LB=252),7.15,0.4838,2.57,35.99,39.15,0.1987,0.1859,0.0803
0.5,40,PTO-MVO,PTO-MVO (LB=504),5.57,0.3923,2.63,37.26,40.54,0.1495,0.185,0.0544
0.5,40,DFL-MVO,DFL-MVO (LB=252),7.36,0.4555,2.84,34.36,39.63,0.2142,1.0,0.4731
0.5,40,DFL-MVO,DFL-MVO (LB=504),8.59,0.4831,3.22,42.38,46.84,0.2027,1.0,0.5161
0.5,40,Benchmark,EW,11.72,0.6465,3.02,38.74,42.75,0.3026,0.1,0.0327
0.5,40,Benchmark,GMV (LB=252),7.51,0.5051,2.56,34.84,37.86,0.2154,0.1792,0.0797
0.5,40,Benchmark,hist-MVO (LB=252),10.07,0.6118,2.77,33.71,36.79,0.2989,0.2261,0.2701
0.5,40,Benchmark,GMV (LB=504),6.14,0.4247,2.61,36.17,39.32,0.1699,0.1838,0.0531
0.5,40,Benchmark,hist-MVO (LB=504),6.96,0.4553,2.76,33.66,36.5,0.2069,0.1979,0.1495
0.7,0,DFL-MDD,"DFL-MDD (LB=252, n1=0.1)",9.4,0.6104,2.49,32.16,34.95,0.2924,0.3341,0.5206
0.7,0,DFL-MDD,"DFL-MDD (LB=252, n1=0.2)",5.82,0.3993,2.73,36.42,39.76,0.1597,0.4796,0.5022
0.7,0,DFL-MDD,"DFL-MDD (LB=252, n1=0.3)",7.38,0.4816,2.72,29.46,31.97,0.2505,0.5474,0.4882
0.7,0,DFL-MDD,"DFL-MDD (LB=252, n1=0.4)",10.0,0.6379,2.6,26.05,27.93,0.3839,0.4995,0.7168
0.7,0,DFL-MDD,"DFL-MDD (LB=504, n1=0.1)",10.62,0.6343,2.7,33.5,36.3,0.3171,0.3245,0.6115
0.7,0,DFL-MDD,"DFL-MDD (LB=504, n1=0.2)",11.73,0.7034,2.7,32.45,35.52,0.3615,0.3907,0.7293
0.7,0,DFL-MDD,"DFL-MDD (LB=504, n1=0.3)",9.24,0.5761,2.69,32.67,35.28,0.2828,0.4489,0.6999
0.7,0,DFL-MDD,"DFL-MDD (LB=504, n1=0.4)",7.42,0.4603,2.99,35.95,38.7,0.2063,0.5408,0.7623
0.7,0,PTO-MDD,"PTO-MDD (LB=252, n1=0.1)",0.46,0.1703,4.25,77.47,116.35,0.0059,0.7131,0.0758
0.7,0,PTO-MDD,"PTO-MDD (LB=252, n1=0.2)",1.65,0.2112,4.43,77.47,116.35,0.0213,0.8026,0.0707
0.7,0,PTO-MDD,"PTO-MDD (LB=252, n1=0.3)",-0.51,0.1401,4.23,77.47,116.35,-0.0066,0.7263,0.0848
0.7,0,PTO-MDD,"PTO-MDD (LB=252, n1=0.4)",-0.17,0.1539,4.38,77.47,116.35,-0.0022,0.7347,0.0892
0.7,0,PTO-MDD,"PTO-MDD (LB=504, n1=0.1)",6.09,0.3431,4.58,77.47,116.35,0.0786,0.7402,0.0816
0.7,0,PTO-MDD,"PTO-MDD (LB=504, n1=0.2)",2.45,0.2401,4.67,77.47,116.35,0.0317,0.8188,0.0885
0.7,0,PTO-MDD,"PTO-MDD (LB=504, n1=0.3)",3.01,0.2562,4.66,77.47,116.35,0.0388,0.8231,0.0952
0.7,0,PTO-MDD,"PTO-MDD (LB=504, n1=0.4)",1.99,0.2242,4.51,77.47,116.35,0.0257,0.7292,0.0882
0.7,0,PTO-MVO,PTO-MVO (LB=252),7.56,0.5056,2.57,35.96,39.12,0.2103,0.1859,0.0803
0.7,0,PTO-MVO,PTO-MVO (LB=504),5.84,0.4067,2.63,37.24,40.52,0.1569,0.185,0.0544
0.7,0,DFL-MVO,DFL-MVO (LB=252),7.13,0.4122,3.35,40.95,44.25,0.1742,1.0,0.4731
0.7,0,DFL-MVO,DFL-MVO (LB=504),9.35,0.529,3.12,43.58,48.79,0.2146,1.0,0.2581
0.7,0,Benchmark,EW,11.9,0.6541,3.02,38.73,42.74,0.3072,0.1,0.0327
0.7,0,Benchmark,GMV (LB=252),7.91,0.5268,2.56,34.81,37.83,0.2274,0.1792,0.0797
0.7,0,Benchmark,hist-MVO (LB=252),11.5,0.6811,2.77,33.62,36.7,0.342,0.2261,0.2701
0.7,0,Benchmark,GMV (LB=504),6.41,0.4388,2.61,36.14,39.3,0.1774,0.1838,0.0531
0.7,0,Benchmark,hist-MVO (LB=504),7.73,0.4935,2.76,33.61,36.44,0.2299,0.1979,0.1495
0.7,5,DFL-MDD,"DFL-MDD (LB=252, n1=0.1)",9.07,0.5925,2.49,32.27,35.1,0.2809,0.3341,0.5206
0.7,5,DFL-MDD,"DFL-MDD (LB=252, n1=0.2)",5.5,0.3831,2.73,36.44,39.77,0.151,0.4796,0.5022
0.7,5,DFL-MDD,"DFL-MDD (LB=252, n1=0.3)",7.07,0.4657,2.72,29.46,31.96,0.2399,0.5474,0.4882
0.7,5,DFL-MDD,"DFL-MDD (LB=252, n1=0.4)",9.53,0.6134,2.6,26.1,27.97,0.3652,0.4995,0.7168
0.7,5,DFL-MDD,"DFL-MDD (LB=504, n1=0.1)",10.22,0.6149,2.7,33.52,36.32,0.305,0.3245,0.6115
0.7,5,DFL-MDD,"DFL-MDD (LB=504, n1=0.2)",11.25,0.6795,2.71,32.48,35.55,0.3463,0.3907,0.7293
0.7,5,DFL-MDD,"DFL-MDD (LB=504, n1=0.3)",8.79,0.5534,2.69,32.69,35.3,0.2688,0.4489,0.6999
0.7,5,DFL-MDD,"DFL-MDD (LB=504, n1=0.4)",6.93,0.4374,2.99,35.96,38.7,0.1928,0.5408,0.7623
0.7,5,PTO-MDD,"PTO-MDD (LB=252, n1=0.1)",0.41,0.1689,4.25,77.47,116.35,0.0053,0.7131,0.0758
0.7,5,PTO-MDD,"PTO-MDD (LB=252, n1=0.2)",1.6,0.2099,4.43,77.47,116.35,0.0207,0.8026,0.0707
0.7,5,PTO-MDD,"PTO-MDD (LB=252, n1=0.3)",-0.56,0.1385,4.23,77.47,116.35,-0.0073,0.7263,0.0848
0.7,5,PTO-MDD,"PTO-MDD (LB=252, n1=0.4)",-0.23,0.1522,4.38,77.47,116.35,-0.0029,0.7347,0.0892
0.7,5,PTO-MDD,"PTO-MDD (LB=504, n1=0.1)",6.04,0.3416,4.58,77.47,116.35,0.0779,0.7402,0.0816
0.7,5,PTO-MDD,"PTO-MDD (LB=504, n1=0.2)",2.4,0.2385,4.67,77.47,116.35,0.031,0.8188,0.0885
0.7,5,PTO-MDD,"PTO-MDD (LB=504, n1=0.3)",2.95,0.2545,4.66,77.47,116.35,0.0381,0.8231,0.0952
0.7,5,PTO-MDD,"PTO-MDD (LB=504, n1=0.4)",1.94,0.2226,4.51,77.47,116.35,0.025,0.7292,0.0882
0.7,5,PTO-MVO,PTO-MVO (LB=252),7.51,0.5029,2.57,35.97,39.13,0.2088,0.1859,0.0803
0.7,5,PTO-MVO,PTO-MVO (LB=504),5.81,0.4049,2.63,37.24,40.52,0.156,0.185,0.0544
0.7,5,DFL-MVO,DFL-MVO (LB=252),6.83,0.4001,3.35,40.95,44.25,0.1669,1.0,0.4731
0.7,5,DFL-MVO,DFL-MVO (LB=504),9.19,0.5218,3.12,43.64,48.89,0.2105,1.0,0.2581
0.7,5,Benchmark,EW,11.87,0.6531,3.02,38.73,42.74,0.3066,0.1,0.0327
0.7,5,Benchmark,GMV (LB=252),7.86,0.5241,2.56,34.81,37.83,0.2259,0.1792,0.0797
0.7,5,Benchmark,hist-MVO (LB=252),11.32,0.6724,2.77,33.63,36.71,0.3366,0.2261,0.2701
0.7,5,Benchmark,GMV (LB=504),6.38,0.4371,2.61,36.15,39.3,0.1765,0.1838,0.0531
0.7,5,Benchmark,hist-MVO (LB=504),7.63,0.4887,2.76,33.62,36.45,0.227,0.1979,0.1495
0.7,10,DFL-MDD,"DFL-MDD (LB=252, n1=0.1)",8.73,0.5745,2.49,32.39,35.25,0.2695,0.3341,0.5206
0.7,10,DFL-MDD,"DFL-MDD (LB=252, n1=0.2)",5.19,0.3669,2.73,36.48,39.82,0.1422,0.4796,0.5022
0.7,10,DFL-MDD,"DFL-MDD (LB=252, n1=0.3)",6.76,0.4498,2.72,29.46,31.96,0.2294,0.5474,0.4882
0.7,10,DFL-MDD,"DFL-MDD (LB=252, n1=0.4)",9.07,0.5888,2.6,26.15,28.02,0.3467,0.4995,0.7168
0.7,10,DFL-MDD,"DFL-MDD (LB=504, n1=0.1)",9.82,0.5955,2.7,33.54,36.33,0.2929,0.3245,0.6115
0.7,10,DFL-MDD,"DFL-MDD (LB=504, n1=0.2)",10.77,0.6556,2.71,32.51,35.58,0.3312,0.3907,0.7293
0.7,10,DFL-MDD,"DFL-MDD (LB=504, n1=0.3)",8.34,0.5306,2.7,32.71,35.32,0.2548,0.4489,0.6999
0.7,10,DFL-MDD,"DFL-MDD (LB=504, n1=0.4)",6.45,0.4145,2.99,35.96,38.69,0.1793,0.5408,0.7623
0.7,10,PTO-MDD,"PTO-MDD (LB=252, n1=0.1)",0.37,0.1674,4.25,77.47,116.35,0.0047,0.7131,0.0758
0.7,10,PTO-MDD,"PTO-MDD (LB=252, n1=0.2)",1.56,0.2086,4.43,77.47,116.35,0.0202,0.8026,0.0707
0.7,10,PTO-MDD,"PTO-MDD (LB=252, n1=0.3)",-0.61,0.1369,4.23,77.47,116.35,-0.0079,0.7263,0.0848
0.7,10,PTO-MDD,"PTO-MDD (LB=252, n1=0.4)",-0.28,0.1506,4.38,77.47,116.35,-0.0036,0.7347,0.0892
0.7,10,PTO-MDD,"PTO-MDD (LB=504, n1=0.1)",5.99,0.3402,4.58,77.47,116.35,0.0773,0.7402,0.0816
0.7,10,PTO-MDD,"PTO-MDD (LB=504, n1=0.2)",2.35,0.237,4.67,77.47,116.35,0.0303,0.8188,0.0885
0.7,10,PTO-MDD,"PTO-MDD (LB=504, n1=0.3)",2.89,0.2529,4.66,77.47,116.35,0.0373,0.8231,0.0952
0.7,10,PTO-MDD,"PTO-MDD (LB=504, n1=0.4)",1.89,0.221,4.51,77.47,116.35,0.0243,0.7292,0.0882
0.7,10,PTO-MVO,PTO-MVO (LB=252),7.46,0.5002,2.57,35.97,39.13,0.2074,0.1859,0.0803
0.7,10,PTO-MVO,PTO-MVO (LB=504),5.78,0.4031,2.63,37.24,40.52,0.1551,0.185,0.0544
0.7,10,DFL-MVO,DFL-MVO (LB=252),6.53,0.388,3.35,40.95,44.25,0.1595,1.0,0.4731
0.7,10,DFL-MVO,DFL-MVO (LB=504),9.02,0.5145,3.12,43.69,48.98,0.2064,1.0,0.2581
0.7,10,Benchmark,EW,11.85,0.6522,3.02,38.73,42.74,0.306,0.1,0.0327
0.7,10,Benchmark,GMV (LB=252),7.81,0.5214,2.56,34.82,37.84,0.2244,0.1792,0.0797
0.7,10,Benchmark,hist-MVO (LB=252),11.14,0.6638,2.77,33.64,36.72,0.3311,0.2261,0.2701
0.7,10,Benchmark,GMV (LB=504),6.34,0.4353,2.61,36.15,39.31,0.1755,0.1838,0.0531
0.7,10,Benchmark,hist-MVO (LB=504),7.54,0.4839,2.76,33.62,36.46,0.2241,0.1979,0.1495
0.7,20,DFL-MDD,"DFL-MDD (LB=252, n1=0.1)",8.06,0.5384,2.49,32.62,35.56,0.2471,0.3341,0.5206
0.7,20,DFL-MDD,"DFL-MDD (LB=252, n1=0.2)",4.56,0.3345,2.73,36.59,39.96,0.1247,0.4796,0.5022
0.7,20,DFL-MDD,"DFL-MDD (LB=252, n1=0.3)",6.14,0.418,2.72,29.49,31.96,0.2082,0.5474,0.4882
0.7,20,DFL-MDD,"DFL-MDD (LB=252, n1=0.4)",8.14,0.5395,2.61,26.26,28.11,0.3101,0.4995,0.7168
0.7,20,DFL-MDD,"DFL-MDD (LB=504, n1=0.1)",9.03,0.5565,2.7,33.57,36.36,0.2689,0.3245,0.6115
0.7,20,DFL-MDD,"DFL-MDD (LB=504, n1=0.2)",9.81,0.6077,2.71,32.58,35.64,0.3012,0.3907,0.7293
0.7,20,DFL-MDD,"DFL-MDD (LB=504, n1=0.3)",7.44,0.485,2.7,32.75,35.35,0.2271,0.4489,0.6999
0.7,20,DFL-MDD,"DFL-MDD (LB=504, n1=0.4)",5.49,0.3687,2.99,35.96,38.69,0.1526,0.5408,0.7623
0.7,20,PTO-MDD,"PTO-MDD (LB=252, n1=0.1)",0.28,0.1646,4.25,77.47,116.35,0.0036,0.7131,0.0758
0.7,20,PTO-MDD,"PTO-MDD (LB=252, n1=0.2)",1.48,0.206,4.43,77.47,116.35,0.0191,0.8026,0.0707
0.7,20,PTO-MDD,"PTO-MDD (LB=252, n1=0.3)",-0.71,0.1337,4.23,77.47,116.35,-0.0092,0.7263,0.0848
0.7,20,PTO-MDD,"PTO-MDD (LB=252, n1=0.4)",-0.38,0.1472,4.38,77.47,116.35,-0.005,0.7347,0.0892
0.7,20,PTO-MDD,"PTO-MDD (LB=504, n1=0.1)",5.88,0.3373,4.58,77.47,116.35,0.0759,0.7402,0.0816
0.7,20,PTO-MDD,"PTO-MDD (LB=504, n1=0.2)",2.24,0.2339,4.67,77.47,116.35,0.0289,0.8188,0.0885
0.7,20,PTO-MDD,"PTO-MDD (LB=504, n1=0.3)",2.78,0.2495,4.66,77.47,116.35,0.0358,0.8231,0.0952
0.7,20,PTO-MDD,"PTO-MDD (LB=504, n1=0.4)",1.78,0.2179,4.51,77.47,116.35,0.023,0.7292,0.0882
0.7,20,PTO-MVO,PTO-MVO (LB=252),7.36,0.4947,2.57,35.98,39.14,0.2045,0.1859,0.0803
0.7,20,PTO-MVO,PTO-MVO (LB=504),5.71,0.3995,2.63,37.25,40.53,0.1532,0.185,0.0544
0.7,20,DFL-MVO,DFL-MVO (LB=252),5.93,0.3637,3.36,40.95,44.25,0.1449,1.0,0.4731
0.7,20,DFL-MVO,DFL-MVO (LB=504),8.68,0.4998,3.12,43.81,49.18,0.1982,1.0,0.2581
0.7,20,Benchmark,EW,11.81,0.6503,3.02,38.73,42.74,0.3049,0.1,0.0327
0.7,20,Benchmark,GMV (LB=252),7.71,0.5159,2.56,34.82,37.85,0.2214,0.1792,0.0797
0.7,20,Benchmark,hist-MVO (LB=252),10.78,0.6465,2.77,33.66,36.75,0.3203,0.2261,0.2701
0.7,20,Benchmark,GMV (LB=504),6.28,0.4318,2.61,36.15,39.31,0.1736,0.1838,0.0531
0.7,20,Benchmark,hist-MVO (LB=504),7.35,0.4744,2.76,33.64,36.47,0.2184,0.1979,0.1495
0.7,40,DFL-MDD,"DFL-MDD (LB=252, n1=0.1)",6.73,0.466,2.5,33.07,36.17,0.2035,0.3341,0.5206
0.7,40,DFL-MDD,"DFL-MDD (LB=252, n1=0.2)",3.32,0.2695,2.74,36.8,40.24,0.0902,0.4796,0.5022
0.7,40,DFL-MDD,"DFL-MDD (LB=252, n1=0.3)",4.91,0.3542,2.72,31.7,33.43,0.155,0.5474,0.4882
0.7,40,DFL-MDD,"DFL-MDD (LB=252, n1=0.4)",6.31,0.4405,2.62,26.46,28.3,0.2385,0.4995,0.7168
0.7,40,DFL-MDD,"DFL-MDD (LB=504, n1=0.1)",7.45,0.4784,2.71,33.64,36.42,0.2215,0.3245,0.6115
0.7,40,DFL-MDD,"DFL-MDD (LB=504, n1=0.2)",7.92,0.5114,2.72,32.71,35.75,0.2421,0.3907,0.7293
0.7,40,DFL-MDD,"DFL-MDD (LB=504, n1=0.3)",5.66,0.3934,2.7,32.83,35.41,0.1725,0.4489,0.6999
0.7,40,DFL-MDD,"DFL-MDD (LB=504, n1=0.4)",3.59,0.277,3.01,35.97,38.69,0.0998,0.5408,0.7623
0.7,40,PTO-MDD,"PTO-MDD (LB=252, n1=0.1)",0.09,0.1588,4.25,77.47,116.35,0.0012,0.7131,0.0758
0.7,40,PTO-MDD,"PTO-MDD (LB=252, n1=0.2)",1.31,0.2008,4.43,77.47,116.35,0.0168,0.8026,0.0707
0.7,40,PTO-MDD,"PTO-MDD (LB=252, n1=0.3)",-0.91,0.1272,4.23,77.47,116.35,-0.0118,0.7263,0.0848
0.7,40,PTO-MDD,"PTO-MDD (LB=252, n1=0.4)",-0.6,0.1406,4.38,77.47,116.35,-0.0077,0.7347,0.0892
0.7,40,PTO-MDD,"PTO-MDD (LB=504, n1=0.1)",5.68,0.3315,4.58,77.47,116.35,0.0733,0.7402,0.0816
0.7,40,PTO-MDD,"PTO-MDD (LB=504, n1=0.2)",2.02,0.2277,4.67,77.47,116.35,0.0261,0.8188,0.0885
0.7,40,PTO-MDD,"PTO-MDD (LB=504, n1=0.3)",2.54,0.2429,4.66,77.47,116.35,0.0328,0.8231,0.0952
0.7,40,PTO-MDD,"PTO-MDD (LB=504, n1=0.4)",1.57,0.2115,4.51,77.47,116.35,0.0202,0.7292,0.0882
0.7,40,PTO-MVO,PTO-MVO (LB=252),7.15,0.4838,2.57,35.99,39.15,0.1987,0.1859,0.0803
0.7,40,PTO-MVO,PTO-MVO (LB=504),5.57,0.3923,2.63,37.26,40.54,0.1495,0.185,0.0544
0.7,40,DFL-MVO,DFL-MVO (LB=252),4.74,0.315,3.36,40.95,44.25,0.1158,1.0,0.4731
0.7,40,DFL-MVO,DFL-MVO (LB=504),8.02,0.4704,3.12,44.03,49.57,0.182,1.0,0.2581
0.7,40,Benchmark,EW,11.72,0.6465,3.02,38.74,42.75,0.3026,0.1,0.0327
0.7,40,Benchmark,GMV (LB=252),7.51,0.5051,2.56,34.84,37.86,0.2154,0.1792,0.0797
0.7,40,Benchmark,hist-MVO (LB=252),10.07,0.6118,2.77,33.71,36.79,0.2989,0.2261,0.2701
0.7,40,Benchmark,GMV (LB=504),6.14,0.4247,2.61,36.17,39.32,0.1699,0.1838,0.0531
0.7,40,Benchmark,hist-MVO (LB=504),6.96,0.4553,2.76,33.66,36.5,0.2069,0.1979,0.1495
1.0,0,DFL-MDD,"DFL-MDD (LB=252, n1=0.1)",5.97,0.3938,2.86,42.34,47.65,0.141,0.305,0.618
1.0,0,DFL-MDD,"DFL-MDD (LB=252, n1=0.2)",13.83,0.786,2.7,31.29,33.67,0.442,0.3355,0.5483
1.0,0,DFL-MDD,"DFL-MDD (LB=252, n1=0.3)",12.45,0.6826,2.96,26.05,28.38,0.4778,0.4881,0.7049
1.0,0,DFL-MDD,"DFL-MDD (LB=252, n1=0.4)",7.28,0.424,3.36,34.53,37.75,0.2109,0.4756,0.7295
1.0,0,DFL-MDD,"DFL-MDD (LB=504, n1=0.1)",8.75,0.5243,2.82,38.51,41.59,0.2272,0.3064,0.4653
1.0,0,DFL-MDD,"DFL-MDD (LB=504, n1=0.2)",7.84,0.4585,3.12,40.12,44.4,0.1954,0.3173,0.6211
1.0,0,DFL-MDD,"DFL-MDD (LB=504, n1=0.3)",10.43,0.5348,3.35,46.1,50.38,0.2263,0.4521,0.7976
1.0,0,DFL-MDD,"DFL-MDD (LB=504, n1=0.4)",8.14,0.4826,3.02,37.02,40.01,0.2198,0.4832,0.8496
1.0,0,PTO-MDD,"PTO-MDD (LB=252, n1=0.1)",0.46,0.1703,4.25,77.47,116.35,0.0059,0.7131,0.0758
1.0,0,PTO-MDD,"PTO-MDD (LB=252, n1=0.2)",1.65,0.2112,4.43,77.47,116.35,0.0213,0.8026,0.0707
1.0,0,PTO-MDD,"PTO-MDD (LB=252, n1=0.3)",-0.51,0.1401,4.23,77.47,116.35,-0.0066,0.7263,0.0848
1.0,0,PTO-MDD,"PTO-MDD (LB=252, n1=0.4)",-0.17,0.1539,4.38,77.47,116.35,-0.0022,0.7347,0.0892
1.0,0,PTO-MDD,"PTO-MDD (LB=504, n1=0.1)",6.09,0.3431,4.58,77.47,116.35,0.0786,0.7402,0.0816
1.0,0,PTO-MDD,"PTO-MDD (LB=504, n1=0.2)",2.45,0.2401,4.67,77.47,116.35,0.0317,0.8188,0.0885
1.0,0,PTO-MDD,"PTO-MDD (LB=504, n1=0.3)",3.01,0.2562,4.66,77.47,116.35,0.0388,0.8231,0.0952
1.0,0,PTO-MDD,"PTO-MDD (LB=504, n1=0.4)",1.99,0.2242,4.51,77.47,116.35,0.0257,0.7292,0.0882
1.0,0,PTO-MVO,PTO-MVO (LB=252),7.56,0.5056,2.57,35.96,39.12,0.2103,0.1859,0.0803
1.0,0,PTO-MVO,PTO-MVO (LB=504),5.84,0.4067,2.63,37.24,40.52,0.1569,0.185,0.0544
1.0,0,DFL-MVO,DFL-MVO (LB=252),-0.09,0.1417,4.65,60.19,73.29,-0.0015,1.0,0.5376
1.0,0,DFL-MVO,DFL-MVO (LB=504),12.95,0.5665,4.25,43.92,48.48,0.2949,1.0,0.5376
1.0,0,Benchmark,EW,11.9,0.6541,3.02,38.73,42.74,0.3072,0.1,0.0327
1.0,0,Benchmark,GMV (LB=252),7.91,0.5268,2.56,34.81,37.83,0.2274,0.1792,0.0797
1.0,0,Benchmark,hist-MVO (LB=252),11.5,0.6811,2.77,33.62,36.7,0.342,0.2261,0.2701
1.0,0,Benchmark,GMV (LB=504),6.41,0.4388,2.61,36.14,39.3,0.1774,0.1838,0.0531
1.0,0,Benchmark,hist-MVO (LB=504),7.73,0.4935,2.76,33.61,36.44,0.2299,0.1979,0.1495
1.0,5,DFL-MDD,"DFL-MDD (LB=252, n1=0.1)",5.58,0.3751,2.87,42.39,47.72,0.1317,0.305,0.618
1.0,5,DFL-MDD,"DFL-MDD (LB=252, n1=0.2)",13.46,0.7686,2.7,31.33,33.71,0.4295,0.3355,0.5483
1.0,5,DFL-MDD,"DFL-MDD (LB=252, n1=0.3)",11.98,0.6619,2.96,26.06,28.39,0.4597,0.4881,0.7049
1.0,5,DFL-MDD,"DFL-MDD (LB=252, n1=0.4)",6.82,0.4048,3.36,34.55,37.76,0.1974,0.4756,0.7295
1.0,5,DFL-MDD,"DFL-MDD (LB=504, n1=0.1)",8.45,0.5103,2.82,38.52,41.6,0.2193,0.3064,0.4653
1.0,5,DFL-MDD,"DFL-MDD (LB=504, n1=0.2)",7.44,0.4413,3.12,40.12,44.4,0.1855,0.3173,0.6211
1.0,5,DFL-MDD,"DFL-MDD (LB=504, n1=0.3)",9.91,0.515,3.35,46.14,50.42,0.2148,0.4521,0.7976
1.0,5,DFL-MDD,"DFL-MDD (LB=504, n1=0.4)",7.59,0.4582,3.02,37.08,40.06,0.2048,0.4832,0.8496
1.0,5,PTO-MDD,"PTO-MDD (LB=252, n1=0.1)",0.41,0.1689,4.25,77.47,116.35,0.0053,0.7131,0.0758
1.0,5,PTO-MDD,"PTO-MDD (LB=252, n1=0.2)",1.6,0.2099,4.43,77.47,116.35,0.0207,0.8026,0.0707
1.0,5,PTO-MDD,"PTO-MDD (LB=252, n1=0.3)",-0.56,0.1385,4.23,77.47,116.35,-0.0073,0.7263,0.0848
1.0,5,PTO-MDD,"PTO-MDD (LB=252, n1=0.4)",-0.23,0.1522,4.38,77.47,116.35,-0.0029,0.7347,0.0892
1.0,5,PTO-MDD,"PTO-MDD (LB=504, n1=0.1)",6.04,0.3416,4.58,77.47,116.35,0.0779,0.7402,0.0816
1.0,5,PTO-MDD,"PTO-MDD (LB=504, n1=0.2)",2.4,0.2385,4.67,77.47,116.35,0.031,0.8188,0.0885
1.0,5,PTO-MDD,"PTO-MDD (LB=504, n1=0.3)",2.95,0.2545,4.66,77.47,116.35,0.0381,0.8231,0.0952
1.0,5,PTO-MDD,"PTO-MDD (LB=504, n1=0.4)",1.94,0.2226,4.51,77.47,116.35,0.025,0.7292,0.0882
1.0,5,PTO-MVO,PTO-MVO (LB=252),7.51,0.5029,2.57,35.97,39.13,0.2088,0.1859,0.0803
1.0,5,PTO-MVO,PTO-MVO (LB=504),5.81,0.4049,2.63,37.24,40.52,0.156,0.185,0.0544
1.0,5,DFL-MVO,DFL-MVO (LB=252),-0.41,0.1306,4.66,60.39,73.76,-0.0068,1.0,0.5376
1.0,5,DFL-MVO,DFL-MVO (LB=504),12.59,0.5554,4.25,44.03,48.58,0.2859,1.0,0.5376
1.0,5,Benchmark,EW,11.87,0.6531,3.02,38.73,42.74,0.3066,0.1,0.0327
1.0,5,Benchmark,GMV (LB=252),7.86,0.5241,2.56,34.81,37.83,0.2259,0.1792,0.0797
1.0,5,Benchmark,hist-MVO (LB=252),11.32,0.6724,2.77,33.63,36.71,0.3366,0.2261,0.2701
1.0,5,Benchmark,GMV (LB=504),6.38,0.4371,2.61,36.15,39.3,0.1765,0.1838,0.0531
1.0,5,Benchmark,hist-MVO (LB=504),7.63,0.4887,2.76,33.62,36.45,0.227,0.1979,0.1495
1.0,10,DFL-MDD,"DFL-MDD (LB=252, n1=0.1)",5.19,0.3564,2.87,42.43,47.78,0.1224,0.305,0.618
1.0,10,DFL-MDD,"DFL-MDD (LB=252, n1=0.2)",13.09,0.7512,2.7,31.38,33.76,0.4171,0.3355,0.5483
1.0,10,DFL-MDD,"DFL-MDD (LB=252, n1=0.3)",11.51,0.6411,2.96,26.07,28.39,0.4416,0.4881,0.7049
1.0,10,DFL-MDD,"DFL-MDD (LB=252, n1=0.4)",6.36,0.3855,3.36,34.57,37.78,0.1839,0.4756,0.7295
1.0,10,DFL-MDD,"DFL-MDD (LB=504, n1=0.1)",8.15,0.4963,2.82,38.53,41.6,0.2115,0.3064,0.4653
1.0,10,DFL-MDD,"DFL-MDD (LB=504, n1=0.2)",7.05,0.4242,3.12,40.12,44.4,0.1757,0.3173,0.6211
1.0,10,DFL-MDD,"DFL-MDD (LB=504, n1=0.3)",9.39,0.4952,3.35,46.18,50.46,0.2034,0.4521,0.7976
1.0,10,DFL-MDD,"DFL-MDD (LB=504, n1=0.4)",7.05,0.4337,3.02,37.14,40.12,0.1899,0.4832,0.8496
1.0,10,PTO-MDD,"PTO-MDD (LB=252, n1=0.1)",0.37,0.1674,4.25,77.47,116.35,0.0047,0.7131,0.0758
1.0,10,PTO-MDD,"PTO-MDD (LB=252, n1=0.2)",1.56,0.2086,4.43,77.47,116.35,0.0202,0.8026,0.0707
1.0,10,PTO-MDD,"PTO-MDD (LB=252, n1=0.3)",-0.61,0.1369,4.23,77.47,116.35,-0.0079,0.7263,0.0848
1.0,10,PTO-MDD,"PTO-MDD (LB=252, n1=0.4)",-0.28,0.1506,4.38,77.47,116.35,-0.0036,0.7347,0.0892
1.0,10,PTO-MDD,"PTO-MDD (LB=504, n1=0.1)",5.99,0.3402,4.58,77.47,116.35,0.0773,0.7402,0.0816
1.0,10,PTO-MDD,"PTO-MDD (LB=504, n1=0.2)",2.35,0.237,4.67,77.47,116.35,0.0303,0.8188,0.0885
1.0,10,PTO-MDD,"PTO-MDD (LB=504, n1=0.3)",2.89,0.2529,4.66,77.47,116.35,0.0373,0.8231,0.0952
1.0,10,PTO-MDD,"PTO-MDD (LB=504, n1=0.4)",1.89,0.221,4.51,77.47,116.35,0.0243,0.7292,0.0882
1.0,10,PTO-MVO,PTO-MVO (LB=252),7.46,0.5002,2.57,35.97,39.13,0.2074,0.1859,0.0803
1.0,10,PTO-MVO,PTO-MVO (LB=504),5.78,0.4031,2.63,37.24,40.52,0.1551,0.185,0.0544
1.0,10,DFL-MVO,DFL-MVO (LB=252),-0.73,0.1195,4.66,60.58,74.23,-0.012,1.0,0.5376
1.0,10,DFL-MVO,DFL-MVO (LB=504),12.23,0.5444,4.25,44.14,48.67,0.2771,1.0,0.5376
1.0,10,Benchmark,EW,11.85,0.6522,3.02,38.73,42.74,0.306,0.1,0.0327
1.0,10,Benchmark,GMV (LB=252),7.81,0.5214,2.56,34.82,37.84,0.2244,0.1792,0.0797
1.0,10,Benchmark,hist-MVO (LB=252),11.14,0.6638,2.77,33.64,36.72,0.3311,0.2261,0.2701
1.0,10,Benchmark,GMV (LB=504),6.34,0.4353,2.61,36.15,39.31,0.1755,0.1838,0.0531
1.0,10,Benchmark,hist-MVO (LB=504),7.54,0.4839,2.76,33.62,36.46,0.2241,0.1979,0.1495
1.0,20,DFL-MDD,"DFL-MDD (LB=252, n1=0.1)",4.42,0.3189,2.87,42.51,47.91,0.1041,0.305,0.618
1.0,20,DFL-MDD,"DFL-MDD (LB=252, n1=0.2)",12.35,0.7163,2.71,31.47,33.85,0.3926,0.3355,0.5483
1.0,20,DFL-MDD,"DFL-MDD (LB=252, n1=0.3)",10.58,0.5995,2.96,26.08,28.4,0.4057,0.4881,0.7049
1.0,20,DFL-MDD,"DFL-MDD (LB=252, n1=0.4)",5.44,0.3471,3.37,34.61,37.81,0.1571,0.4756,0.7295
1.0,20,DFL-MDD,"DFL-MDD (LB=504, n1=0.1)",7.55,0.4683,2.82,38.55,41.62,0.196,0.3064,0.4653
1.0,20,DFL-MDD,"DFL-MDD (LB=504, n1=0.2)",6.26,0.3898,3.13,40.12,44.4,0.1561,0.3173,0.6211
1.0,20,DFL-MDD,"DFL-MDD (LB=504, n1=0.3)",8.36,0.4555,3.35,46.26,50.55,0.1807,0.4521,0.7976
1.0,20,DFL-MDD,"DFL-MDD (LB=504, n1=0.4)",5.97,0.3847,3.03,37.25,40.24,0.1604,0.4832,0.8496
1.0,20,PTO-MDD,"PTO-MDD (LB=252, n1=0.1)",0.28,0.1646,4.25,77.47,116.35,0.0036,0.7131,0.0758
1.0,20,PTO-MDD,"PTO-MDD (LB=252, n1=0.2)",1.48,0.206,4.43,77.47,116.35,0.0191,0.8026,0.0707
1.0,20,PTO-MDD,"PTO-MDD (LB=252, n1=0.3)",-0.71,0.1337,4.23,77.47,116.35,-0.0092,0.7263,0.0848
1.0,20,PTO-MDD,"PTO-MDD (LB=252, n1=0.4)",-0.38,0.1472,4.38,77.47,116.35,-0.005,0.7347,0.0892
1.0,20,PTO-MDD,"PTO-MDD (LB=504, n1=0.1)",5.88,0.3373,4.58,77.47,116.35,0.0759,0.7402,0.0816
1.0,20,PTO-MDD,"PTO-MDD (LB=504, n1=0.2)",2.24,0.2339,4.67,77.47,116.35,0.0289,0.8188,0.0885
1.0,20,PTO-MDD,"PTO-MDD (LB=504, n1=0.3)",2.78,0.2495,4.66,77.47,116.35,0.0358,0.8231,0.0952
1.0,20,PTO-MDD,"PTO-MDD (LB=504, n1=0.4)",1.78,0.2179,4.51,77.47,116.35,0.023,0.7292,0.0882
1.0,20,PTO-MVO,PTO-MVO (LB=252),7.36,0.4947,2.57,35.98,39.14,0.2045,0.1859,0.0803
1.0,20,PTO-MVO,PTO-MVO (LB=504),5.71,0.3995,2.63,37.25,40.53,0.1532,0.185,0.0544
1.0,20,DFL-MVO,DFL-MVO (LB=252),-1.36,0.0974,4.66,60.98,75.17,-0.0223,1.0,0.5376
1.0,20,DFL-MVO,DFL-MVO (LB=504),11.51,0.5222,4.25,44.37,48.87,0.2595,1.0,0.5376
1.0,20,Benchmark,EW,11.81,0.6503,3.02,38.73,42.74,0.3049,0.1,0.0327
1.0,20,Benchmark,GMV (LB=252),7.71,0.5159,2.56,34.82,37.85,0.2214,0.1792,0.0797
1.0,20,Benchmark,hist-MVO (LB=252),10.78,0.6465,2.77,33.66,36.75,0.3203,0.2261,0.2701
1.0,20,Benchmark,GMV (LB=504),6.28,0.4318,2.61,36.15,39.31,0.1736,0.1838,0.0531
1.0,20,Benchmark,hist-MVO (LB=504),7.35,0.4744,2.76,33.64,36.47,0.2184,0.1979,0.1495
1.0,40,DFL-MDD,"DFL-MDD (LB=252, n1=0.1)",2.9,0.2439,2.87,42.68,48.16,0.0679,0.305,0.618
1.0,40,DFL-MDD,"DFL-MDD (LB=252, n1=0.2)",10.9,0.6463,2.71,31.96,34.46,0.341,0.3355,0.5483
1.0,40,DFL-MDD,"DFL-MDD (LB=252, n1=0.3)",8.74,0.5159,2.97,26.1,28.43,0.3348,0.4881,0.7049
1.0,40,DFL-MDD,"DFL-MDD (LB=252, n1=0.4)",3.62,0.2701,3.38,36.52,39.01,0.0992,0.4756,0.7295
1.0,40,DFL-MDD,"DFL-MDD (LB=504, n1=0.1)",6.37,0.4121,2.83,38.58,41.64,0.1651,0.3064,0.4653
1.0,40,DFL-MDD,"DFL-MDD (LB=504, n1=0.2)",4.7,0.321,3.14,40.12,44.4,0.1172,0.3173,0.6211
1.0,40,DFL-MDD,"DFL-MDD (LB=504, n1=0.3)",6.32,0.3759,3.36,48.02,51.57,0.1316,0.4521,0.7976
1.0,40,DFL-MDD,"DFL-MDD (LB=504, n1=0.4)",3.85,0.2864,3.04,37.48,40.47,0.1027,0.4832,0.8496
1.0,40,PTO-MDD,"PTO-MDD (LB=252, n1=0.1)",0.09,0.1588,4.25,77.47,116.35,0.0012,0.7131,0.0758
1.0,40,PTO-MDD,"PTO-MDD (LB=252, n1=0.2)",1.31,0.2008,4.43,77.47,116.35,0.0168,0.8026,0.0707
1.0,40,PTO-MDD,"PTO-MDD (LB=252, n1=0.3)",-0.91,0.1272,4.23,77.47,116.35,-0.0118,0.7263,0.0848
1.0,40,PTO-MDD,"PTO-MDD (LB=252, n1=0.4)",-0.6,0.1406,4.38,77.47,116.35,-0.0077,0.7347,0.0892
1.0,40,PTO-MDD,"PTO-MDD (LB=504, n1=0.1)",5.68,0.3315,4.58,77.47,116.35,0.0733,0.7402,0.0816
1.0,40,PTO-MDD,"PTO-MDD (LB=504, n1=0.2)",2.02,0.2277,4.67,77.47,116.35,0.0261,0.8188,0.0885
1.0,40,PTO-MDD,"PTO-MDD (LB=504, n1=0.3)",2.54,0.2429,4.66,77.47,116.35,0.0328,0.8231,0.0952
1.0,40,PTO-MDD,"PTO-MDD (LB=504, n1=0.4)",1.57,0.2115,4.51,77.47,116.35,0.0202,0.7292,0.0882
1.0,40,PTO-MVO,PTO-MVO (LB=252),7.15,0.4838,2.57,35.99,39.15,0.1987,0.1859,0.0803
1.0,40,PTO-MVO,PTO-MVO (LB=504),5.57,0.3923,2.63,37.26,40.54,0.1495,0.185,0.0544
1.0,40,DFL-MVO,DFL-MVO (LB=252),-2.62,0.053,4.66,61.98,77.05,-0.0422,1.0,0.5376
1.0,40,DFL-MVO,DFL-MVO (LB=504),10.09,0.4775,4.26,44.81,49.26,0.2252,1.0,0.5376
1.0,40,Benchmark,EW,11.72,0.6465,3.02,38.74,42.75,0.3026,0.1,0.0327
1.0,40,Benchmark,GMV (LB=252),7.51,0.5051,2.56,34.84,37.86,0.2154,0.1792,0.0797
1.0,40,Benchmark,hist-MVO (LB=252),10.07,0.6118,2.77,33.71,36.79,0.2989,0.2261,0.2701
1.0,40,Benchmark,GMV (LB=504),6.14,0.4247,2.61,36.17,39.32,0.1699,0.1838,0.0531
1.0,40,Benchmark,hist-MVO (LB=504),6.96,0.4553,2.76,33.66,36.5,0.2069,0.1979,0.1495
