λ,LB,n1,tc_bps,label,Ann.Ret,Sharpe,CVaR(5%),MDD,MDD_abs,Calmar,HHI,Turnover
0.3,252,0.1,0,"DFL-MDD (LB=252, n1=0.1)",0.05601491026878791,0.3878943988962944,0.026925724142378718,0.3182720664344537,0.3424991347174338,0.17599694148064407,0.2863348301509092,0.7949191770266691
0.3,252,0.1,5,"DFL-MDD (LB=252, n1=0.1)",0.05104239667801447,0.3623006015380387,0.026937827872584,0.3184430082736806,0.3426611691854047,0.16028738372587592,0.2863348301509092,0.7949191770266691
0.3,252,0.1,10,"DFL-MDD (LB=252, n1=0.1)",0.046090996990968414,0.3366835194415882,0.026954467419379145,0.31861395011290305,0.3428232036533756,0.1446609508471605,0.2863348301509092,0.7949191770266691
0.3,252,0.1,20,"DFL-MDD (LB=252, n1=0.1)",0.036251218974029165,0.28539860775041526,0.026997186026632623,0.3189558337913342,0.34314727258931743,0.11365592073283624,0.2863348301509092,0.7949191770266691
0.3,252,0.1,40,"DFL-MDD (LB=252, n1=0.1)",0.01682152091968847,0.18275979578389928,0.02708262324112864,0.32160002846454516,0.34610629190899467,0.052305719606963244,0.2863348301509092,0.7949191770266691
0.3,252,0.2,0,"DFL-MDD (LB=252, n1=0.2)",0.08386548134204252,0.5067487554562159,0.02748837578414672,0.397605686111655,0.4267952406270452,0.21092626250168597,0.4073726559397816,0.8079632149289734
0.3,252,0.2,5,"DFL-MDD (LB=252, n1=0.2)",0.07867822616777254,0.48247082688243137,0.027507018791526002,0.39797626928577395,0.42714789818823073,0.1976957728891786,0.4073726559397816,0.8079632149289734
0.3,252,0.2,10,"DFL-MDD (LB=252, n1=0.2)",0.07351329020601094,0.4581596504949909,0.027525661798904668,0.39834685245989016,0.4275005557494165,0.1845459295927497,0.4073726559397816,0.8079632149289734
0.3,252,0.2,20,"DFL-MDD (LB=252, n1=0.2)",0.06325003373902138,0.4094543632779914,0.02756294781366015,0.3990880188081132,0.4282058708717882,0.15848642590692305,0.4073726559397816,0.8079632149289734
0.3,252,0.2,40,"DFL-MDD (LB=252, n1=0.2)",0.042987603541558395,0.3118304300042547,0.027643961923981972,0.4005703515045213,0.42961650111653105,0.10731598923726532,0.4073726559397816,0.8079632149289734
0.3,252,0.3,0,"DFL-MDD (LB=252, n1=0.3)",0.08021003022522155,0.4850444490211972,0.0281189902381602,0.39088963393838294,0.4198747817477526,0.20519866284646837,0.5837814273994999,0.7353064088919029
0.3,252,0.3,5,"DFL-MDD (LB=252, n1=0.3)",0.07550397526312702,0.4632281556808587,0.028139235774590047,0.39115922740414905,0.42012561439762586,0.19302618973069258,0.5837814273994999,0.7353064088919029
0.3,252,0.3,10,"DFL-MDD (LB=252, n1=0.3)",0.07081579736259225,0.4413914379299066,0.028166160161021192,0.3914288208699136,0.42037644704749944,0.18091615529770957,0.5837814273994999,0.7353064088919029
0.3,252,0.3,20,"DFL-MDD (LB=252, n1=0.3)",0.0614928383148694,0.39767222608648206,0.02822122141163597,0.3934147831178569,0.4237789425491667,0.15630535744463167,0.5837814273994999,0.7353064088919029
0.3,252,0.3,40,"DFL-MDD (LB=252, n1=0.3)",0.043058875386792206,0.31015919427182714,0.028363077617222177,0.39816713210337096,0.430909283160019,0.10814271672429034,0.5837814273994999,0.7353064088919029
0.3,252,0.4,0,"DFL-MDD (LB=252, n1=0.4)",0.07023892007395882,0.45485152368539605,0.028304724280901156,0.35822278310120376,0.3902976839209421,0.196076082727847,0.6910498128287298,0.7159064785216068
0.3,252,0.4,5,"DFL-MDD (LB=252, n1=0.4)",0.06569876271851971,0.4323054782194164,0.028320962959562913,0.35914629147280674,0.39150830980599105,0.18293036642757912,0.6910498128287298,0.7159064785216068
0.3,252,0.4,10,"DFL-MDD (LB=252, n1=0.4)",0.06117473944253771,0.4097233763394116,0.02833720163822375,0.3600692358180653,0.39271893569103955,0.16989715682474515,0.6910498128287298,0.7159064785216068
0.3,252,0.4,20,"DFL-MDD (LB=252, n1=0.4)",0.05217490768379918,0.36447297861167016,0.02838481951958578,0.36191343242955065,0.3951401874611369,0.1441640541472277,0.6910498128287298,0.7159064785216068
0.3,252,0.4,40,"DFL-MDD (LB=252, n1=0.4)",0.03436679726727365,0.2737819989148988,0.02850161040582176,0.36559505733638903,0.3999826910013319,0.09400235743956477,0.6910498128287298,0.7159064785216068
0.3,504,0.1,0,"DFL-MDD (LB=504, n1=0.1)",0.06003147300138445,0.400807857735719,0.02737380664601793,0.4047067474178941,0.4407381700458092,0.14833326444286715,0.2894090539855398,0.7366451190726383
0.3,504,0.1,5,"DFL-MDD (LB=504, n1=0.1)",0.05540520166898211,0.37794633892084756,0.02738816497763075,0.40502182715926605,0.4410627207208948,0.1367955945582055,0.2894090539855398,0.7366451190726383
0.3,504,0.1,10,"DFL-MDD (LB=504, n1=0.1)",0.05079706435778841,0.3550604867747926,0.027402523309242935,0.4053369069006337,0.44138727139598033,0.1253205999267888,0.2894090539855398,0.7366451190726383
0.3,504,0.1,20,"DFL-MDD (LB=504, n1=0.1)",0.04163493882919078,0.3092299231105255,0.027431239972465285,0.405967066383357,0.4420363727461516,0.1025574295714395,0.2894090539855398,0.7366451190726383
0.3,504,0.1,40,"DFL-MDD (LB=504, n1=0.1)",0.023525524219204064,0.21743279421770467,0.027488673298901707,0.40722738534875247,0.44333457544649413,0.05776999548613273,0.2894090539855398,0.7366451190726383
0.3,504,0.2,0,"DFL-MDD (LB=504, n1=0.2)",0.07991554897943742,0.5015767916101452,0.026935156952990702,0.3208253203897423,0.34570347407744395,0.24909364652841529,0.4071894100666989,0.855311973091994
0.3,504,0.2,5,"DFL-MDD (LB=504, n1=0.2)",0.07444502166292954,0.4747093497582255,0.026955207154322158,0.3211078445226277,0.34600075055184,0.23183806596322432,0.4071894100666989,0.855311973091994
0.3,504,0.2,10,"DFL-MDD (LB=504, n1=0.2)",0.06899943366521089,0.4478037403515953,0.026975257355652833,0.32139036865550935,0.3462980270262359,0.21469042128546387,0.4071894100666989,0.855311973091994
0.3,504,0.2,20,"DFL-MDD (LB=504, n1=0.2)",0.058182670323751795,0.39390059969673435,0.027015357758311632,0.32195541692126206,0.3468925799750281,0.18071654411675697,0.4071894100666989,0.855311973091994
0.3,504,0.2,40,"DFL-MDD (LB=504, n1=0.2)",0.03684397745186763,0.28588555222506,0.02709555856361854,0.32308551345272324,0.34808168587261257,0.11403785037194242,0.4071894100666989,0.855311973091994
0.3,504,0.3,0,"DFL-MDD (LB=504, n1=0.3)",0.013643107118751496,0.16553785405853674,0.02697779692818712,0.3604743510780896,0.3877867435083266,0.03784765011481003,0.5233854190340463,0.839840009827552
0.3,504,0.3,5,"DFL-MDD (LB=504, n1=0.3)",0.008600639985979042,0.13795586549131178,0.026982547806762857,0.36890465714066956,0.400720981957581,0.02331399134483703,0.5233854190340463,0.839840009827552
0.3,504,0.3,10,"DFL-MDD (LB=504, n1=0.3)",0.003580083785843513,0.11034942203464568,0.02699427241507133,0.3772289538854423,0.4136552204068348,0.009490479847900732,0.5233854190340463,0.839840009827552
0.3,504,0.3,20,"DFL-MDD (LB=504, n1=0.3)",-0.006395624174666992,0.055094283772476854,0.02702210999065004,0.39356458361285135,0.4395236973053416,-0.016250507386440297,0.5233854190340463,0.839840009827552
0.3,504,0.3,40,"DFL-MDD (LB=504, n1=0.3)",-0.026087706219757867,-0.05536673146165418,0.027119184528022314,0.4250186363407644,0.4912606511023567,-0.06138014661715606,0.5233854190340463,0.839840009827552
0.3,504,0.4,0,"DFL-MDD (LB=504, n1=0.4)",0.07879978661143494,0.5220377466665584,0.026232704630977745,0.30282363421756386,0.3248136932056349,0.2602167654087379,0.5593250544779478,0.9944864643545279
0.3,504,0.4,5,"DFL-MDD (LB=504, n1=0.4)",0.07244780387954664,0.4882203516648762,0.026259431251905434,0.3032813577328458,0.3252692595491544,0.23887984542550222,0.5593250544779478,0.9944864643545279
0.3,504,0.4,10,"DFL-MDD (LB=504, n1=0.4)",0.06612901543198424,0.4543410631590124,0.026286157872831915,0.30373908124812266,0.32572482589267426,0.21771651885715748,0.5593250544779478,0.9944864643545279
0.3,504,0.4,20,"DFL-MDD (LB=504, n1=0.4)",0.053590412565573065,0.38644776857726865,0.026349844477803752,0.30465452827866024,0.3266359585797136,0.17590551780331537,0.5593250544779478,0.9944864643545279
0.3,504,0.4,40,"DFL-MDD (LB=504, n1=0.4)",0.02890487502832184,0.2504803193329189,0.026503837245440965,0.30648542233966963,0.32845822395379265,0.09431076622905823,0.5593250544779478,0.9944864643545279
0.3,1260,0.1,0,"DFL-MDD (LB=1260, n1=0.1)",0.06777273088192981,0.45976746651867534,0.026026114888387044,0.32616909943802097,0.35285364217400017,0.2077840328158666,0.2548189999935503,0.7974475009025138
0.3,1260,0.1,5,"DFL-MDD (LB=1260, n1=0.1)",0.06272888596831572,0.43297857962950964,0.026047252183777268,0.326406486893782,0.3530669759537378,0.19218026745133499,0.2548189999935503,0.7974475009025138
0.3,1260,0.1,10,"DFL-MDD (LB=1260, n1=0.1)",0.05770650781308184,0.40615704147026016,0.02606909807763616,0.3266438743495385,0.3532803097334756,0.17666490121796732,0.2548189999935503,0.7974475009025138
0.3,1260,0.1,20,"DFL-MDD (LB=1260, n1=0.1)",0.04772582546737203,0.35243811856999097,0.02611278986535163,0.3274987647841922,0.3541472052201795,0.14572826094244506,0.2548189999935503,0.7974475009025138
0.3,1260,0.1,40,"DFL-MDD (LB=1260, n1=0.1)",0.028018487796333647,0.24485222928011302,0.026200173440772904,0.33197227422562464,0.36023417299352123,0.0844000838722179,0.2548189999935503,0.7974475009025138
0.3,1260,0.2,0,"DFL-MDD (LB=1260, n1=0.2)",0.08357885108643281,0.5111353952578278,0.027623688427340427,0.3567588702194471,0.3862598557360587,0.23427266436737815,0.41661816380046773,0.7773135004873775
0.3,1260,0.2,5,"DFL-MDD (LB=1260, n1=0.2)",0.07858921840401778,0.48730653733239093,0.027637063413829245,0.35697864701055604,0.3864682175099293,0.2201510343549449,0.41661816380046773,0.7773135004873775
0.3,1260,0.2,10,"DFL-MDD (LB=1260, n1=0.2)",0.07362011086914766,0.4634526071019196,0.027650438400317362,0.35719842380166095,0.38667657928379984,0.20610424330823965,0.41661816380046773,0.7773135004873775
0.3,1260,0.2,20,"DFL-MDD (LB=1260, n1=0.2)",0.06374317244468064,0.4156863170423125,0.027677188373291573,0.3576379773838596,0.3870933028315411,0.17823379075438767,0.41661816380046773,0.7773135004873775
0.3,1260,0.2,40,"DFL-MDD (LB=1260, n1=0.2)",0.044232323910335936,0.3200377545998912,0.027730688319231055,0.35851708454820946,0.3879267499270235,0.12337577706718876,0.41661816380046773,0.7773135004873775
0.3,1260,0.3,0,"DFL-MDD (LB=1260, n1=0.3)",0.054188787258001136,0.3862427500389824,0.02604589959840628,0.32556105069885166,0.3484266375391518,0.1664473902054142,0.49061697274361005,0.7230226342359446
0.3,1260,0.3,5,"DFL-MDD (LB=1260, n1=0.3)",0.04967270599405227,0.36206297282137057,0.026066476946726636,0.32593998250972056,0.34880165189168844,0.1523983206857141,0.49061697274361005,0.7230226342359446
0.3,1260,0.3,10,"DFL-MDD (LB=1260, n1=0.3)",0.045173551307657656,0.33785745978825266,0.026087054295046434,0.32660150853800324,0.34930515109691374,0.13831397012230848,0.49061697274361005,0.7230226342359446
0.3,1260,0.3,20,"DFL-MDD (LB=1260, n1=0.3)",0.036225801996300655,0.28938992225881977,0.0261282089916843,0.32796224061616114,0.3509357433214443,0.11045723409254515,0.49061697274361005,0.7230226342359446
0.3,1260,0.3,40,"DFL-MDD (LB=1260, n1=0.3)",0.018531014444732596,0.1923739757586074,0.026229276670843193,0.33067962882749885,0.3541969277705065,0.05603917757145996,0.49061697274361005,0.7230226342359446
0.3,1260,0.4,0,"DFL-MDD (LB=1260, n1=0.4)",0.13706467198838723,0.7707313737904518,0.026513598635110845,0.27704503303997113,0.2954048758270953,0.4947378786579372,0.5609512149738751,0.8570683244356601
0.3,1260,0.4,5,"DFL-MDD (LB=1260, n1=0.4)",0.1312925734243613,0.7438972531169978,0.02652788593708231,0.27711987870170834,0.29548287375155613,0.473775371121272,0.5609512149738751,0.8570683244356601
0.3,1260,0.4,10,"DFL-MDD (LB=1260, n1=0.4)",0.1255463061140374,0.7170067164062081,0.02654820675965219,0.277194724363442,0.2955608716760171,0.45291737191987985,0.5609512149738751,0.8570683244356601
0.3,1260,0.4,20,"DFL-MDD (LB=1260, n1=0.4)",0.11413086253746219,0.6630831959320085,0.02659670094441565,0.2773444156868997,0.2957168675249393,0.4115131080380423,0.5609512149738751,0.8570683244356601
0.3,1260,0.4,40,"DFL-MDD (LB=1260, n1=0.4)",0.09160553940775062,0.554855178038938,0.02672234460876601,0.27764379833377323,0.2960288592227831,0.3299390799452754,0.5609512149738751,0.8570683244356601
0.5,252,0.1,0,"DFL-MDD (LB=252, n1=0.1)",0.05635051584809836,0.4009243567604999,0.02582437450982455,0.304238349929774,0.32744378055509704,0.18521831926377352,0.27913003668942,0.659538873634933
0.5,252,0.1,5,"DFL-MDD (LB=252, n1=0.1)",0.052221962283615087,0.37857571751904007,0.02584124647836913,0.30448950665518376,0.32769549242763685,0.17150660737088286,0.27913003668942,0.659538873634933
0.5,252,0.1,10,"DFL-MDD (LB=252, n1=0.1)",0.04810778193608134,0.35620197585308544,0.02585811844691322,0.3047406633805906,0.3279472043001769,0.1578646623217889,0.27913003668942,0.659538873634933
0.5,252,0.1,20,"DFL-MDD (LB=252, n1=0.1)",0.03992236471427746,0.311393386815846,0.025891862383999847,0.30524297683139495,0.3284506280452568,0.13078880672576532,0.27913003668942,0.659538873634933
0.5,252,0.1,40,"DFL-MDD (LB=252, n1=0.1)",0.023722077476729053,0.2216316853776129,0.025970006603310943,0.30624760373296517,0.3294574755354166,0.07746045088949544,0.27913003668942,0.659538873634933
0.5,252,0.2,0,"DFL-MDD (LB=252, n1=0.2)",0.109428290214314,0.6701950291781978,0.026668562841761098,0.2742314571202715,0.2943213243199526,0.3990362423170791,0.39028889856585636,0.8398858083367763
0.5,252,0.2,5,"DFL-MDD (LB=252, n1=0.2)",0.10390937054391647,0.6422759784661803,0.026691530572363047,0.27445329933587165,0.29455124194309257,0.3786049238886843,0.39028889856585636,0.8398858083367763
0.5,252,0.2,10,"DFL-MDD (LB=252, n1=0.2)",0.09841511055767316,0.6143135941304104,0.0267177999143304,0.27467514155146683,0.2947811595662323,0.3582963859268755,0.39028889856585636,0.8398858083367763
0.5,252,0.2,20,"DFL-MDD (LB=252, n1=0.2)",0.08750017751618078,0.5582845641005579,0.02678037876673801,0.2751188259826429,0.29524099481251165,0.31804503807346357,0.39028889856585636,0.8398858083367763
0.5,252,0.2,40,"DFL-MDD (LB=252, n1=0.2)",0.06596193350582569,0.44599025447762064,0.026910320789768495,0.2760061948449357,0.2961606653050708,0.238987148527537,0.39028889856585636,0.8398858083367763
0.5,252,0.3,0,"DFL-MDD (LB=252, n1=0.3)",0.04270516514314826,0.31187600093086415,0.027878462208223983,0.3284623611264829,0.35872305145277433,0.13001539958394803,0.5003396592286183,0.7063964668632834
0.5,252,0.3,5,"DFL-MDD (LB=252, n1=0.3)",0.0383407104878295,0.2904230965044747,0.027893686292050197,0.32869687306533896,0.35890275602191113,0.11664458538534257,0.5003396592286183,0.7063964668632834
0.5,252,0.3,10,"DFL-MDD (LB=252, n1=0.3)",0.0339920434762222,0.26895193032628323,0.027908910375875846,0.3289313850041925,0.3590824605910482,0.10334083342474255,0.5003396592286183,0.7063964668632834
0.5,252,0.3,20,"DFL-MDD (LB=252, n1=0.3)",0.025341877109699595,0.22597051858568581,0.02793935854352532,0.3294004088818907,0.359441869729322,0.07693335047162253,0.5003396592286183,0.7063964668632834
0.5,252,0.3,40,"DFL-MDD (LB=252, n1=0.3)",0.008228855212513375,0.13996149463309343,0.02802742080277042,0.34815470080312877,0.36016068800587,0.023635628619022978,0.5003396592286183,0.7063964668632834
0.5,252,0.4,0,"DFL-MDD (LB=252, n1=0.4)",0.05376101458005578,0.36141931188015053,0.028797010554588918,0.3468388670759023,0.3741939406249559,0.15500285483515439,0.6591824018850652,0.8006265114397032
0.5,252,0.4,5,"DFL-MDD (LB=252, n1=0.4)",0.04876304410433829,0.33770245658699716,0.028808389966004242,0.34704687008629087,0.37441387957777905,0.1405085257739476,0.6591824018850652,0.8006265114397032
0.5,252,0.4,10,"DFL-MDD (LB=252, n1=0.4)",0.04378541157746496,0.3139575752385707,0.02882411947283239,0.3472548730966735,0.3746338185306023,0.12609012848227583,0.6591824018850652,0.8006265114397032
0.5,252,0.4,20,"DFL-MDD (LB=252, n1=0.4)",0.03389088076990876,0.26640600500935224,0.028862909562120283,0.3476708791174188,0.37507369643624855,0.0974797798601787,0.6591824018850652,0.8006265114397032
0.5,252,0.4,40,"DFL-MDD (LB=252, n1=0.4)",0.014342810103394443,0.17121196532384783,0.028967030699384753,0.3485028911588289,0.3759534522475412,0.041155498169862276,0.6591824018850652,0.8006265114397032
0.5,504,0.1,0,"DFL-MDD (LB=504, n1=0.1)",0.08200214876958634,0.5066146850203455,0.0281440629155148,0.3907446194921864,0.422771071819618,0.20986123585059366,0.24127503355011518,0.8097650685903074
0.5,504,0.1,5,"DFL-MDD (LB=504, n1=0.1)",0.07681237608035052,0.48159230465001,0.028166939716994084,0.3909739390136972,0.42299881988119814,0.19646418442742572,0.24127503355011518,0.8097650685903074
0.5,504,0.1,10,"DFL-MDD (LB=504, n1=0.1)",0.07164515848851583,0.4565451255603502,0.02819022443395666,0.3912032585352043,0.42322656794277813,0.18314049514430217,0.24127503355011518,0.8097650685903074
0.5,504,0.1,20,"DFL-MDD (LB=504, n1=0.1)",0.06137803655010843,0.40639340278708996,0.028236793867879518,0.39166189757820735,0.42368206406593845,0.15671178869826427,0.24127503355011518,0.8097650685903074
0.5,504,0.1,40,"DFL-MDD (LB=504, n1=0.1)",0.04111059840664577,0.3059799520501322,0.028362723354129128,0.392579175664167,0.42459305631225863,0.10471925396099467,0.24127503355011518,0.8097650685903074
0.5,504,0.2,0,"DFL-MDD (LB=504, n1=0.2)",0.06190591130357337,0.4161000155800247,0.027469104633315658,0.3280325546356155,0.36189667491340294,0.18871880369760158,0.3892720668829329,0.8418127776356471
0.5,504,0.2,5,"DFL-MDD (LB=504, n1=0.2)",0.056611201532810185,0.38919997824007185,0.027486002422345234,0.32910304066782525,0.3633867972498248,0.17201664682505352,0.3892720668829329,0.8418127776356471
0.5,504,0.2,10,"DFL-MDD (LB=504, n1=0.2)",0.0513400040150902,0.36227140911107186,0.027502900211373825,0.3301726481044023,0.3648769195862466,0.15549441873606315,0.3892720668829329,0.8418127776356471
0.5,504,0.2,20,"DFL-MDD (LB=504, n1=0.2)",0.04086777755261606,0.30835348303576426,0.02753669578942795,0.33230922816172725,0.36785716425909043,0.1229811695762735,0.3892720668829329,0.8418127776356471
0.5,504,0.2,40,"DFL-MDD (LB=504, n1=0.2)",0.020201439189348802,0.2004483849392089,0.02763242835969703,0.3621919836285247,0.387142408319528,0.055775500554673986,0.3892720668829329,0.8418127776356471
0.5,504,0.3,0,"DFL-MDD (LB=504, n1=0.3)",0.11852160132693368,0.6939393423505771,0.026781003234616806,0.3253807641231132,0.3543500080678814,0.36425509544154727,0.5062806129556029,0.8838446791910172
0.5,504,0.3,5,"DFL-MDD (LB=504, n1=0.3)",0.11266675288694539,0.6657577657544743,0.026797233081084636,0.3257789886122738,0.35470011101457943,0.3458379968956563,0.5062806129556029,0.8838446791910172
0.5,504,0.3,10,"DFL-MDD (LB=504, n1=0.3)",0.10683912131604223,0.6375260722535786,0.026815845136516542,0.32617721310143094,0.35505021396127734,0.32754931059535314,0.5062806129556029,0.8838446791910172
0.5,504,0.3,20,"DFL-MDD (LB=504, n1=0.3)",0.09526506356978626,0.5809415518321911,0.02686566516504365,0.3269736620797356,0.35575041985467315,0.2913539363834741,0.5062806129556029,0.8838446791910172
0.5,504,0.3,40,"DFL-MDD (LB=504, n1=0.3)",0.07243867535658155,0.4674933055284221,0.027052450057119714,0.3315316210365374,0.361390903601318,0.21849703237432225,0.5062806129556029,0.8838446791910172
0.5,504,0.4,0,"DFL-MDD (LB=504, n1=0.4)",0.11468079373531626,0.6430024371211467,0.02771728046309812,0.3400088483137812,0.3662412970276916,0.33728767433650125,0.5146132933843822,0.9301001424586256
0.5,504,0.4,5,"DFL-MDD (LB=504, n1=0.4)",0.10854142741725226,0.6153014027273925,0.027728302719477932,0.34017920660675116,0.366395919370585,0.3190713167569338,0.5146132933843822,0.9301001424586256
0.5,504,0.4,10,"DFL-MDD (LB=504, n1=0.4)",0.10243206656310977,0.5875589639354558,0.027739324975856867,0.3403495648997163,0.3665505417134787,0.3009613559024092,0.5146132933843822,0.9301001424586256
0.5,504,0.4,20,"DFL-MDD (LB=504, n1=0.4)",0.09030284637975661,0.5319777812111444,0.027762115669018178,0.34069028148563085,0.36685978639926564,0.26505847469282573,0.5146132933843822,0.9301001424586256
0.5,504,0.4,40,"DFL-MDD (LB=504, n1=0.4)",0.06639883484439024,0.4206258959786097,0.02787119416259572,0.34137171465739513,0.3674782757708399,0.19450596512244236,0.5146132933843822,0.9301001424586256
0.5,1260,0.1,0,"DFL-MDD (LB=1260, n1=0.1)",0.07701992223863141,0.5010225151087156,0.025720763558057042,0.3216040384450765,0.3454896845299784,0.23948680056092075,0.30766593483307575,0.7429182059113508
0.5,1260,0.1,5,"DFL-MDD (LB=1260, n1=0.1)",0.07227967139113889,0.4766144792189071,0.02574263140009278,0.3218987677971749,0.34579053936341475,0.22454162177541295,0.30766593483307575,0.7429182059113508
0.5,1260,0.1,10,"DFL-MDD (LB=1260, n1=0.1)",0.06755838045449258,0.45218251805404314,0.025764499242128015,0.3221934971492711,0.3460913941968514,0.209682631807509,0.30766593483307575,0.7429182059113508
0.5,1260,0.1,20,"DFL-MDD (LB=1260, n1=0.1)",0.058172405262126414,0.40326214585947684,0.025808234926196782,0.32278295585345534,0.3466931038637242,0.1802214280190022,0.30766593483307575,0.7429182059113508
0.5,1260,0.1,40,"DFL-MDD (LB=1260, n1=0.1)",0.03962498249237001,0.3053031515119497,0.02589570629432723,0.32396187326179315,0.34789652319747033,0.12231372192405414,0.30766593483307575,0.7429182059113508
0.5,1260,0.2,0,"DFL-MDD (LB=1260, n1=0.2)",0.08792920561885498,0.5650492735493615,0.026103607365666654,0.35402488749073485,0.3831160987462745,0.248370125098392,0.4300283454836757,0.7760460157314968
0.5,1260,0.2,5,"DFL-MDD (LB=1260, n1=0.2)",0.08292762771460982,0.539069489541028,0.026121834821191313,0.3591465208586244,0.38574648522539184,0.23090193799806713,0.4300283454836757,0.7760460157314968
0.5,1260,0.2,10,"DFL-MDD (LB=1260, n1=0.2)",0.07794646168209507,0.5130428039587194,0.026144227071177376,0.3642297017416166,0.3883768717045098,0.21400358424363117,0.4300283454836757,0.7760460157314968
0.5,1260,0.2,20,"DFL-MDD (LB=1260, n1=0.2)",0.06804507214949873,0.46087172974070156,0.026190227748125357,0.37428179709489134,0.39578106194701895,0.1818017137340696,0.4300283454836757,0.7760460157314968
0.5,1260,0.2,40,"DFL-MDD (LB=1260, n1=0.2)",0.048484024444256146,0.35622107504159556,0.02630304088453963,0.3939364572991219,0.42728883209025076,0.1230757487244546,0.4300283454836757,0.7760460157314968
0.5,1260,0.3,0,"DFL-MDD (LB=1260, n1=0.3)",0.0706101012674829,0.46401873336381133,0.026401620764541292,0.3013752229636521,0.32501810270934284,0.23429298715963012,0.45903076532761866,0.8295259140937453
0.5,1260,0.3,5,"DFL-MDD (LB=1260, n1=0.3)",0.0653497460713417,0.4371433838090123,0.026422142685773062,0.3061739746757231,0.325291143841024,0.21343991147259114,0.45903076532761866,0.8295259140937453
0.5,1260,0.3,10,"DFL-MDD (LB=1260, n1=0.3)",0.060112432399985094,0.41023508068014336,0.026443413584601682,0.31365888232132205,0.3255641849727051,0.19164906772587142,0.45903076532761866,0.8295259140937453
0.5,1260,0.3,20,"DFL-MDD (LB=1260, n1=0.3)",0.04970657300411552,0.3563441511396397,0.026488597656358217,0.32839939361218057,0.3410354617842736,0.15136012415321295,0.45903076532761866,0.8295259140937453
0.5,1260,0.3,40,"DFL-MDD (LB=1260, n1=0.3)",0.02916744648774805,0.2484372295438594,0.026602915495700017,0.35698381928139233,0.3839426021296528,0.08170523397472618,0.45903076532761866,0.8295259140937453
0.5,1260,0.4,0,"DFL-MDD (LB=1260, n1=0.4)",0.10621752723007316,0.6368859647496444,0.026289787400997907,0.30256000552979306,0.3385073591828993,0.3510626826205146,0.5163280554084415,1.0111671507039597
0.5,1260,0.4,5,"DFL-MDD (LB=1260, n1=0.4)",0.09959516858059225,0.604442791460373,0.02629699089057027,0.3070800008424489,0.3448513934575985,0.32432971302243085,0.5163280554084415,1.0111671507039597
0.5,1260,0.4,10,"DFL-MDD (LB=1260, n1=0.4)",0.0930080361340333,0.5719441519206976,0.02630419438014166,0.3115735963235191,0.3511954277322967,0.2985106478907421,0.5163280554084415,1.0111671507039597
0.5,1260,0.4,20,"DFL-MDD (LB=1260, n1=0.4)",0.07993879178567465,0.5068248801661839,0.026334458261461722,0.32048213847647317,0.36388349628169425,0.24943290799527576,0.5163280554084415,1.0111671507039597
0.5,1260,0.4,40,"DFL-MDD (LB=1260, n1=0.4)",0.0542158160818873,0.3764095176575438,0.026457755341857556,0.33798844681764617,0.38925963338048797,0.16040730556419716,0.5163280554084415,1.0111671507039597
0.7,252,0.1,0,"DFL-MDD (LB=252, n1=0.1)",0.07663234890399573,0.4872032686266073,0.026830580212072058,0.3819418251216718,0.40497109613990934,0.20063879848592064,0.2601992953102539,0.8749008126730021
0.7,252,0.1,5,"DFL-MDD (LB=252, n1=0.1)",0.07105382574223951,0.45956310432957226,0.02685215527171816,0.3900543730927071,0.4182075093646261,0.18216389976772607,0.2601992953102539,0.8749008126730021
0.7,252,0.1,10,"DFL-MDD (LB=252, n1=0.1)",0.06550129380305214,0.4318894465929526,0.02687373033136335,0.39806503196327614,0.43144392258934255,0.16454922820912363,0.2601992953102539,0.8749008126730021
0.7,252,0.1,20,"DFL-MDD (LB=252, n1=0.1)",0.054473772178394775,0.3764663793159672,0.026916880450650903,0.41378555842213643,0.4579167490387746,0.13164734983248713,0.2601992953102539,0.8749008126730021
0.7,252,0.1,40,"DFL-MDD (LB=252, n1=0.1)",0.03272590011979748,0.26549079337334114,0.027015692473230227,0.4440568034689513,0.5108624019376411,0.07369755368406586,0.2601992953102539,0.8749008126730021
0.7,252,0.2,0,"DFL-MDD (LB=252, n1=0.2)",0.10494464941040293,0.5564099651097754,0.032870200390854296,0.4447848206537245,0.505169990743918,0.23594476365575062,0.3672485168369262,0.9631635726737856
0.7,252,0.2,5,"DFL-MDD (LB=252, n1=0.2)",0.09864334454059986,0.530956741830201,0.03288822065464129,0.4457796876582815,0.5067682754035747,0.2212827260852854,0.3672485168369262,0.9631635726737856
0.7,252,0.2,10,"DFL-MDD (LB=252, n1=0.2)",0.09237437940316351,0.5054715624336696,0.032907559707955523,0.44677350586355585,0.5083665600632316,0.20675885693790144,0.3672485168369262,0.9631635726737856
0.7,252,0.2,20,"DFL-MDD (LB=252, n1=0.2)",0.07993287657454262,0.4544245031713802,0.03295494095988837,0.4487579979036954,0.5115631293825452,0.17812022722742513,0.3672485168369262,0.9631635726737856
0.7,252,0.2,40,"DFL-MDD (LB=252, n1=0.2)",0.05543147185352448,0.3521582209694858,0.03307692322912301,0.4527144186944176,0.5179562680211722,0.12244247046767137,0.3672485168369262,0.9631635726737856
0.7,252,0.3,0,"DFL-MDD (LB=252, n1=0.3)",0.02079545759076762,0.2038010414579967,0.03225924595993791,0.5307299645285817,0.6329734014173111,0.039182746362023874,0.5003573201096227,0.7343627818199204
0.7,252,0.3,5,"DFL-MDD (LB=252, n1=0.3)",0.016353976936065218,0.18383538635454255,0.03227671333305589,0.5358731775584039,0.6437839417499279,0.030518371916890705,0.5003573201096227,0.7343627818199204
0.7,252,0.3,10,"DFL-MDD (LB=252, n1=0.3)",0.011929409917547318,0.16386373514029617,0.03229418070617274,0.5409628948826055,0.6545944820825438,0.022052177752285403,0.5003573201096227,0.7343627818199204
0.7,252,0.3,20,"DFL-MDD (LB=252, n1=0.3)",0.003130793174484836,0.1239140076233403,0.032329115452402905,0.5509839465350338,0.6762155627477778,0.005682185830649331,0.5003573201096227,0.7343627818199204
0.7,252,0.3,40,"DFL-MDD (LB=252, n1=0.3)",-0.014265927548467783,0.04406963720846059,0.032440960858650274,0.5704069737972449,0.7194577240782445,-0.025010086133760517,0.5003573201096227,0.7343627818199204
0.7,252,0.4,0,"DFL-MDD (LB=252, n1=0.4)",0.14418217078358664,0.8106711673554609,0.026957640189033787,0.2908392708181879,0.3177214751554901,0.4957451939980437,0.6081616174372444,0.8685901444185947
0.7,252,0.4,5,"DFL-MDD (LB=252, n1=0.4)",0.13829587785564845,0.7834026964001569,0.02697268109808223,0.291006152760132,0.31788434120566866,0.47523351824838705,0.6081616174372444,0.8685901444185947
0.7,252,0.4,10,"DFL-MDD (LB=252, n1=0.4)",0.13243596399289914,0.7560479773462159,0.026987722007129927,0.29117303470207107,0.3180472072558471,0.45483595032391766,0.6081616174372444,0.8685901444185947
0.7,252,0.4,20,"DFL-MDD (LB=252, n1=0.4)",0.12079486655913496,0.701110650787563,0.027017803825222963,0.2915067985859343,0.3183729393562039,0.4143809581926005,0.6081616174372444,0.8685901444185947
0.7,252,0.4,40,"DFL-MDD (LB=252, n1=0.4)",0.0978247631824154,0.5905438936445778,0.02708823736961798,0.29314812409837787,0.31902440355691786,0.333704209944785,0.6081616174372444,0.8685901444185947
0.7,504,0.1,0,"DFL-MDD (LB=504, n1=0.1)",0.08895704229196055,0.5485111636038809,0.026998852902064784,0.33590821324427467,0.3561723864532517,0.26482544563680516,0.2345646379988352,0.777284539801114
0.7,504,0.1,5,"DFL-MDD (LB=504, n1=0.1)",0.08394287277197288,0.5238987188637426,0.0270100135947555,0.3436469989583364,0.3565102505567944,0.24427064109971466,0.2345646379988352,0.777284539801114
0.7,504,0.1,10,"DFL-MDD (LB=504, n1=0.1)",0.07894941231967834,0.4992558865940158,0.02702235759595876,0.35129925799678696,0.3611298552718578,0.22473549402693832,0.2345646379988352,0.777284539801114
0.7,504,0.1,20,"DFL-MDD (LB=504, n1=0.1)",0.06902431510985596,0.44989693158160565,0.027056173195229336,0.3663478936411666,0.3841890515755878,0.18841193381781324,0.2345646379988352,0.777284539801114
0.7,504,0.1,40,"DFL-MDD (LB=504, n1=0.1)",0.0494193045411877,0.3510113975018854,0.027128972652011734,0.3954469919296162,0.4303074441830489,0.12497074332907442,0.2345646379988352,0.777284539801114
0.7,504,0.2,0,"DFL-MDD (LB=504, n1=0.2)",0.13149359328703114,0.7192050634513079,0.02799752126263083,0.3349757381394302,0.3600784840040928,0.3925466183853698,0.41270343470513365,0.9649082456417647
0.7,504,0.2,5,"DFL-MDD (LB=504, n1=0.2)",0.125029203445292,0.6902974600461842,0.028036298794521117,0.33501856533084035,0.36011424878137754,0.3732008203321569,0.41270343470513365,0.9649082456417647
0.7,504,0.2,10,"DFL-MDD (LB=504, n1=0.2)",0.1185980052426534,0.6613576432311049,0.028078890221963897,0.33506139252224615,0.36015001355866194,0.3539590291632399,0.41270343470513365,0.9649082456417647
0.7,504,0.2,20,"DFL-MDD (LB=504, n1=0.2)",0.10583457704859933,0.6034095392811759,0.028164325725506183,0.33514704690504554,0.3602215431132312,0.31578549772215664,0.41270343470513365,0.9649082456417647
0.7,504,0.2,40,"DFL-MDD (LB=504, n1=0.2)",0.0806993807241676,0.48743605101410986,0.028360863833238364,0.3353183556705921,0.36036460222236955,0.24066496609979218,0.41270343470513365,0.9649082456417647
0.7,504,0.3,0,"DFL-MDD (LB=504, n1=0.3)",0.07007171554139946,0.448600923092516,0.028388178454090026,0.3068437832886729,0.3162234634474893,0.22836283260345872,0.4849421680661065,0.7599608793408329
0.7,504,0.3,5,"DFL-MDD (LB=504, n1=0.3)",0.06525395256628697,0.42515960380735834,0.028410492409795547,0.31257715457888696,0.31697508904292937,0.20876110614457052,0.4849421680661065,0.7599608793408329
0.7,504,0.3,10,"DFL-MDD (LB=504, n1=0.3)",0.06045535631427268,0.401686221633808,0.028432806365500413,0.3182659385155495,0.31815444502061846,0.1899523291033036,0.4849421680661065,0.7599608793408329
0.7,504,0.3,20,"DFL-MDD (LB=504, n1=0.3)",0.05091539689029956,0.35466082339430993,0.02847743427690822,0.329511045242178,0.3344829871137905,0.1545180278780242,0.4849421680661065,0.7599608793408329
0.7,504,0.3,40,"DFL-MDD (LB=504, n1=0.3)",0.03206255201399788,0.2604190960562845,0.028584873478596645,0.3514803961764737,0.36714007130013376,0.09122145176135954,0.4849421680661065,0.7599608793408329
0.7,504,0.4,0,"DFL-MDD (LB=504, n1=0.4)",0.04374331951866206,0.30085823309900156,0.032740708242603694,0.4752257348439032,0.5260799478709312,0.09204745514008333,0.5747932847488304,0.8049838439966477
0.7,504,0.4,5,"DFL-MDD (LB=504, n1=0.4)",0.03876610780925316,0.2800456612815889,0.032774944017318314,0.4753879181240368,0.5262235137072844,0.08154626216433164,0.5747932847488304,0.8049838439966477
0.7,504,0.4,10,"DFL-MDD (LB=504, n1=0.4)",0.03380952258918479,0.25922656288924667,0.03280917979203175,0.475550101404162,0.5263670795436374,0.07109560587253684,0.5747932847488304,0.8049838439966477
0.7,504,0.4,20,"DFL-MDD (LB=504, n1=0.4)",0.02395793804395807,0.21758253259236782,0.03287765134145497,0.4817066836874583,0.5269388604926895,0.04973553170486824,0.5747932847488304,0.8049838439966477
0.7,504,0.4,40,"DFL-MDD (LB=504, n1=0.4)",0.004499069905171016,0.13436698147755938,0.03302922314123433,0.5004582497486169,0.5510400796957904,0.008989900569192206,0.5747932847488304,0.8049838439966477
0.7,1260,0.1,0,"DFL-MDD (LB=1260, n1=0.1)",0.09793921425475438,0.6194224711234605,0.02607533691416632,0.29385736671256135,0.31780778936034493,0.33328827286887613,0.24295929698817648,0.8271960263178912
0.7,1260,0.1,5,"DFL-MDD (LB=1260, n1=0.1)",0.09255980657929141,0.5915131344578708,0.02609091525802553,0.29492846096612174,0.31922819675712133,0.3138381634810751,0.24295929698817648,0.8271960263178912
0.7,1260,0.1,10,"DFL-MDD (LB=1260, n1=0.1)",0.08720411085486202,0.5635572993217858,0.026107485508327293,0.2959986319434619,0.3206486041538983,0.294609844149745,0.24295929698817648,0.8271960263178912
0.7,1260,0.1,20,"DFL-MDD (LB=1260, n1=0.1)",0.07656348254077261,0.5075315193725405,0.026140626008928913,0.2981362055243464,0.3234894189474513,0.2568070603180719,0.24295929698817648,0.8271960263178912
0.7,1260,0.1,40,"DFL-MDD (LB=1260, n1=0.1)",0.05556268750447968,0.3952022518455119,0.026209006871767606,0.3024002893749928,0.3291710485345577,0.18373887009481343,0.24295929698817648,0.8271960263178912
0.7,1260,0.2,0,"DFL-MDD (LB=1260, n1=0.2)",0.027624680637074572,0.23624315975706933,0.02996881692256308,0.40412684891122436,0.4224612108179954,0.06835645962316975,0.3644307997025757,0.9278203025334214
0.7,1260,0.2,5,"DFL-MDD (LB=1260, n1=0.2)",0.02197881827574255,0.2090605820304609,0.02998281048992369,0.4104667697874709,0.42592790848978185,0.05354591379411304,0.3644307997025757,0.9278203025334214
0.7,1260,0.2,10,"DFL-MDD (LB=1260, n1=0.2)",0.0163608444435428,0.18185987041514418,0.02999680405728316,0.41674242402424155,0.43653056514840943,0.03925888869587516,0.3644307997025757,0.9278203025334214
0.7,1260,0.2,20,"DFL-MDD (LB=1260, n1=0.2)",0.005208071684231097,0.1274275867171538,0.030024791191998405,0.4291034068547816,0.4577358784656666,0.012137101686493757,0.3644307997025757,0.9278203025334214
0.7,1260,0.2,40,"DFL-MDD (LB=1260, n1=0.2)",-0.01676818238338762,0.018604422915618427,0.0300918639212957,0.45308107426361627,0.5001465051001797,-0.03700923153089034,0.3644307997025757,0.9278203025334214
0.7,1260,0.3,0,"DFL-MDD (LB=1260, n1=0.3)",0.06910061644016174,0.4547394114602511,0.02703637676019307,0.3577740096004709,0.3825150161722902,0.19314040306620628,0.4371422192730508,0.8353340797963021
0.7,1260,0.3,5,"DFL-MDD (LB=1260, n1=0.3)",0.06381092542344091,0.4278860122079694,0.027059661906938624,0.3580872108097063,0.3828416315798632,0.17819939802187237,0.4371422192730508,0.8353340797963021
0.7,1260,0.3,10,"DFL-MDD (LB=1260, n1=0.3)",0.058544459393124804,0.4009958499276086,0.027082947053683342,0.35840041201893785,0.38316824698743635,0.16334930824157753,0.4371422192730508,0.8353340797963021
0.7,1260,0.3,20,"DFL-MDD (LB=1260, n1=0.3)",0.04808084371617061,0.34713069990697915,0.027129517347170163,0.35902681443738843,0.38382147780258236,0.13391992399822145,0.4371422192730508,0.8353340797963021
0.7,1260,0.3,40,"DFL-MDD (LB=1260, n1=0.3)",0.027428384709471176,0.23924007924967192,0.0272572769357457,0.3626960701432723,0.3893152142555406,0.07562360598799443,0.4371422192730508,0.8353340797963021
0.7,1260,0.4,0,"DFL-MDD (LB=1260, n1=0.4)",0.07655428701330713,0.47402290121835106,0.027663814544622283,0.3197914158406611,0.3453334446219528,0.23938818616542276,0.573799141633494,0.8842913893251511
0.7,1260,0.4,5,"DFL-MDD (LB=1260, n1=0.4)",0.07091628407157069,0.447224565570562,0.027700875198008425,0.3198064107107881,0.34534777644807624,0.22174753749238618,0.573799141633494,0.8842913893251511
0.7,1260,0.4,10,"DFL-MDD (LB=1260, n1=0.4)",0.06530452531174524,0.4204039199916923,0.027743979078133793,0.31982140558091277,0.34536210827419966,0.20419060185389798,0.573799141633494,0.8842913893251511
0.7,1260,0.4,20,"DFL-MDD (LB=1260, n1=0.4)",0.05415931091536752,0.366720518944244,0.027830186838381545,0.3198513953211555,0.3453907719264464,0.1693264800175555,0.573799141633494,0.8842913893251511
0.7,1260,0.4,40,"DFL-MDD (LB=1260, n1=0.4)",0.03217910997949547,0.25935861475484895,0.028017696431017997,0.31991137480161336,0.34544809923094,0.10058757676056983,0.573799141633494,0.8842913893251511
1.0,252,0.1,0,"DFL-MDD (LB=252, n1=0.1)",0.09610687394160844,0.5442517864735723,0.030268708095273395,0.40191871347845104,0.4372778530139344,0.23912017702765961,0.2405833993794215,0.8381883331079979
1.0,252,0.1,5,"DFL-MDD (LB=252, n1=0.1)",0.09066521992410093,0.5204566583864485,0.03028556244810753,0.40722153524026694,0.4385941584281111,0.22264348040518708,0.2405833993794215,0.8381883331079979
1.0,252,0.1,10,"DFL-MDD (LB=252, n1=0.1)",0.08524783493168053,0.496625181292246,0.030303150540125456,0.4124801626918627,0.44068195261469123,0.20667135688340132,0.2405833993794215,0.8381883331079979
1.0,252,0.1,20,"DFL-MDD (LB=252, n1=0.1)",0.07448548699679547,0.4488691334514611,0.030338326724158433,0.4228662131883062,0.45823955643337044,0.17614433278454422,0.2405833993794215,0.8381883331079979
1.0,252,0.1,40,"DFL-MDD (LB=252, n1=0.1)",0.053247802931239985,0.3530971898995978,0.030417585578484004,0.4431230060313975,0.49335476407073087,0.1201648350333014,0.2405833993794215,0.8381883331079979
1.0,252,0.2,0,"DFL-MDD (LB=252, n1=0.2)",0.0923452724045335,0.52573674382637,0.031797866691259766,0.3485922920622202,0.3862775294406272,0.26490910579732463,0.3717863120557719,0.9017911330139377
1.0,252,0.2,5,"DFL-MDD (LB=252, n1=0.2)",0.08651164774888453,0.5002820319033605,0.03181146833861529,0.3496836702247021,0.38780973767746574,0.24739973607733332,0.3717863120557719,0.9017911330139377
1.0,252,0.2,10,"DFL-MDD (LB=252, n1=0.2)",0.08070575025896165,0.47479470579238403,0.03182525893517907,0.35077401918429185,0.38934194591430427,0.2300790418390481,0.3717863120557719,0.9017911330139377
1.0,252,0.2,20,"DFL-MDD (LB=252, n1=0.2)",0.06917667273264816,0.42374339254396415,0.031864425103568926,0.35295163127893675,0.3924063623879813,0.19599476693841525,0.3717863120557719,0.9017911330139377
1.0,252,0.2,40,"DFL-MDD (LB=252, n1=0.2)",0.04644616280885194,0.32148284430358237,0.03196459982942424,0.36145718402283883,0.4112665464621187,0.12849699729046615,0.3717863120557719,0.9017911330139377
1.0,252,0.3,0,"DFL-MDD (LB=252, n1=0.3)",0.14576763990043085,0.6987205791493921,0.032327542656734154,0.4107320459329712,0.44393673214446155,0.35489716789405196,0.4301377133599108,0.9546316795866443
1.0,252,0.3,5,"DFL-MDD (LB=252, n1=0.3)",0.13929108694250503,0.674446859285445,0.03235590743138616,0.4108435632132562,0.44404047077768194,0.33903679984466406,0.4301377133599108,0.9546316795866443
1.0,252,0.3,10,"DFL-MDD (LB=252, n1=0.3)",0.13284713199792364,0.6501345743959085,0.03238427220603727,0.41095508049353746,0.44414420941090216,0.3232643621440429,0.4301377133599108,0.9546316795866443
1.0,252,0.3,20,"DFL-MDD (LB=252, n1=0.3)",0.12005643734783633,0.6014126141717624,0.03244205613094459,0.4111781150540885,0.4443516866773427,0.2919815839489544,0.4301377133599108,0.9546316795866443
1.0,252,0.3,40,"DFL-MDD (LB=252, n1=0.3)",0.09485988877458684,0.503707883723873,0.03259525703051492,0.411624184175143,0.44476664121022347,0.23045266142860887,0.4301377133599108,0.9546316795866443
1.0,252,0.4,0,"DFL-MDD (LB=252, n1=0.4)",0.07321811628175157,0.43048284990956687,0.03163541938921535,0.340045039888386,0.3746999998577818,0.2153188774176864,0.6411563050974128,0.8549804675087016
1.0,252,0.4,5,"DFL-MDD (LB=252, n1=0.4)",0.06778314056439827,0.4075145640182524,0.031653035414819106,0.3407049948488411,0.37558119985853267,0.19894965312902535,0.6411563050974128,0.8549804675087016
1.0,252,0.4,10,"DFL-MDD (LB=252, n1=0.4)",0.06237198225021201,0.38451342107650294,0.031670651440421846,0.3413649498092898,0.37646239985928354,0.18271349260310993,0.6411563050974128,0.8549804675087016
1.0,252,0.4,20,"DFL-MDD (LB=252, n1=0.4)",0.051620761688952355,0.3384317543034412,0.031717403984540406,0.3426848597301686,0.3782247998607854,0.15063624846027665,0.6411563050974128,0.8549804675087016
1.0,252,0.4,40,"DFL-MDD (LB=252, n1=0.4)",0.03040022748434268,0.2460859770604583,0.03183504058509633,0.3453246795718498,0.38174959986378965,0.0880337527952852,0.6411563050974128,0.8549804675087016
1.0,504,0.1,0,"DFL-MDD (LB=504, n1=0.1)",0.11325201563349707,0.6158121383582955,0.030447721809820284,0.43704518719856555,0.5044285495494223,0.2591311354634125,0.2229438249562579,0.9097280921370572
1.0,504,0.1,5,"DFL-MDD (LB=504, n1=0.1)",0.10725464935835038,0.5901441553123676,0.030461527358264295,0.43935192781630095,0.508260328262137,0.2441201290888224,0.2229438249562579,0.9097280921370572
1.0,504,0.1,10,"DFL-MDD (LB=504, n1=0.1)",0.10128625900071042,0.5644340307010752,0.030475332906707217,0.44165039843356446,0.5120921069748509,0.22933582611272768,0.2229438249562579,0.9097280921370572
1.0,504,0.1,20,"DFL-MDD (LB=504, n1=0.1)",0.0894359096748043,0.5129077346395593,0.03050294400358961,0.44622263194600603,0.5197556644002794,0.2004288963666535,0.2229438249562579,0.9097280921370572
1.0,504,0.1,40,"DFL-MDD (LB=504, n1=0.1)",0.06607748805268532,0.4095745412362476,0.03057096844426335,0.4730798704791603,0.5553893067518602,0.1396751207608792,0.2229438249562579,0.9097280921370572
1.0,504,0.2,0,"DFL-MDD (LB=504, n1=0.2)",0.11288694327996018,0.5800999987297331,0.033793569743941085,0.40281394509153656,0.44981494854856424,0.2802458669256916,0.3532812199690451,0.9737045798561355
1.0,504,0.2,5,"DFL-MDD (LB=504, n1=0.2)",0.10647107498124031,0.554911211270572,0.03381102029077001,0.40361680160669117,0.45105788407539993,0.26379247477069345,0.3532812199690451,0.9737045798561355
1.0,504,0.2,10,"DFL-MDD (LB=504, n1=0.2)",0.10008850945799375,0.5296905688285307,0.03383022971678018,0.4044191014274542,0.45230081960223545,0.2474870971226842,0.3532812199690451,0.9737045798561355
1.0,504,0.2,20,"DFL-MDD (LB=504, n1=0.2)",0.08742267051886654,0.4791722190610788,0.033868648568796546,0.4060220316013395,0.4547866906559065,0.21531509054457582,0.3532812199690451,0.9737045798561355
1.0,504,0.2,40,"DFL-MDD (LB=504, n1=0.2)",0.062483882680092195,0.3779572034329213,0.0339686434377563,0.40922121838728326,0.4597584327632488,0.15268974299785462,0.3532812199690451,0.9737045798561355
1.0,504,0.3,0,"DFL-MDD (LB=504, n1=0.3)",0.07858237290060055,0.44814444865549996,0.033647942225347824,0.3792508930642674,0.43692236953018854,0.20720418677185198,0.44930780626770217,1.0192519985666253
1.0,504,0.3,5,"DFL-MDD (LB=504, n1=0.3)",0.07207409577890123,0.42135185698011984,0.03367349800080586,0.3816935119372776,0.44068388148954085,0.1888271440460382,0.44930780626770217,1.0192519985666253
1.0,504,0.3,10,"DFL-MDD (LB=504, n1=0.3)",0.06560097652762753,0.39453168460588967,0.033699053776262346,0.38452804950383684,0.44509528846588375,0.17060127757965504,0.44930780626770217,1.0192519985666253
1.0,504,0.3,20,"DFL-MDD (LB=504, n1=0.3)",0.0527595391280824,0.34083204295291064,0.03375016532717049,0.39016277694666995,0.4539181024185699,0.1352244299864912,0.44930780626770217,1.0192519985666253
1.0,504,0.3,40,"DFL-MDD (LB=504, n1=0.3)",0.027491200526405857,0.2333598705757191,0.03385238842896587,0.40129596469742185,0.4715637303239417,0.0685060477502775,0.44930780626770217,1.0192519985666253
1.0,504,0.4,0,"DFL-MDD (LB=504, n1=0.4)",0.11614414076495616,0.5655964973366769,0.035489215932644716,0.372673019195089,0.4109500832970467,0.3116515946999404,0.5669309757597163,0.9444331905121387
1.0,504,0.4,5,"DFL-MDD (LB=504, n1=0.4)",0.1099021755143259,0.5430162888436143,0.03552996270692254,0.37364495869413317,0.4123348409861184,0.29413530927598736,0.5669309757597163,0.9444331905121387
1.0,504,0.4,10,"DFL-MDD (LB=504, n1=0.4)",0.10369110412048799,0.5204130959995653,0.035570709481199274,0.3746161601694836,0.4137496345699172,0.27679292864967925,0.5669309757597163,0.9444331905121387
1.0,504,0.4,20,"DFL-MDD (LB=504, n1=0.4)",0.0913611076848635,0.4751531624358989,0.03565220302974937,0.3765563496275628,0.41657922173751416,0.2426226718815469,0.5669309757597163,0.9444331905121387
1.0,504,0.4,40,"DFL-MDD (LB=504, n1=0.4)",0.0670659817295085,0.3845270089978547,0.035823523349363444,0.38042787862246763,0.4222383960727081,0.1762909226177794,0.5669309757597163,0.9444331905121387
1.0,1260,0.1,0,"DFL-MDD (LB=1260, n1=0.1)",0.09358488773709506,0.5374957231879502,0.03050335583425448,0.3636046590066399,0.4004956179612502,0.25738088166149703,0.17306296601726756,0.9699262537751915
1.0,1260,0.1,5,"DFL-MDD (LB=1260, n1=0.1)",0.08730477191357644,0.5095566600517345,0.03051323951380748,0.36470877307921257,0.40199963363309843,0.23938215456823175,0.17306296601726756,0.9699262537751915
1.0,1260,0.1,10,"DFL-MDD (LB=1260, n1=0.1)",0.08105727517016903,0.48157716934447403,0.030527673687069087,0.36581163595238725,0.40350364930494675,0.22158200336350414,0.17306296601726756,0.9699262537751915
1.0,1260,0.1,20,"DFL-MDD (LB=1260, n1=0.1)",0.06865953240368095,0.42552112131546144,0.030566272838680464,0.3680136108852623,0.4065116806486436,0.186567915843826,0.17306296601726756,0.9699262537751915
1.0,1260,0.1,40,"DFL-MDD (LB=1260, n1=0.1)",0.044248839009687124,0.31319113935860554,0.0306560385035755,0.38921930881159444,0.4165349956799049,0.1136861352881586,0.17306296601726756,0.9699262537751915
1.0,1260,0.2,0,"DFL-MDD (LB=1260, n1=0.2)",0.07446357766779843,0.39651424074877756,0.037973031260022674,0.5989789485772482,0.6776478455131849,0.12431752039406335,0.29606285537802696,1.0776902371873733
1.0,1260,0.2,5,"DFL-MDD (LB=1260, n1=0.2)",0.06760965977420375,0.37364898193613133,0.03799949323362472,0.5996580996945422,0.6790430385873869,0.11274701333537977,0.29606285537802696,1.0776902371873733
1.0,1260,0.2,10,"DFL-MDD (LB=1260, n1=0.2)",0.06079521495588658,0.3507653846969966,0.038025955207224876,0.6003366109618715,0.6804382316615889,0.10126854473917957,0.29606285537802696,1.0776902371873733
1.0,1260,0.2,20,"DFL-MDD (LB=1260, n1=0.2)",0.047283931999209994,0.3049566414186652,0.03807902457674754,0.6016917149450285,0.6832286178099927,0.07858498100754376,0.29606285537802696,1.0776902371873733
1.0,1260,0.2,40,"DFL-MDD (LB=1260, n1=0.2)",0.020726156681862173,0.21326740117936943,0.03820096100052136,0.6043942556940846,0.6888093901068006,0.03429244484567623,0.29606285537802696,1.0776902371873733
1.0,1260,0.3,0,"DFL-MDD (LB=1260, n1=0.3)",0.11954454797416547,0.6356142035075272,0.030431714858782682,0.37750286262368193,0.41454292359306677,0.3166718978278786,0.437674108663283,0.8756652126765418
1.0,1260,0.3,5,"DFL-MDD (LB=1260, n1=0.3)",0.11373853807267675,0.6112080957411548,0.030448217721156988,0.37882805657523433,0.4164215836237798,0.30023789439171267,0.437674108663283,0.8756652126765418
1.0,1260,0.3,10,"DFL-MDD (LB=1260, n1=0.3)",0.10795943852971424,0.5867727023471977,0.030464720583530468,0.38015144710451676,0.4183002436544929,0.28399060249173114,0.437674108663283,0.8756652126765418
1.0,1260,0.3,20,"DFL-MDD (LB=1260, n1=0.3)",0.0964815291038501,0.5378320110783121,0.03049945508820994,0.3827928226652712,0.42205756371591896,0.25204633777319446,0.437674108663283,0.8756652126765418
1.0,1260,0.3,40,"DFL-MDD (LB=1260, n1=0.3)",0.07384380113990918,0.43979687230306685,0.03060324377931023,0.38805398517853684,0.4295722038387709,0.19029259830151127,0.437674108663283,0.8756652126765418
1.0,1260,0.4,0,"DFL-MDD (LB=1260, n1=0.4)",0.17738982071807774,0.8030321616513346,0.034634710459572754,0.33274928979870416,0.36015880562352265,0.5331035290025079,0.5028179142560858,1.0514363637956994
1.0,1260,0.4,5,"DFL-MDD (LB=1260, n1=0.4)",0.17006157300580482,0.7768343309470592,0.034652762265218656,0.33731163381492696,0.3668054357799493,0.5041675290947596,0.5028179142560858,1.0514363637956994
1.0,1260,0.4,10,"DFL-MDD (LB=1260, n1=0.4)",0.16277406533418692,0.7505886218604232,0.034670814070863636,0.3418459328332064,0.37345206593637337,0.47616206499081415,0.5028179142560858,1.0514363637956994
1.0,1260,0.4,20,"DFL-MDD (LB=1260, n1=0.4)",0.1483204697628051,0.6979759832405356,0.0347069176821507,0.3508310088846705,0.38674532624922564,0.42276898553538617,0.5028179142560858,1.0514363637956994
1.0,1260,0.4,40,"DFL-MDD (LB=1260, n1=0.4)",0.11989340327587805,0.5924235125401115,0.03480489863160289,0.3684713229438366,0.4133318468749284,0.3253805541377625,0.5028179142560858,1.0514363637956994
